landmark_0_x,landmark_0_y,landmark_0_z,landmark_1_x,landmark_1_y,landmark_1_z,landmark_2_x,landmark_2_y,landmark_2_z,landmark_3_x,landmark_3_y,landmark_3_z,landmark_4_x,landmark_4_y,landmark_4_z,landmark_5_x,landmark_5_y,landmark_5_z,landmark_6_x,landmark_6_y,landmark_6_z,landmark_7_x,landmark_7_y,landmark_7_z,landmark_8_x,landmark_8_y,landmark_8_z,landmark_9_x,landmark_9_y,landmark_9_z,landmark_10_x,landmark_10_y,landmark_10_z,landmark_11_x,landmark_11_y,landmark_11_z,landmark_12_x,landmark_12_y,landmark_12_z,landmark_13_x,landmark_13_y,landmark_13_z,landmark_14_x,landmark_14_y,landmark_14_z,landmark_15_x,landmark_15_y,landmark_15_z,landmark_16_x,landmark_16_y,landmark_16_z,landmark_17_x,landmark_17_y,landmark_17_z,landmark_18_x,landmark_18_y,landmark_18_z,landmark_19_x,landmark_19_y,landmark_19_z,landmark_20_x,landmark_20_y,landmark_20_z,label
0.0,0.0,0.0,-0.0761271119117736,-0.0387505292892456,-0.0168677924489983,-0.137315571308136,-0.1149599552154541,-0.0293347483789929,-0.1812474727630615,-0.1752777099609375,-0.0457685536062726,-0.202519953250885,-0.2419341206550598,-0.0601525960779198,-0.0783063769340515,-0.2501817941665649,0.0099109325268855,-0.1236315965652465,-0.3067214488983154,-0.0314823856866368,-0.1552425622940063,-0.2877689599990845,-0.0680065287566193,-0.1679638028144836,-0.2546253800392151,-0.0866512639737138,-0.0379451513290405,-0.2831239104270935,-0.0007227358115287,-0.0669745802879333,-0.3893905282020569,-0.0230811948245772,-0.0920134782791137,-0.4576442837715149,-0.0419394618189343,-0.111409306526184,-0.5148819983005524,-0.0542443303680428,0.0099038481712341,-0.2840623259544372,-0.0199537409758576,-0.0002247095108032,-0.393387496471405,-0.0428176878309258,-0.0174363255500793,-0.4646035432815552,-0.0556472374415406,-0.0362855195999145,-0.5277969241142273,-0.0620727261817464,0.0586482286453247,-0.2563583850860595,-0.0420404693400868,0.0746552944183349,-0.3447358608245849,-0.0581011606669434,0.073404312133789,-0.4068276882171631,-0.0616392066991338,0.063494324684143,-0.4648139178752899,-0.0621053075706967,play
0.0,0.0,0.0,-0.0761727094650268,-0.039114236831665,-0.0167252757270759,-0.1373375654220581,-0.1153785586357116,-0.0290779751409715,-0.1803469061851501,-0.1758643984794616,-0.0453353953231996,-0.202619194984436,-0.2417839765548706,-0.0596258547772592,-0.0780600905418396,-0.2505101561546325,0.0093953841681653,-0.1237438917160034,-0.3068519830703735,-0.0318684783448404,-0.1550407409667968,-0.2879977822303772,-0.0682306793202585,-0.1676254272460937,-0.2549417614936828,-0.0867756736149019,-0.0375648736953735,-0.2831377387046814,-0.0014061828293776,-0.0665427446365356,-0.3897739350795746,-0.0238837600369876,-0.0912188291549682,-0.4582480192184448,-0.0430650879313176,-0.1101626753807067,-0.515940934419632,-0.0556058679391568,0.0104480385780334,-0.2837938070297241,-0.0206838343908017,-0.0004194974899291,-0.392859399318695,-0.0437506531049436,-0.0178279280662536,-0.4639838635921478,-0.057045837925834,-0.0364606976509094,-0.5271615386009216,-0.0637951698769754,0.0596252083778381,-0.2559354305267334,-0.0427527037133401,0.0746700167655944,-0.3447815775871277,-0.0589339677859968,0.0734356641769409,-0.4070451259613037,-0.0626086723674959,0.0639733076095581,-0.4651703238487243,-0.0631997567285722,play
0.0,0.0,0.0,-0.0759188532829284,-0.0391748547554016,-0.017440580467209,-0.1369885802268982,-0.1147333979606628,-0.0303007445134966,-0.1797560453414917,-0.1749352216720581,-0.0469836543150989,-0.2013114094734192,-0.2415810823440551,-0.0615789766260235,-0.0778642296791076,-0.2506070733070373,0.008552284275666,-0.123066246509552,-0.3077957034111023,-0.0331672380515186,-0.1542443633079528,-0.2880271673202514,-0.0697460870095341,-0.166856586933136,-0.2544108629226684,-0.0884323368617145,-0.0373783707618713,-0.2833630442619324,-0.0018476896756141,-0.066518485546112,-0.3891757428646087,-0.0248531966307012,-0.091395616531372,-0.45728600025177,-0.0441804180689899,-0.1106482744216919,-0.515055924654007,-0.0567845987924187,0.01067715883255,-0.2842147946357727,-0.0207733443775026,-0.0004116892814636,-0.3932640850543976,-0.0442492092796413,-0.0179126262664794,-0.464006245136261,-0.0574154841550438,-0.0368719696998596,-0.5269082486629486,-0.0639790545054523,0.0600365400314331,-0.2565976977348327,-0.0425532820471374,0.0753554701805114,-0.3447239398956299,-0.0590004014619438,0.0738828182220459,-0.4065630435943603,-0.0627677093096821,0.063865840435028,-0.4640101194381714,-0.063318709547147,play
0.0,0.0,0.0,-0.075798213481903,-0.0394718050956726,-0.0175152000500631,-0.1373162269592285,-0.114988088607788,-0.0303343821777772,-0.1805341243743896,-0.175212562084198,-0.0469632678194713,-0.2020953893661499,-0.2416328191757202,-0.0615214489861202,-0.0777617692947387,-0.2503615617752075,0.0086273999423909,-0.1232380867004394,-0.3077800869941711,-0.0330552652939033,-0.1547050476074218,-0.2882465124130249,-0.0695875518484783,-0.1675121784210205,-0.2544422149658203,-0.0882506601973247,-0.0374206900596618,-0.2831898331642151,-0.001657122256681,-0.066398024559021,-0.3886564373970032,-0.0247616999312114,-0.0914334654808044,-0.4565801620483398,-0.044200767622776,-0.1106353998184204,-0.5141870379447937,-0.0568848819001388,0.0105356574058532,-0.2844152450561523,-0.0204693329050016,-0.0005826354026794,-0.3933246731758117,-0.0440191671713066,-0.0183685421943664,-0.4641057252883911,-0.0573455214961242,-0.0373793840408325,-0.5270154476165771,-0.0640409298701953,0.0597400665283203,-0.2572478652000427,-0.0421265446110439,0.074997067451477,-0.3451775908470154,-0.0585363105400276,0.0736660957336425,-0.4068934023380279,-0.0623543009622764,0.0639719367027282,-0.4642522633075714,-0.0629768677516651,play
0.0,0.0,0.0,-0.0757558941841125,-0.0391005277633667,-0.0170889967776304,-0.1372991204261779,-0.114618182182312,-0.0296976627505785,-0.1803420782089233,-0.174689769744873,-0.0460773637242084,-0.2016636133193969,-0.2407079339027404,-0.0604700265176063,-0.0776593089103698,-0.2494455575942993,0.0089226266645425,-0.1233323216438293,-0.305745005607605,-0.0322379363424545,-0.1544367671012878,-0.2868120670318603,-0.0683761877662902,-0.1667063236236572,-0.2536079287528991,-0.0868325946576362,-0.0376710295677185,-0.2820096015930176,-0.0016372253376459,-0.0665553212165832,-0.3881269693374634,-0.0242510257012611,-0.0918863415718078,-0.4560768008232116,-0.0435040859229332,-0.1113178730010986,-0.5134670734405518,-0.0561402445382839,0.0098711252212524,-0.2826127409934997,-0.0206805212147003,-0.0011701583862304,-0.3922688961029053,-0.0442838562376266,-0.018926978111267,-0.4639366865158081,-0.0581449424571758,-0.0375892519950866,-0.5278150737285614,-0.0653129709608322,0.0584467649459838,-0.2548180818557739,-0.0424433765656715,0.0737779140472412,-0.3432169556617737,-0.0592873213536506,0.0729646682739257,-0.4056848287582397,-0.0636732471830612,0.0639864802360534,-0.4644835591316223,-0.0648285714633232,play
0.0,0.0,0.0,-0.0767102837562561,-0.039385974407196,-0.017251662367812,-0.1381449699401855,-0.1152030825614929,-0.029635745489827,-0.1812642216682434,-0.1758584380149841,-0.0458342092277916,-0.2021253108978271,-0.2425552606582641,-0.0599342653694066,-0.0778313875198364,-0.2498835325241089,0.0100082285536018,-0.1230603456497192,-0.3068028688430786,-0.0312178278508099,-0.1545429229736328,-0.288564383983612,-0.0676994243802937,-0.1676334738731384,-0.2561961412429809,-0.0863180751147183,-0.0377070307731628,-0.2827066779136657,-0.0002779171153406,-0.0661484599113464,-0.3892067074775696,-0.0224020289423378,-0.0908185839653015,-0.4575071930885315,-0.0412926072420987,-0.1099737882614135,-0.5154940783977509,-0.0536408493461522,0.0101194381713867,-0.2836653590202331,-0.0191901935430678,-0.0011435151100158,-0.3926359713077545,-0.0419175805690201,-0.0183496475219726,-0.4644311070442199,-0.0549390683116826,-0.0367045402526855,-0.5282755792140961,-0.0614818329157742,0.0592375993728637,-0.2565236091613769,-0.0409978659989747,0.0739412903785705,-0.3454033136367798,-0.056945420259467,0.0726643800735473,-0.407551109790802,-0.0604991311373623,0.0632309913635253,-0.4655548334121704,-0.0609687710347088,play
0.0,0.0,0.0,-0.0761357545852661,-0.0391584634780883,-0.0166170878861322,-0.1372994780540466,-0.1149525642395019,-0.0290652646277322,-0.181156575679779,-0.17437744140625,-0.0454989525083675,-0.2020639181137085,-0.2397680878639221,-0.0599983187917843,-0.0779056549072265,-0.249114990234375,0.009423583507143,-0.1236833333969116,-0.3057070970535278,-0.032157335669197,-0.1553983688354492,-0.2872438430786133,-0.0686777199212684,-0.1678919792175293,-0.2541282176971435,-0.0872625673715248,-0.0377880930900573,-0.2821502685546875,-0.001237067283526,-0.0663850903511047,-0.3884080052375793,-0.0233912731114998,-0.0908894538879394,-0.4567995071411133,-0.0421110095981731,-0.109728991985321,-0.5142978429794312,-0.0543639177981987,0.0099568367004394,-0.2833850383758545,-0.0204121696356907,-0.0008801817893981,-0.3926389217376709,-0.0430628175441398,-0.0180879831314086,-0.4640125632286072,-0.0559531340901031,-0.0366089940071105,-0.5273616909980774,-0.0625576044026985,0.0587331652641296,-0.2560275197029114,-0.0424050244096889,0.0747410058975219,-0.3440687656402588,-0.0586411694590225,0.0740973353385925,-0.4061392247676849,-0.0623857940141334,0.0651525855064392,-0.4642244279384613,-0.0630076865259781,play
0.0,0.0,0.0,-0.0762709379196167,-0.0387215614318847,-0.0161506354969205,-0.1381052732467651,-0.1148490309715271,-0.0275580238711299,-0.1810709834098816,-0.1752617359161377,-0.0429563176047267,-0.2031239867210388,-0.2406755685806274,-0.0563011456441344,-0.0793420076370239,-0.2485818862915039,0.010880981742197,-0.1255201697349548,-0.3062534928321838,-0.0292846232813062,-0.1564605832099914,-0.2872850298881531,-0.0646328803312243,-0.1682494878768921,-0.2535358071327209,-0.0824789729129733,-0.0387280583381652,-0.2820242047309875,0.0001948831733571,-0.0672704577445983,-0.3881852626800537,-0.0215180356215896,-0.0920685529708862,-0.4562998116016388,-0.0401276935052337,-0.1110049486160278,-0.5126966536045074,-0.0521647472094954,0.009102463722229,-0.2836585640907287,-0.018963376821226,-0.0019804239273071,-0.392806202173233,-0.0416574057352008,-0.0196293592453002,-0.4647088050842285,-0.0549155946981372,-0.038180649280548,-0.5281167328357697,-0.0615630548607768,0.0580461621284484,-0.2571363449096679,-0.0408333752464713,0.0734077095985412,-0.3452573418617248,-0.0569756057273806,0.0723554491996765,-0.4074199199676513,-0.0608264010559977,0.0632604956626892,-0.4653035998344421,-0.0614449370812835,play
0.0,0.0,0.0,-0.0756978392601013,-0.0384464263916015,-0.0163711180881591,-0.136588454246521,-0.1142399311065673,-0.0284146370337339,-0.1794925928115844,-0.1743459105491638,-0.0445737821952434,-0.2014995217323303,-0.2397938370704651,-0.0588443858520122,-0.0784853100776672,-0.2489084601402282,0.0100209003343252,-0.1235125064849853,-0.3058998584747314,-0.031375093568954,-0.1546639204025268,-0.2866454124450683,-0.0678393525973888,-0.1668896675109863,-0.253095269203186,-0.0864479003445239,-0.038114845752716,-0.282069981098175,-0.0007685126125807,-0.0665425658226013,-0.3876762986183166,-0.0234159642801614,-0.0910813212394714,-0.4558522701263428,-0.0426844043628307,-0.1102157235145568,-0.5132432281970978,-0.0552883168653579,0.0095787644386291,-0.2839330434799194,-0.0200345275894733,-5.012750625610352e-05,-0.3925715088844299,-0.0429273081914516,-0.0166245698928833,-0.4625192284584045,-0.0559774583176704,-0.0352182388305664,-0.524507462978363,-0.0625602958695026,0.0582911372184753,-0.2573695182800293,-0.042105635811481,0.0739274621009826,-0.3449141979217529,-0.0580459145800205,0.0729803442955017,-0.4063619673252105,-0.06157146971384,0.0635597109794616,-0.4633575975894928,-0.0620407892362209,play
0.0,0.0,0.0,-0.0761191248893737,-0.038470983505249,-0.0165612055903636,-0.1383201479911804,-0.1144220232963562,-0.0284434809333049,-0.1814950704574585,-0.1749019622802734,-0.0440801876580678,-0.2037644386291504,-0.2402409315109253,-0.057701339105364,-0.0791531801223754,-0.2476491928100586,0.0082460259103811,-0.1252458691596985,-0.3063156604766845,-0.0323866317963563,-0.1558601260185241,-0.2876879572868347,-0.0677833716368638,-0.1672767400741577,-0.2535150647163391,-0.0856204937195741,-0.0385850667953491,-0.281129777431488,-0.0022612201033496,-0.0668280124664306,-0.3879061341285705,-0.0248868699169122,-0.0917046666145324,-0.4564990401268005,-0.0439695577120744,-0.1110116839408874,-0.5126985311508179,-0.0563031109964811,0.008984088897705,-0.2828713655471802,-0.021025314087268,-0.0019087791442871,-0.3929169178009033,-0.0442366237735711,-0.0197715759277343,-0.4646916389465332,-0.0578367981111966,-0.0388194322586059,-0.5274454951286316,-0.0647005598044359,0.0576542615890502,-0.2563008666038513,-0.0424217852747403,0.0733728408813476,-0.3454984426498413,-0.0589514794743024,0.0726330876350402,-0.4082493782043457,-0.063073956499096,0.0637634396553039,-0.4660819768905639,-0.0638467456197702,play
0.0,0.0,0.0,-0.0752514004707336,-0.038608431816101,-0.0167279592965741,-0.1373712420463562,-0.1141778826713562,-0.0292454394762415,-0.1803587079048156,-0.1743421554565429,-0.0455517559562821,-0.2031770348548889,-0.239641010761261,-0.0598474643443722,-0.0783061385154724,-0.2495413422584533,0.0081043201248149,-0.1237637400627136,-0.3071102499961853,-0.0329437121068139,-0.15464848279953,-0.2885103225708008,-0.0687890253280301,-0.1669848561286926,-0.2554651498794555,-0.0869635991071362,-0.0380875468254089,-0.2822968363761902,-0.0025258776982326,-0.0672899484634399,-0.3882852792739868,-0.0249820738350052,-0.0919860005378723,-0.4564192295074463,-0.0437985076819558,-0.1109167337417602,-0.5132485330104828,-0.0561194098805089,0.009457528591156,-0.2831870317459106,-0.0215176842425961,-0.0003905892372131,-0.3923313617706299,-0.0444001383398671,-0.0175421237945556,-0.4625152349472046,-0.0573332696472306,-0.0362593531608581,-0.5243172645568848,-0.0638783178542752,0.0583052635192871,-0.2558491230010986,-0.0432692743157048,0.0736266374588012,-0.3447126746177673,-0.059538291326632,0.0722284913063049,-0.4069609045982361,-0.0633277124975819,0.0622939467430114,-0.4648188352584839,-0.0639544255350728,play
0.0,0.0,0.0,-0.0755301713943481,-0.0382320880889892,-0.0172218355359561,-0.1372462511062622,-0.1125697493553161,-0.0298306467952258,-0.1801934838294983,-0.1725791096687317,-0.0463139555426366,-0.2005564570426941,-0.2392541766166687,-0.0607531621130235,-0.0783519744873046,-0.2469785213470459,0.0086576024992339,-0.1232619285583496,-0.3048145174980163,-0.0327830939563043,-0.1545286774635315,-0.2859829068183899,-0.0689118198128468,-0.1674360632896423,-0.253403902053833,-0.0872642464013822,-0.0380932688713073,-0.279909610748291,-0.0015676265824637,-0.0668168067932128,-0.3852753639221191,-0.0243099565627105,-0.0919839143753051,-0.4525617957115173,-0.0430956176491506,-0.1116252541542053,-0.5089559555053711,-0.0552373035820252,0.009659469127655,-0.2816110849380493,-0.020299404022289,0.00018310546875,-0.3899092078208923,-0.0433216496380097,-0.0170550346374511,-0.4599188566207886,-0.0557972743185288,-0.0359313488006591,-0.5218528807163239,-0.0618360481234319,0.0585607290267944,-0.255318820476532,-0.0419001682670838,0.0741943717002868,-0.3427203297615051,-0.058111320343805,0.0729728937149047,-0.4043753743171692,-0.061655989942146,0.0632001757621765,-0.4618603587150574,-0.0619553766222722,play
0.0,0.0,0.0,-0.0760725140571594,-0.0359127521514892,-0.0165769433908948,-0.1386091113090515,-0.111523151397705,-0.028102067702342,-0.1804060935974121,-0.1730341911315918,-0.0433399858259448,-0.2035961747169494,-0.2377176284790039,-0.0566038670324573,-0.080325186252594,-0.2455590963363647,0.0092593082851877,-0.12447190284729,-0.3041679859161377,-0.0303723397039661,-0.1545360684394836,-0.2873824834823608,-0.0651872711562404,-0.1671566367149353,-0.2548747062683105,-0.0828079985760936,-0.0394003987312316,-0.2794029712677002,-0.001166266093854,-0.0672904849052429,-0.3855111598968506,-0.0227946317129621,-0.0922464728355407,-0.4536666870117187,-0.0416540684484729,-0.1118993163108825,-0.509568065404892,-0.0541509794377574,0.0079536437988281,-0.281530499458313,-0.0199057119273433,-0.0024176239967346,-0.3895782828330993,-0.042564391561676,-0.0202922224998474,-0.4607700407505035,-0.0564943323218116,-0.0397717356681823,-0.5227730572223663,-0.0638954373382816,0.0567561984062194,-0.2560363411903381,-0.0413011456214675,0.0728105902671814,-0.3443523049354553,-0.057610369690586,0.0722506642341613,-0.4062935709953308,-0.0621235924147853,0.0629233121871948,-0.463279128074646,-0.0634477170490512,play
0.0,0.0,0.0,-0.075518250465393,-0.0368524193763732,-0.0172388101652032,-0.1374135613441467,-0.1123282313346862,-0.0295120882525807,-0.1808421611785888,-0.1733880043029785,-0.0457057370528346,-0.2028775215148925,-0.2391745448112487,-0.0597596741005546,-0.0805544257164001,-0.2457548379898071,0.0093034697041147,-0.1262460947036743,-0.304059624671936,-0.0321863940641051,-0.1559904813766479,-0.2849841713905334,-0.0681590451583034,-0.1668257713317871,-0.2520685791969299,-0.0863014175280696,-0.0396019220352172,-0.2797942161560058,-0.0008111406074604,-0.0689244270324707,-0.3847758173942566,-0.0232729329451686,-0.0935033559799194,-0.4523153305053711,-0.041613628594554,-0.112317144870758,-0.508387565612793,-0.0533001622840529,0.0088340044021606,-0.2824576497077942,-0.0195319424107438,-0.0016605854034423,-0.3905644714832306,-0.0423967740222579,-0.018893539905548,-0.4600880146026611,-0.0541847920700675,-0.0379334688186645,-0.5208808779716492,-0.0596099099799758,0.0584033131599426,-0.2568145990371704,-0.0411717830881244,0.0732361078262329,-0.3435797095298767,-0.0573838478609687,0.071391761302948,-0.404235690832138,-0.0606147325321799,0.0609163045883178,-0.4600862562656402,-0.0604900694176322,play
0.0,0.0,0.0,-0.0751988887786865,-0.0359732508659362,-0.0163763233494336,-0.1374596357345581,-0.1121501922607421,-0.0279968765598113,-0.1797772049903869,-0.1733391284942627,-0.0433947735499913,-0.2030191421508789,-0.2380032539367675,-0.0568529398214394,-0.0794805884361267,-0.2468929886817932,0.0087927539799039,-0.1241657733917236,-0.3050334453582763,-0.0310842611860806,-0.1545590758323669,-0.2876641750335693,-0.0660967336070115,-0.1669265031814575,-0.2545270919799804,-0.0838217393528992,-0.038625955581665,-0.2799968719482422,-0.0017967188531855,-0.0672793388366699,-0.3857306241989136,-0.023424453384834,-0.0921761393547058,-0.4538494348526001,-0.0420795411836678,-0.1115451455116272,-0.5099102258682251,-0.0544048354994828,0.0089068412780761,-0.2816296815872192,-0.020642648733812,-0.0009683966636657,-0.3900441527366638,-0.042905877627092,-0.0189396142959594,-0.4598262310028076,-0.0558951900374466,-0.0385693907737731,-0.5206031501293182,-0.0626807616126114,0.057463526725769,-0.255448043346405,-0.0421879583072239,0.0725671052932739,-0.3436064720153808,-0.0581873388063485,0.0715639591217041,-0.4056831300258636,-0.0620313019525582,0.0622530579566955,-0.4631490111351013,-0.0628121600520188,play
0.0,0.0,0.0,-0.0753560066223144,-0.0373491048812866,-0.0164991927387774,-0.1372395157814026,-0.1126086115837097,-0.0284826004000962,-0.1802208423614502,-0.1728506684303283,-0.044404923269397,-0.2021659016609192,-0.2379409074783325,-0.0582968250902951,-0.0794247984886169,-0.2465343475341797,0.0092984118444263,-0.1253694891929626,-0.303722083568573,-0.0317843028398812,-0.1558310389518737,-0.2851709723472595,-0.0675415837260544,-0.167596161365509,-0.2525945901870727,-0.0856201642247498,-0.0388722419738769,-0.2799975275993347,-0.0012313004637718,-0.0682786107063293,-0.3846203088760376,-0.0238079869242966,-0.093381643295288,-0.4519210159778595,-0.0423167229684651,-0.1126665472984314,-0.5076964199542999,-0.0540853918584645,0.0091499686241149,-0.2821308970451355,-0.0201778461279928,-0.0014771819114685,-0.3900171518325805,-0.0430431955548584,-0.019063115119934,-0.45967897772789,-0.0549775281044304,-0.0381584763526916,-0.5208792984485626,-0.0605171726139843,0.0582501888275146,-0.2559469938278198,-0.0419362553449929,0.0725511908531189,-0.3429830074310303,-0.0580788695308029,0.0707204341888427,-0.4040497541427612,-0.0611979247125447,0.0606016516685485,-0.4604337811470032,-0.0610058077665627,play
0.0,0.0,0.0,-0.0762860774993896,-0.0387490391731262,-0.0171706907436224,-0.137921929359436,-0.11258065700531,-0.0301384542122455,-0.1812960505485534,-0.172299325466156,-0.0468634709700914,-0.2026220560073852,-0.2386605739593505,-0.061562728880343,-0.07943856716156,-0.247391939163208,0.0077582599610117,-0.124253511428833,-0.3056569695472717,-0.0336781337842317,-0.1558823585510254,-0.2876743674278259,-0.0697744086369844,-0.1692516207695007,-0.2544447183609009,-0.08804183900207,-0.0389831066131591,-0.280173659324646,-0.0025545971453162,-0.0669922828674316,-0.3862543702125549,-0.0255769815281006,-0.0920999646186828,-0.4545958042144775,-0.0446097299441667,-0.1120031476020813,-0.5119135081768036,-0.0568889684960218,0.0085732340812683,-0.28170907497406,-0.021201877667007,-0.0010948777198791,-0.3906746506690979,-0.0440191559478613,-0.0187297463417053,-0.4610352516174316,-0.0565598838016363,-0.0378413200378418,-0.5226301550865173,-0.0627447038874002,0.0567719340324401,-0.2549960017204284,-0.0426711298510404,0.0718960165977478,-0.3435832262039184,-0.0587817996725412,0.0711143016815185,-0.4061669111251831,-0.0622019477173658,0.062520682811737,-0.4641467928886413,-0.0624000549301477,play
0.0,0.0,0.0,-0.0761597752571106,-0.038716971874237,-0.0172802459650327,-0.1383156180381775,-0.1126236319541931,-0.0296621758692552,-0.1817525029182434,-0.1725141406059265,-0.0459130134635259,-0.2037378549575805,-0.2390211820602417,-0.0599939178877164,-0.0800397992134094,-0.2465631961822509,0.0094336021489809,-0.1247368454933166,-0.3057162761688232,-0.0315405380182554,-0.1559444069862365,-0.2866318225860595,-0.0675471004300405,-0.1690530180931091,-0.253783106803894,-0.0858695533328344,-0.040043830871582,-0.2800790667533874,-0.00066806021767,-0.0686023235321044,-0.385079562664032,-0.0230127655171443,-0.0938328504562377,-0.4524199366569519,-0.0418996166639615,-0.1137123703956604,-0.5094160735607147,-0.054154957478552,0.0073490738868713,-0.2826427221298218,-0.01929861569932,-0.003415822982788,-0.3899247050285339,-0.0418198880009939,-0.0211439728736877,-0.4598277807235718,-0.0543968033247281,-0.0401675701141357,-0.5215498805046082,-0.0605819624119092,0.0559483170509338,-0.2574861049652099,-0.0408515248649408,0.0705292224884033,-0.3440362215042114,-0.0567026723377992,0.0692445635795593,-0.4054998457431793,-0.0601718936317254,0.0600525140762329,-0.4625506699085235,-0.0604561630838205,play
0.0,0.0,0.0,-0.0749384760856628,-0.0369918346405029,-0.0180169105741505,-0.1372814178466797,-0.1100504398345947,-0.0315017219844584,-0.1813561916351318,-0.169413149356842,-0.0486875627401595,-0.2018319368362426,-0.2363874912261963,-0.0637645613613848,-0.0800428986549377,-0.2456774115562439,0.0071195262272532,-0.1253600716590881,-0.3033367991447449,-0.0345011469188456,-0.1564367413520813,-0.2843475341796875,-0.0706854727330927,-0.1685143709182739,-0.2511863112449646,-0.0890935924115901,-0.0399003624916076,-0.2794910073280334,-0.0028056133750204,-0.0686567425727844,-0.3839240670204162,-0.0251041449818139,-0.0937489867210388,-0.4514248371124267,-0.0436649512711291,-0.1131412386894226,-0.5086213052272797,-0.0559236411216979,0.0076290369033813,-0.2815370559692383,-0.0212562330278878,-0.0026359558105468,-0.3893942534923553,-0.0441894982221846,-0.0208507180213928,-0.4589565396308899,-0.0569003861609225,-0.040553331375122,-0.5201964974403381,-0.0633897226515536,0.0561573505401611,-0.2551470994949341,-0.0425855148795371,0.0718880891799926,-0.3420331478118896,-0.0593570586505656,0.0709282755851745,-0.4036690592765808,-0.0634326007428889,0.0616375207901001,-0.4610284864902496,-0.0642042201224093,play
0.0,0.0,0.0,-0.0747567415237426,-0.0382202863693237,-0.0174907593262005,-0.1357543468475341,-0.1126045584678649,-0.0305111667346764,-0.1787465214729309,-0.172217845916748,-0.0472783519160557,-0.2010336518287658,-0.2381389737129211,-0.0620207151603509,-0.0776640176773071,-0.2472815513610839,0.0077272706459652,-0.1228071451187133,-0.3043667078018188,-0.033662672920208,-0.1539317369461059,-0.2855944633483886,-0.0697581878137398,-0.1665090918540954,-0.2522683143615722,-0.0880897900295067,-0.0376133322715759,-0.2802693247795105,-0.002449106259327,-0.0663820505142211,-0.3852909207344055,-0.0251073742490817,-0.0920820236206054,-0.4529459178447723,-0.0441392099690247,-0.1124299168586731,-0.5103914439678192,-0.0565392745864201,0.0101248621940612,-0.2820170521736145,-0.0210322438013363,-0.0007295608520507,-0.3907610774040222,-0.0442073641550351,-0.0191578269004821,-0.4610939621925354,-0.0572661271524239,-0.0391443967819213,-0.5229164958000183,-0.0637906676363755,0.0590131282806396,-0.2555400133132934,-0.0424109993707944,0.0740979313850402,-0.3441099524497986,-0.0589770933818627,0.0728572010993957,-0.4060978293418884,-0.0628149694037247,0.063128113746643,-0.4629504382610321,-0.0633407121729661,play
0.0,0.0,0.0,-0.0769899487495422,-0.040050983428955,-0.0159915181578185,-0.1403823494911193,-0.1184396743774414,-0.0286175924123313,-0.1905596256256103,-0.1762049198150634,-0.0453943944306161,-0.2237909436225891,-0.2263451814651489,-0.0612943916351582,-0.0806713700294494,-0.2484394311904907,0.0093501397638533,-0.1292431354522705,-0.3045307397842407,-0.0315830706388737,-0.1661134958267212,-0.2861381769180298,-0.0698850861520554,-0.1897607445716858,-0.2537488937377929,-0.09091843280504,-0.0411385893821716,-0.2811246514320373,-0.0021352247570689,-0.0735496282577514,-0.3804500997066498,-0.0268743968338753,-0.1103805303573608,-0.436952531337738,-0.0504926777214791,-0.1443755030632019,-0.4791083931922912,-0.065999749931791,0.0063071846961975,-0.284713864326477,-0.021383425104716,-0.0064411759376525,-0.3924293220043182,-0.0457269510955598,-0.0299253463745117,-0.462426096200943,-0.0620234681994702,-0.0560335516929626,-0.5220725536346436,-0.0711473337144639,0.0552138686180114,-0.2613680362701416,-0.0431409514279153,0.0713010430335998,-0.3498214483261108,-0.0600764526755597,0.0699240565299987,-0.4115447998046875,-0.0651358402104165,0.0582168698310852,-0.4675521850585937,-0.0671587697000291,play
0.0,0.0,0.0,-0.0741517543792724,-0.045012354850769,-0.0210910865557139,-0.1397776007652282,-0.1265351176261901,-0.0402646416318361,-0.197900652885437,-0.1744369864463806,-0.0627778412294333,-0.2472900152206421,-0.2046913504600525,-0.0826178507399504,-0.0822257995605468,-0.2688395977020263,-0.0073378582005148,-0.1188812255859375,-0.3539857268333435,-0.0493327060234491,-0.1661206483840942,-0.3470236659049988,-0.0833080278229658,-0.2004696130752563,-0.3145073056221008,-0.1010603250455801,-0.0399814844131469,-0.290026843547821,-0.0183887833249514,-0.0687623620033264,-0.3981083631515503,-0.0560478100073282,-0.1240911483764648,-0.4113377928733825,-0.0797153131556456,-0.1647263765335083,-0.385238766670227,-0.0900014580678885,0.00627863407135,-0.285622239112854,-0.0364127026390974,-0.0048232674598693,-0.4023630619049072,-0.0665759162497465,-0.0515593886375427,-0.4294453859329223,-0.0784266458344404,-0.092104971408844,-0.4204158186912536,-0.0811943651628439,0.0559377074241638,-0.2581992745399475,-0.0576585920047705,0.0799688696861267,-0.3486334681510925,-0.0790886671733801,0.0632105469703674,-0.397674560546875,-0.0881917269420569,0.0366599559783935,-0.4184764623641968,-0.0910341606926863,play
0.0,0.0,0.0,-0.0952227115631103,-0.0409551858901977,-0.015378537698325,-0.1690967679023742,-0.0983158946037292,-0.0395485666754211,-0.2199750542640686,-0.1303470730781555,-0.0678299908699955,-0.2584559321403503,-0.1646909713745117,-0.0961160754027332,-0.1137564182281494,-0.2766927480697632,-0.0399966483178104,-0.1832100749015808,-0.3001383543014526,-0.0847012718381847,-0.2272441387176513,-0.2262378931045532,-0.1149843801917995,-0.2518818974494934,-0.1531445980072021,-0.1294898037972416,-0.0591422915458679,-0.2745339870452881,-0.053847653901812,-0.1452496647834777,-0.2504324316978454,-0.0953688715758289,-0.1916068196296692,-0.1611002087593078,-0.1142707337799038,-0.2081695199012756,-0.0877455472946167,-0.1227502768101658,-0.0059375166893005,-0.2449796795845031,-0.0701681693258251,-0.082183301448822,-0.2291600108146667,-0.1090151687326397,-0.1276565194129943,-0.1472383737564087,-0.1121648048224415,-0.1516847014427185,-0.0731037855148315,-0.1079048757615055,0.0468013882637023,-0.1988518238067627,-0.087725835031506,0.0043423175811767,-0.191916823387146,-0.1180789862933124,-0.0338128209114074,-0.1411083936691284,-0.115948291605946,-0.0624106526374816,-0.0879198908805847,-0.1071091686549152,play
0.0,0.0,0.0,0.0732474327087402,-0.0674169063568115,-0.0269994573391443,0.1360755264759063,-0.1608144044876098,-0.0473056086994176,0.1890420615673065,-0.2246454358100891,-0.0697066658831602,0.2156078219413757,-0.2833316922187805,-0.0884371349311834,0.0581586956977844,-0.3070861101150512,-0.0175471143520837,0.1205344796180725,-0.3826600313186645,-0.0738384300566679,0.1609084606170654,-0.3320541381835937,-0.1193917343116766,0.1775448024272918,-0.2703075408935547,-0.1406591335035329,0.0125234425067901,-0.3259328603744507,-0.029483859027124,0.031188279390335,-0.4502125978469848,-0.0624780865109926,0.0672034323215484,-0.5051518082618713,-0.0880407118893629,0.0989023447036743,-0.5453660488128662,-0.1034780541158681,-0.036154419183731,-0.3098565340042114,-0.050042821625567,-0.0324751436710357,-0.4389362931251526,-0.081742683956719,-0.005500853061676,-0.5064246654510498,-0.0991079831219678,0.0249148905277252,-0.5608524084091187,-0.1073978120184904,-0.0839118212461471,-0.2635765671730041,-0.073870996544457,-0.109264075756073,-0.3592330813407898,-0.0940499329663282,-0.1100729256868362,-0.4254039525985718,-0.0962891826129919,-0.098801389336586,-0.4833033084869385,-0.095598014602757,play
0.0,0.0,0.0,0.0874218642711639,-0.1023795008659362,-0.0094700428707028,0.1438112258911132,-0.1899504661560058,-0.018540917993846,0.1833945512771606,-0.2583881020545959,-0.0346466499430562,0.1964126527309417,-0.3323625922203064,-0.0461997325581933,0.0575376451015472,-0.3158433437347412,0.0327486124771212,0.1031999289989471,-0.3961734175682068,-0.0042192084764565,0.1430363357067108,-0.3700728416442871,-0.0397200780970479,0.1640731990337371,-0.325866162776947,-0.0548069859904671,0.0213069468736648,-0.339426577091217,0.0200161215799425,0.0464220345020294,-0.4512860774993896,0.0059478905933474,0.0806364715099334,-0.5126719176769257,-0.0147208432716752,0.1098602414131164,-0.5663361251354218,-0.0286262734842921,-0.0175558626651763,-0.3392584919929504,-0.00189499403848,-0.0128495395183563,-0.4502154886722564,-0.0158759067816163,0.0096965134143829,-0.5228170156478882,-0.0312067969751979,0.0334100425243377,-0.5842072367668152,-0.0401943634313965,-0.0552438646554946,-0.3125120401382446,-0.026879430846634,-0.075066864490509,-0.4037428498268127,-0.0331878113610173,-0.0791492760181427,-0.4680088758468628,-0.0323492969436074,-0.0771396458148956,-0.5268155336380005,-0.0303709945691252,play
0.0,0.0,0.0,0.0729725956916809,-0.073176622390747,-0.0124262586565748,0.1249266266822815,-0.1422472596168518,-0.0232137168156043,0.162663996219635,-0.2033084630966186,-0.0395618776189223,0.1797824800014495,-0.2732645273208618,-0.0528537357555762,0.0519934296607971,-0.2691412568092346,0.0176661045892103,0.0971769988536834,-0.3355528712272644,-0.0212447034524814,0.1337363123893737,-0.3148743212223053,-0.0564148525105849,0.1563047766685485,-0.2761415243148803,-0.072406987320079,0.0201627314090728,-0.2930552959442138,0.0063196782624288,0.0419030487537384,-0.3993709981441498,-0.0107470393510595,0.0712887644767761,-0.4615713953971863,-0.0286884872572557,0.0973291397094726,-0.5128684043884277,-0.0406767713235751,-0.0166073143482208,-0.2921341061592102,-0.0134627843605414,-0.0140675157308578,-0.4055600762367248,-0.0310474044041768,0.002585232257843,-0.473806768655777,-0.0422409722911254,0.0248390734195709,-0.5309123992919922,-0.0479117842720882,-0.0544249713420867,-0.2669795751571655,-0.0363280499683753,-0.0771118700504303,-0.3532130718231201,-0.0482974337743655,-0.0859078019857406,-0.4155232608318329,-0.0482268581496612,-0.0842684656381607,-0.4713089764118194,-0.0460557477878467,play
0.0,0.0,0.0,0.0657447874546051,-0.0549920797348022,-0.019221181323445,0.1115729212760925,-0.1248313784599304,-0.0334664921217324,0.1478521823883056,-0.1848611235618591,-0.0517045671992661,0.1656909883022308,-0.2506992816925049,-0.0670014622562291,0.0360572040081024,-0.2424026727676391,0.006300567841464,0.0729475021362304,-0.3035000562667846,-0.0296165666484,0.1084393262863159,-0.2924695909023285,-0.0584134201460244,0.1322845816612243,-0.2619389593601227,-0.070874110137737,0.0061787664890289,-0.2682608366012573,-0.0019300526880385,0.03079155087471,-0.3682824969291687,-0.0186666308843257,0.0581898689270019,-0.4276733696460724,-0.0304835683607223,0.08259117603302,-0.4819485247135162,-0.0376006553821923,-0.0274084210395813,-0.2722523808479309,-0.0187621752672555,-0.0242897123098373,-0.3810317814350128,-0.0366435388975503,-0.0100461840629577,-0.4499273300170898,-0.0448817538969876,0.008313775062561,-0.5066019594669342,-0.0484927783661248,-0.0636953562498092,-0.2528757452964782,-0.0391706938796403,-0.0862722396850586,-0.335729718208313,-0.0522075782471063,-0.0945251882076263,-0.3989172577857971,-0.0527526813500287,-0.0939086079597473,-0.4552730321884155,-0.0514707232766511,play
0.0,0.0,0.0,0.0629348754882812,-0.0479378700256347,-0.0171224016054623,0.1087149381637573,-0.1122901439666748,-0.0311260751738302,0.1458897590637207,-0.1708009839057922,-0.0492044172539465,0.1653504371643066,-0.2357262372970581,-0.0642560727252714,0.034567654132843,-0.2337170243263244,0.005684434221024,0.0750123858451843,-0.3039045333862304,-0.0336469530417673,0.1095251739025116,-0.2889328300952911,-0.0658411390437834,0.131575733423233,-0.2500251531600952,-0.0798518142952673,0.0079489052295684,-0.2622334659099579,-0.0033620355940513,0.032638669013977,-0.3646054863929748,-0.0235438111527912,0.0633360147476196,-0.4251104593276977,-0.0405624031378977,0.0897900164127349,-0.4740957915782928,-0.0514323680951349,-0.0236948132514953,-0.2675341069698334,-0.0206411599471323,-0.0206921696662902,-0.3733494281768799,-0.0412115759505979,-0.0042982697486877,-0.4406259953975677,-0.0547714724495165,0.0145012736320495,-0.4955458045005798,-0.0618411644651644,-0.0570294857025146,-0.2504785656929016,-0.0408378436519853,-0.0800196528434753,-0.3323422372341156,-0.0548511824860327,-0.0877503454685211,-0.3929619193077087,-0.0579951077058069,-0.0884878039360046,-0.4473631978034973,-0.0587987124278299,play
0.0,0.0,0.0,0.0612415075302124,-0.0436627268791198,-0.0178109585360743,0.1079948842525482,-0.1116540431976318,-0.0313496059791305,0.1453312635421753,-0.1701898574829101,-0.0485275491193988,0.1668554842472076,-0.2342785000801086,-0.0624398916081645,0.0361612141132354,-0.2353235483169555,0.0066108027419886,0.0784566700458526,-0.304148405790329,-0.0325229718403079,0.1120309233665466,-0.2901831865310669,-0.0643884866551616,0.1339503526687622,-0.2511659860610962,-0.078029188425944,0.0087023079395294,-0.2634705603122711,-0.0022127454687961,0.0331188738346099,-0.3642718195915222,-0.0221568095550992,0.0631625056266784,-0.4237656891345978,-0.0381266540900924,0.0903722643852233,-0.470560073852539,-0.0475727087871291,-0.0237563699483871,-0.2672732770442962,-0.0194879091397979,-0.0197415947914123,-0.3722519278526306,-0.04022478601496,-0.0036875903606414,-0.4381852149963379,-0.0522859311715819,0.0155597031116485,-0.4920622408390045,-0.0578717208520629,-0.0584168583154678,-0.2480090856552124,-0.0397972717003085,-0.079645812511444,-0.328297883272171,-0.0547150886670806,-0.0881097614765167,-0.3901152014732361,-0.0578570283071258,-0.0892807245254516,-0.4465382695198059,-0.0582149951771953,play
0.0,0.0,0.0,0.0618834793567657,-0.0429017543792724,-0.0178937682883599,0.1086053848266601,-0.1098000407218933,-0.0322298830376723,0.1463143825531005,-0.166316270828247,-0.0502699887381652,0.1699692010879516,-0.2295306921005249,-0.065150057338343,0.0366984903812408,-0.2366465330123901,0.0061503919771155,0.0781013369560241,-0.3023985922336578,-0.0312290204690555,0.1119508147239685,-0.287813276052475,-0.0620285211132625,0.1337257027626037,-0.2495025694370269,-0.0757007798181632,0.0093398690223693,-0.2638709843158722,-0.0032239150257566,0.0331246852874755,-0.3637825846672058,-0.0227580120788672,0.0646607875823974,-0.4232184588909149,-0.0390081381426909,0.0934906601905822,-0.4702219367027282,-0.0488988658414939,-0.0226281136274337,-0.2665181159973144,-0.0208118645475963,-0.0183389484882354,-0.3719063997268677,-0.0416141500698188,-0.0012466013431549,-0.4381542801856994,-0.0544534226881125,0.0191763341426849,-0.4922723472118377,-0.0608489116655448,-0.0558493882417678,-0.2460530996322631,-0.0413894033061126,-0.0776753723621368,-0.3252812027931213,-0.0572912668810943,-0.0877563059329986,-0.3874551653861999,-0.0614253668116191,-0.0905279517173767,-0.4439373612403869,-0.0625814026223281,play
0.0,0.0,0.0,0.06308114528656,-0.0426720976829528,-0.0175004164460403,0.1110538244247436,-0.1074063181877136,-0.0312789278808338,0.1478182077407837,-0.1648884415626526,-0.0489059324148399,0.1720494329929351,-0.2281967401504516,-0.0637311945441467,0.0403569042682647,-0.2331233620643615,0.0095612368774311,0.0796867907047271,-0.2980031073093414,-0.0259875981840593,0.1120694279670715,-0.2862860560417175,-0.0563885728600723,0.1336609721183776,-0.2498043775558471,-0.0697475905302269,0.0123792290687561,-0.2616346478462219,0.0006070196856455,0.0385289788246154,-0.3625283241271972,-0.0160781024727327,0.067678689956665,-0.4223279953002929,-0.0314603457930786,0.0935788750648498,-0.4713678658008575,-0.0411064299526913,-0.0209971070289611,-0.2668769955635071,-0.0166079803142054,-0.0143455862998962,-0.3720487952232361,-0.0352447638991577,0.0017188787460327,-0.4376972913742065,-0.04751123588116,0.0203965902328491,-0.4909036457538605,-0.0536848763707382,-0.0574675947427749,-0.2497498989105224,-0.0367944064322216,-0.0785562396049499,-0.3301006853580475,-0.0503553795400364,-0.088562399148941,-0.3906688690185547,-0.0528412136021358,-0.0919331908226013,-0.445357471704483,-0.052985665458749,play
0.0,0.0,0.0,0.0616881847381591,-0.0423176288604736,-0.0163087065695606,0.1099367141723632,-0.1076323986053466,-0.0290499146460376,0.1471160352230072,-0.1639571189880371,-0.0457611739068113,0.1690017879009246,-0.22734135389328,-0.0595139584868036,0.0395149290561676,-0.2332665920257568,0.0100640306816615,0.0810411870479583,-0.2968512177467346,-0.0255186151145778,0.1131811439990997,-0.2846139967441559,-0.0555515534608446,0.13360595703125,-0.2470414042472839,-0.0685904494850717,0.0120993554592132,-0.2617380321025848,0.0003580493255697,0.0376105606555938,-0.3617383241653442,-0.0167800507872186,0.0668939650058746,-0.4219709038734436,-0.0324647522895418,0.0923849642276763,-0.4703285098075866,-0.0423492960064493,-0.0210257470607757,-0.2668105065822601,-0.0175343848197542,-0.0145215094089508,-0.3719504475593567,-0.0366783685414873,0.0013005435466766,-0.4377108216285705,-0.0495605751304708,0.0194082260131835,-0.4910448789596557,-0.0563101194231592,-0.0570065379142761,-0.2493798732757568,-0.0382633380024515,-0.0792082548141479,-0.3285337686538696,-0.0527192040710531,-0.0893828123807907,-0.3886556029319763,-0.0560362174539648,-0.0929310470819473,-0.4436773657798767,-0.0568639434306703,play
0.0,0.0,0.0,0.0617969930171966,-0.042118489742279,-0.015888901104148,0.1089813709259033,-0.1065136790275573,-0.0285987496868926,0.1458896100521087,-0.1631097793579101,-0.0454663910464603,0.1688501536846161,-0.2254083156585693,-0.0597533673540908,0.0409393608570098,-0.2321380972862243,0.01079461010832,0.0803388655185699,-0.2945525646209717,-0.0244129091994125,0.1116633415222168,-0.283870130777359,-0.0549992710844833,0.1324625015258789,-0.2475667297840118,-0.0686028540627319,0.012541651725769,-0.2611126899719238,0.0010979369721155,0.0385991930961608,-0.3607993423938751,-0.0150954189271885,0.0671235024929046,-0.4212753474712372,-0.0305957418428022,0.0917588174343109,-0.4704766869544983,-0.0406498253838378,-0.0217275768518447,-0.266608715057373,-0.0167324875042993,-0.0145493447780609,-0.3728801906108856,-0.0348805018262226,0.0006833970546722,-0.4390393197536468,-0.0474498920635539,0.0185507535934448,-0.4926727414131164,-0.0542108357445556,-0.0592309087514877,-0.2490635514259338,-0.0374067776398021,-0.0815289467573165,-0.3286909162998199,-0.0506858282284099,-0.0911311209201812,-0.388379156589508,-0.0533393599585849,-0.0939761102199554,-0.4428297281265259,-0.053892759283002,play
0.0,0.0,0.0,0.0621030032634735,-0.0433964729309082,-0.0160372574570999,0.1101569533348083,-0.1075310111045837,-0.0292486884388551,0.1465552449226379,-0.163960576057434,-0.0464889910760746,0.1688807308673858,-0.22727632522583,-0.0610048976484165,0.0409460961818695,-0.2333888411521911,0.0092869744878782,0.0812534689903259,-0.2970686554908752,-0.0264100544843302,0.1125955581665039,-0.2853089570999145,-0.0570678543988094,0.1325701475143432,-0.2486531734466552,-0.070701243424736,0.0128414332866668,-0.2622624337673187,-0.0005445092208162,0.0396328270435333,-0.3620925545692444,-0.0174936615619287,0.0681586563587188,-0.42246213555336,-0.033545648748003,0.0923597812652587,-0.4712901711463928,-0.043971614981018,-0.0212524980306625,-0.2679547071456909,-0.0183922313842401,-0.0141181945800781,-0.3749600350856781,-0.0371800233367309,0.0013091266155242,-0.4411055445671081,-0.0503839646223411,0.0192649364471435,-0.4947082698345184,-0.0575939175430164,-0.0582577288150787,-0.2504265904426574,-0.0389872212651596,-0.0812544524669647,-0.3302507102489471,-0.0527270977142677,-0.0909906923770904,-0.3897504210472107,-0.0557520371619091,-0.0937504768371582,-0.4440557360649109,-0.056573914432846,play
0.0,0.0,0.0,0.0636838972568512,-0.0428366065025329,-0.0172859377389613,0.1123704016208648,-0.105989933013916,-0.0307784064834777,0.1491347253322601,-0.1625249981880188,-0.048000971150941,0.1706598699092865,-0.2262535691261291,-0.0623302928333941,0.0424677431583404,-0.2328794002532959,0.0080232971185978,0.0841625034809112,-0.2965330481529236,-0.0279745145862762,0.1155222356319427,-0.2832406163215637,-0.0582775122647944,0.1345278322696685,-0.2451539039611816,-0.0713688268488113,0.0140924453735351,-0.2612880766391754,-0.001003718182801,0.0404912233352661,-0.3620214462280273,-0.01825019001717,0.0693809688091278,-0.4222874641418457,-0.0339593685393992,0.0940733551979065,-0.4707527756690979,-0.0440122618501845,-0.0202279686927795,-0.266089379787445,-0.0181733559047643,-0.0144945085048675,-0.3726102709770202,-0.0372940099960033,0.0007701516151428,-0.4387174248695373,-0.0503471254532996,0.0187644958496093,-0.4921008348464966,-0.0572620055800143,-0.0573722124099731,-0.2482456564903259,-0.0381827413266364,-0.0801549404859542,-0.3284339308738708,-0.0523327349847022,-0.0904065519571304,-0.3881568908691406,-0.0554945937519733,-0.094006136059761,-0.4428219795227051,-0.0562679006879989,play
0.0,0.0,0.0,0.0627171993255615,-0.0409485101699829,-0.0178168717739595,0.1112323403358459,-0.1054135560989379,-0.0312868472156537,0.1480606198310852,-0.1622592210769653,-0.0482685569641603,0.1703461706638336,-0.2256844043731689,-0.0624176043984903,0.0410439670085907,-0.233034610748291,0.0064456226336346,0.0825936198234558,-0.2991226315498352,-0.0296075142887843,0.1151677072048187,-0.2862786054611206,-0.0598735403237356,0.1357865035533905,-0.247542142868042,-0.0731244947729123,0.0126236975193023,-0.2612123489379883,-0.0022936853548003,0.0391961932182312,-0.3618945479393005,-0.0199204016444696,0.068254679441452,-0.4223936200141907,-0.0366099815783513,0.0933273136615753,-0.4712946116924286,-0.0475974682686342,-0.0212534219026565,-0.2656657695770263,-0.0190328065273774,-0.015450119972229,-0.3718850612640381,-0.0384147133646024,9.47415828704834e-05,-0.4388916492462158,-0.0526974279401315,0.0185873806476593,-0.493466168642044,-0.0607831258294595,-0.0580127090215683,-0.2472415566444397,-0.0385643657264722,-0.0818002074956893,-0.3273571133613586,-0.0529323559222234,-0.0921043455600738,-0.3875195980072021,-0.0569685328719629,-0.0950255990028381,-0.4429569840431213,-0.0586414117333902,play
0.0,0.0,0.0,0.0630900263786315,-0.0399399995803833,-0.0182739881115026,0.1118475198745727,-0.105414867401123,-0.0312839330421752,0.148728996515274,-0.1630036830902099,-0.0477043905543155,0.1706630885601043,-0.226689338684082,-0.0611619607793159,0.0412387549877166,-0.2333800196647644,0.0073160176849,0.0839485228061676,-0.2977627515792846,-0.0288026624606914,0.1164344251155853,-0.2857726812362671,-0.0588715777980155,0.1371947526931762,-0.2477524280548095,-0.0717839331613845,0.0126977264881134,-0.2623144388198852,-0.0009964283803469,0.0386952459812164,-0.3626300990581512,-0.0184576877640552,0.0673251748085022,-0.4228454232215881,-0.0341452204870051,0.0924142003059387,-0.4707668125629425,-0.0440266535865134,-0.0216603875160217,-0.2669291496276855,-0.0175258958028621,-0.015169620513916,-0.3724009394645691,-0.0370708399699992,0.0003234446048736,-0.4377501010894775,-0.0501371615814036,0.0186229944229125,-0.4907507598400116,-0.0569234148846931,-0.0590836703777313,-0.2485617399215698,-0.0369610593901938,-0.0809474885463714,-0.3273477554321289,-0.0516668179320163,-0.0912200212478637,-0.3866961002349853,-0.0552375682877368,-0.0946934223175048,-0.441598117351532,-0.0561718934463328,play
0.0,0.0,0.0,0.0625734031200409,-0.04190593957901,-0.0182334069822616,0.111635148525238,-0.1065754294395446,-0.0315623354826755,0.1481901705265045,-0.1645624637603759,-0.0483256016586608,0.1687433421611786,-0.228555679321289,-0.0621833127651996,0.041492760181427,-0.2325551509857177,0.0076508366774135,0.0818058252334594,-0.2983065247535705,-0.0280195657823867,0.1134276390075683,-0.2867323160171509,-0.0581489351306743,0.133411705493927,-0.2484694123268127,-0.0711259242807216,0.012012094259262,-0.2605229318141937,-0.0005511784538327,0.0375855863094329,-0.3621720373630523,-0.0171971690569705,0.0650623142719268,-0.4232532978057861,-0.0331672203455752,0.0888793170452117,-0.4732202887535095,-0.043590511820156,-0.0225575864315032,-0.2652983069419861,-0.0168855354849881,-0.0166988968849182,-0.3714669942855835,-0.0352580842290706,-0.0023574829101562,-0.4379069209098816,-0.0485368814979381,0.0149721503257751,-0.4913010895252228,-0.0558728535388297,-0.060461938381195,-0.2477108240127563,-0.0361637507294005,-0.0836462676525116,-0.3271749019622803,-0.0496042553995437,-0.09413743019104,-0.3860409557819366,-0.0527027022753543,-0.0975287109613418,-0.4399800896644592,-0.0535917763326949,play
0.0,0.0,0.0,0.0627000033855438,-0.0411140322685241,-0.0180616660440762,0.1111241579055786,-0.1060208082199096,-0.0313964153105814,0.1476627588272094,-0.1642383933067321,-0.0481687637443144,0.1692003309726715,-0.2278076410293579,-0.062093686538418,0.0423088371753692,-0.2325161695480346,0.0075608992551963,0.0838465392589569,-0.2980309128761291,-0.0281115251059134,0.1149432361125946,-0.2868120968341827,-0.0583415033692915,0.1344263851642608,-0.2491122484207153,-0.0714691134566862,0.012713074684143,-0.2610945403575897,-0.00084500834825,0.0393657982349395,-0.362547755241394,-0.0176450426156122,0.0670050680637359,-0.4238259792327881,-0.0336275177473623,0.0908140540122985,-0.4741272926330566,-0.0440100694472391,-0.0223977714776992,-0.2660656273365021,-0.0173823630834419,-0.0160230845212936,-0.3724523782730102,-0.0361984933192331,-0.0010596215724945,-0.4389925897121429,-0.0498280080432493,0.0167116224765777,-0.4927088320255279,-0.0573059993261892,-0.0607622563838958,-0.248397409915924,-0.0367770383531649,-0.0839180648326873,-0.3281428217887878,-0.0507290365571577,-0.09468974173069,-0.3875921964645386,-0.0541930275435049,-0.0983287841081619,-0.4422655999660492,-0.0552984664613802,play
0.0,0.0,0.0,0.0625732541084289,-0.0411946773529052,-0.0184649447063236,0.1108940839767456,-0.105950653553009,-0.0321625540117054,0.1473820209503173,-0.1636241674423217,-0.0492741497317581,0.1685393452644348,-0.2272190451622009,-0.0636278720656662,0.0402144193649292,-0.2332642674446106,0.0058705835519106,0.0809653103351593,-0.2996891140937805,-0.0304772140542297,0.1133634150028228,-0.2881566882133484,-0.0612101214090614,0.1342537403106689,-0.2503615021705627,-0.0747762875715523,0.0108214616775512,-0.260999321937561,-0.0025252594230948,0.0372243523597717,-0.3624044060707092,-0.0199585905382662,0.0646573603153228,-0.4242138266563415,-0.0368775049308567,0.0881705582141876,-0.4757156074047088,-0.0481740603307514,-0.0238638222217559,-0.2652263045310974,-0.0189569829115896,-0.0175501108169555,-0.3715519309043884,-0.0380282694557934,-0.0027569234371185,-0.4388715922832489,-0.0523949222723274,0.0148297548294067,-0.4939852952957153,-0.0606251129964618,-0.0616393238306045,-0.2464497089385986,-0.038271169559124,-0.0844473838806152,-0.3264338970184326,-0.0521031538108616,-0.0945821106433868,-0.3863536715507507,-0.0559018733063965,-0.0975647717714309,-0.4414398372173309,-0.0575038561681537,play
0.0,0.0,0.0,0.0627433061599731,-0.0413155555725097,-0.018756514531617,0.1112855374813079,-0.1087526082992553,-0.0324888044270323,0.1487873494625091,-0.1677413582801818,-0.0494100750657366,0.1706193685531616,-0.2316568493843078,-0.0634091125103282,0.0405723750591278,-0.2384024858474731,0.0062842414480996,0.0835045576095581,-0.3063082695007324,-0.0302901585819768,0.1161144971847534,-0.2937511503696441,-0.0615976081463145,0.136736661195755,-0.2550087571144104,-0.0753547252389239,0.0109464228153228,-0.2663112282752991,-0.0018808804452987,0.0382232367992401,-0.3693097233772278,-0.0186875016661929,0.0651044249534607,-0.4318781495094299,-0.0354189836653517,0.0877836644649505,-0.4838271737098694,-0.0465175361605929,-0.0240644812583923,-0.2700832784175873,-0.01818820100749,-0.0166545361280441,-0.3776559233665466,-0.0365137645276831,-0.001637727022171,-0.4454194903373718,-0.0505499356659697,0.0155823230743408,-0.500783383846283,-0.0585473367246436,-0.0624448359012603,-0.2504086494445801,-0.0374272988411235,-0.0838028192520141,-0.3312900960445404,-0.050567463156824,-0.0936519652605056,-0.3910748958587646,-0.0537830853136824,-0.0966943502426147,-0.4464784264564514,-0.0549073406728553,play
0.0,0.0,0.0,0.0636589527130127,-0.0423879027366638,-0.0184133141856932,0.1131966710090637,-0.1098303198814392,-0.0318220197778487,0.1501875221729278,-0.1690502762794494,-0.0487502082806372,0.1722273826599121,-0.2335102558135986,-0.0626821830492758,0.0410944819450378,-0.2402483820915222,0.0090620996806478,0.0844896435737609,-0.3073920905590057,-0.0271323654424691,0.1170566380023956,-0.2942476868629455,-0.0586196869235777,0.1371101140975952,-0.2551010251045227,-0.0725256964188361,0.0115322470664978,-0.268727958202362,0.0007500847595451,0.0391945242881774,-0.3709940910339355,-0.0158140319954895,0.0669745802879333,-0.433773934841156,-0.0328124366324686,0.0903655588626861,-0.485925018787384,-0.044144609532907,-0.0235010236501693,-0.2734740972518921,-0.015862503610208,-0.0157637745141983,-0.3811197876930237,-0.0338899246972346,-0.000601440668106,-0.4487067461013794,-0.0479827575009608,0.0167007744312286,-0.5041349828243256,-0.0560570671778464,-0.0618506669998168,-0.2548454999923706,-0.0354686393957877,-0.0831899493932724,-0.3352947533130646,-0.0484367809813761,-0.0933376252651214,-0.3946941494941711,-0.0515233032029414,-0.0969411581754684,-0.4493796527385711,-0.0525222882252478,play
0.0,0.0,0.0,0.063612550497055,-0.0435457229614257,-0.0187841822786651,0.1140305399894714,-0.1102638244628906,-0.0327612908019148,0.1509252786636352,-0.1694596409797668,-0.0503616222573839,0.1718600392341613,-0.2350525856018066,-0.0650358238650881,0.0418307781219482,-0.2405639886856079,0.0083608439730085,0.0845755934715271,-0.30588299036026,-0.0285517611934267,0.1165468692779541,-0.2928918004035949,-0.0602525026930891,0.1361342072486877,-0.2544243335723877,-0.0742450991107546,0.0125292241573333,-0.2689102590084076,-0.0001366770171955,0.0402997732162475,-0.3714736700057983,-0.0172698685361467,0.0676794052124023,-0.4340178966522217,-0.0339845420254789,0.0907340943813324,-0.4863907396793365,-0.0449532495273672,-0.0224990546703338,-0.2733098268508911,-0.0170538911058031,-0.01495823264122,-0.3807258009910583,-0.0359729902280889,-0.0003469884395599,-0.4483080506324768,-0.0496876017583929,0.0164933502674102,-0.504155308008194,-0.057266596837195,-0.0608015060424804,-0.254028856754303,-0.0370272734595857,-0.0820704102516174,-0.3345921039581299,-0.0509641097320638,-0.0924210250377655,-0.3939968049526214,-0.0541523472799383,-0.0965829640626907,-0.4488070607185364,-0.055034145845326,play
0.0,0.0,0.0,0.0643377006053924,-0.0437144041061401,-0.018942596410028,0.1150556504726409,-0.1111514568328857,-0.0325910132570186,0.1520585417747497,-0.1705747246742248,-0.0496871788246551,0.1732031106948852,-0.2359009385108947,-0.0637808982474723,0.0425125360488891,-0.240634799003601,0.0080561833264312,0.084019660949707,-0.3077235221862793,-0.028440216575376,0.1164727210998535,-0.294577419757843,-0.0598423239035526,0.1366691887378692,-0.2560800909996032,-0.0736880991799751,0.0131231844425201,-0.2684021294116974,-6.037678858206163e-05,0.0404359400272369,-0.371116578578949,-0.017027640734426,0.0677546560764312,-0.4340824484825134,-0.0342512410325923,0.0909510850906372,-0.4868489801883697,-0.0457452815217891,-0.0219116657972335,-0.2726931273937225,-0.0164786074502387,-0.0142125040292739,-0.3801068663597107,-0.0351186562521377,0.000478446483612,-0.44778773188591,-0.0494508240563789,0.0176139771938323,-0.5034278631210327,-0.0576056186301627,-0.0606454610824584,-0.2537181377410888,-0.0359128993196407,-0.081906571984291,-0.3343690633773803,-0.0493659768445411,-0.0921815484762191,-0.3937636017799377,-0.0526841972215095,-0.0960452407598495,-0.44852414727211,-0.05383875409197,play
0.0,0.0,0.0,0.0650318264961242,-0.0441244840621948,-0.0186305835022153,0.1154016852378845,-0.1106988191604614,-0.0321734591497602,0.1522943377494812,-0.1704444289207458,-0.0492375164403142,0.172959566116333,-0.2362579107284546,-0.0633329047931852,0.0430235266685485,-0.2401272654533386,0.0086575497762737,0.0844749212265014,-0.3085510432720184,-0.0281974251492442,0.1173126697540283,-0.2948015928268432,-0.0599707632435979,0.1379234492778778,-0.2549660205841064,-0.0739035575761022,0.0131865739822387,-0.2683401703834533,0.0004679914337089,0.0401748120784759,-0.37112757563591,-0.0164764232112588,0.0677385926246643,-0.4334411025047302,-0.0339192419423284,0.0914141833782196,-0.4859790802001953,-0.0456021322979154,-0.0222585946321487,-0.2730259001255035,-0.0160818218363942,-0.0142589807510375,-0.3807514607906341,-0.0346390872372808,0.0007538199424743,-0.4481622874736786,-0.0492096028401078,0.0183512270450592,-0.5034963190555573,-0.0575693777872743,-0.061209961771965,-0.2545921206474304,-0.0356122671736898,-0.0821784436702728,-0.3353722095489502,-0.0489097057952108,-0.092435285449028,-0.3945972919464111,-0.0522675185574712,-0.0961515456438064,-0.4491896629333496,-0.0534651546849431,play
0.0,0.0,0.0,0.0640960931777954,-0.04300457239151,-0.018853186568009,0.1148864328861236,-0.1098934412002563,-0.0323173971229664,0.1517147421836853,-0.1692759394645691,-0.0493457437807194,0.1726651191711425,-0.2346715331077575,-0.063471359139072,0.042583167552948,-0.2389597296714782,0.0088534095010288,0.0831570327281951,-0.3043310046195984,-0.0270394076907507,0.115626186132431,-0.292675644159317,-0.0579943218582741,0.1364419162273407,-0.2557754516601562,-0.0717520238214604,0.0130963027477264,-0.26734060049057,0.000622689436426,0.0404530465602874,-0.3695922791957855,-0.0160980568581692,0.0676588118076324,-0.4317453801631927,-0.0328694180899731,0.0909704864025116,-0.4843711256980896,-0.044017993783342,-0.0221129208803176,-0.2724378108978271,-0.0159461767727009,-0.0141684412956237,-0.3800673484802246,-0.0346596771234146,0.0002220869064331,-0.4471887648105621,-0.0486075104528538,0.0171570777893066,-0.5023996829986572,-0.0564404213183991,-0.0610576272010803,-0.2542233467102051,-0.035557360326635,-0.0818882286548614,-0.3350107669830322,-0.0492042758816353,-0.0922918170690536,-0.3941395878791809,-0.0524365947896114,-0.0965290814638137,-0.4484583139419555,-0.0534801342838875,play
0.0,0.0,0.0,0.064083456993103,-0.0428725481033325,-0.0193732200088163,0.1144496500492096,-0.1096975803375244,-0.0329600522192379,0.1520901918411255,-0.1693425774574279,-0.0498674387009998,0.1726293861865997,-0.2348896265029907,-0.063725779381599,0.044214904308319,-0.2389870285987854,0.0081407440928558,0.0857000648975372,-0.3037622570991516,-0.0272390568526645,0.1173598170280456,-0.2922978103160858,-0.0574511909755131,0.1370768547058105,-0.2551413178443908,-0.0705846125157734,0.0144165158271789,-0.2677487134933471,0.0002051960517235,0.0417627394199371,-0.3710957169532776,-0.015999032733049,0.0685283243656158,-0.4333332777023315,-0.031946121332254,0.0911450982093811,-0.4852909445762634,-0.0423183614285846,-0.0214825272560119,-0.2730401754379272,-0.0160510787638088,-0.0133889913558959,-0.3810064792633056,-0.0343975411625763,0.0010760724544525,-0.4479652643203735,-0.0476435186239143,0.0178596675395965,-0.5022399127483368,-0.0548208268257042,-0.0612582266330719,-0.2554459571838379,-0.0353640267523189,-0.0822541415691375,-0.336181104183197,-0.0489791208775898,-0.0924968719482421,-0.3948730826377868,-0.0518117571147342,-0.0965791493654251,-0.4484031200408935,-0.0523223006995579,play
0.0,0.0,0.0,0.0628271400928497,-0.0460858345031738,-0.0175563307386994,0.110028475522995,-0.1127933263778686,-0.030605841977632,0.146395742893219,-0.1705946922302246,-0.047473975075519,0.1672767698764801,-0.2351264953613281,-0.0611624648702502,0.0398633480072021,-0.2429373264312744,0.0104019412862896,0.0836928188800811,-0.3101366460323334,-0.0273564482015729,0.1164735257625579,-0.2963462173938751,-0.0601859545243144,0.1358356177806854,-0.2568094134330749,-0.0746459482145667,0.0098682940006256,-0.2718290686607361,0.0011316753550261,0.0359845459461212,-0.3772762417793274,-0.0162505792361855,0.0643702745437622,-0.4388736486434936,-0.0334581999016165,0.0876915752887725,-0.4875611960887909,-0.0445850534272551,-0.0263338983058929,-0.2762775719165802,-0.0166197592300534,-0.0192351639270782,-0.3853407502174377,-0.0353999292385935,-0.00404754281044,-0.4533564448356628,-0.0493833279145121,0.0132452547550201,-0.5080423057079315,-0.0569231850934386,-0.0653985440731048,-0.2571157217025757,-0.0373213967216372,-0.086836501955986,-0.3388662338256836,-0.050470289392507,-0.0959787964820861,-0.3981417417526245,-0.0530190175307154,-0.0988563448190689,-0.4511612057685852,-0.0533323032689452,play
0.0,0.0,0.0,0.0636506974697113,-0.0424971580505371,-0.0175612207614221,0.1126529276371002,-0.1247560381889343,-0.0266440857313909,0.14450204372406,-0.1905606985092163,-0.0383329123370685,0.1707597970962524,-0.2479889988899231,-0.0477722466104069,0.0313781797885894,-0.2645222544670105,0.0054950842521748,0.0634446442127227,-0.3387994766235351,-0.0212771196030416,0.1025611162185669,-0.3516953587532043,-0.0457435876243152,0.136543333530426,-0.3499773442745209,-0.0590111903958359,-0.0005964040756225,-0.2838705778121948,-0.0041744077690282,0.0097979307174682,-0.3893095254898071,-0.0232641782723703,0.0413778424263,-0.4448288679122925,-0.0397349849455395,0.0714572072029113,-0.4800443947315216,-0.0486343607418575,-0.0325092077255249,-0.2805265784263611,-0.0200811281912365,-0.035094991326332,-0.3875902593135834,-0.0404211610667744,-0.0066250562667846,-0.4420296549797058,-0.0498037889711895,0.024455577135086,-0.4803148210048675,-0.052417959284071,-0.0631921291351318,-0.254740834236145,-0.0390547134094276,-0.0797799825668335,-0.342885673046112,-0.0538139186911621,-0.0788607895374298,-0.4105441570281982,-0.0555937916152515,-0.0691001117229461,-0.4665623903274536,-0.0542023025565185,play
0.0,0.0,0.0,0.0591045320034027,-0.0368211865425109,-0.0107108439957812,0.1161581873893737,-0.1131563782691955,-0.0323872120758608,0.1645173728466034,-0.1593623757362365,-0.0610599146863535,0.1935561597347259,-0.2057974338531494,-0.0871122033974245,0.0373477041721344,-0.2620542645454407,-0.0101055793171838,0.0678419768810272,-0.395594447851181,-0.0523679816803053,0.1239994764328002,-0.3451369404792785,-0.0837008507629946,0.1416419148445129,-0.2728286981582641,-0.0974720271011904,0.0102183818817138,-0.2655289769172668,-0.0278948099991396,0.0443887114524841,-0.4057888388633728,-0.0632825942417696,0.104356825351715,-0.3537846207618713,-0.0861896874090746,0.1179207861423492,-0.2883350849151611,-0.0969585256358698,-0.0205210447311401,-0.2572154402732849,-0.0501375982245519,-0.0005909204483032,-0.3985953330993652,-0.0760149808308199,0.0598613023757934,-0.3677742481231689,-0.0802197457930162,0.081273078918457,-0.3100334405899048,-0.07871725425926,-0.0518398880958557,-0.2341634035110473,-0.074590504326494,-0.035184159874916,-0.3460632562637329,-0.0932587014218881,0.0134221315383911,-0.3495718240737915,-0.0913746582051828,0.0385492444038391,-0.317286729812622,-0.0868400336882189,play
0.0,0.0,0.0,0.0683771669864654,-0.0217534303665161,-0.0185641179748472,0.1277193427085876,-0.049243152141571,-0.0418526380278763,0.158788800239563,-0.0748159885406494,-0.0692119262137112,0.1626401245594024,-0.1137136816978454,-0.0967962405600246,0.0624361634254455,-0.2401603460311889,-0.0333394295491871,0.0882431864738464,-0.2611774802207947,-0.0733341610946354,0.1189313530921936,-0.1784622073173523,-0.1017904019870457,0.1431565880775451,-0.1094666719436645,-0.1150842941322025,0.0119144618511199,-0.2368855476379394,-0.0419070123650726,0.0678649544715881,-0.2036165595054626,-0.0848394817628559,0.1059982776641845,-0.0904340744018554,-0.1040404177226719,0.1275367736816406,-0.0063791871070861,-0.1097640058912929,-0.0355072021484375,-0.2089682817459106,-0.0529586783566173,0.0194590091705322,-0.1757752299308776,-0.0954462773122486,0.0568170845508575,-0.0762433409690857,-0.0991827434816059,0.0800220668315887,0.0027976036071777,-0.0913913658775982,-0.0771761536598205,-0.1681159734725952,-0.0646207145371136,-0.0459208786487579,-0.1359555721282959,-0.0929332337298092,-0.0202919542789459,-0.0804097652435302,-0.0896875298537906,0.0003829300403594,-0.0310224890708923,-0.0790622270621952,play
0.0,0.0,0.0,-0.07763856649398804,0.022350043058395386,-0.0018742136329876757,-0.15236127376556396,0.09253141283988953,-0.011139271724829314,-0.19246435165405273,0.1648399829864502,-0.01727776968837702,-0.1940828561782837,0.2323816418647766,-0.026269957367190955,-0.14885950088500977,0.13396182656288147,-0.05734115647138083,-0.15012246370315552,0.28212493658065796,-0.08017445908845389,-0.1477750539779663,0.36546266078948975,-0.0928961540943476,-0.14454257488250732,0.4301115870475769,-0.10175140010179007,-0.08965557813644409,0.14175423979759216,-0.06803106324733221,-0.09300434589385986,0.29197609424591064,-0.08913289563716376,-0.08580976724624634,0.25465333461761475,-0.08644735621274435,-0.08183526992797852,0.19769465923309326,-0.08486538188518011,-0.028948187828063965,0.1489432156085968,-0.07531586842597449,-0.043740808963775635,0.29048067331314087,-0.09569541173041785,-0.03573453426361084,0.24898403882980347,-0.07707415329278433,-0.03188830614089966,0.19415423274040222,-0.06351858930648291,0.03018730878829956,0.15622365474700928,-0.0816564615255686,0.00979912281036377,0.26986992359161377,-0.09917896794141257,0.014101803302764893,0.2321053147315979,-0.08368397312224829,0.02040034532546997,0.18351739645004272,-0.07051153289140188,volume down
0.0,0.0,0.0,-0.07548308372497559,0.018556594848632812,-0.0025515930217494542,-0.14971131086349487,0.09062981605529785,-0.012405315316541987,-0.18893545866012573,0.16659575700759888,-0.01934446943484147,-0.19400554895401,0.2341938614845276,-0.02894774814627965,-0.147976815700531,0.13404694199562073,-0.05616486807845433,-0.14864176511764526,0.2793363928794861,-0.07917876531861623,-0.1461072564125061,0.36220884323120117,-0.09207864095948537,-0.14182525873184204,0.4265868067741394,-0.10099457939647039,-0.0891808271408081,0.14253050088882446,-0.06631893654845555,-0.08999836444854736,0.2890450358390808,-0.08858350654624303,-0.082866370677948,0.2510930895805359,-0.0865953265645345,-0.07908058166503906,0.19445550441741943,-0.08506736894629796,-0.029030680656433105,0.14969953894615173,-0.07311565419219335,-0.04114621877670288,0.28744757175445557,-0.09469366808913549,-0.03254646062850952,0.24606609344482422,-0.07621502121470769,-0.028311312198638916,0.1911512315273285,-0.06229964261434873,0.029709279537200928,0.15758591890335083,-0.07893680771373113,0.011734604835510254,0.26716291904449463,-0.09693536152623494,0.017433583736419678,0.22848162055015564,-0.08145189275525411,0.023283302783966064,0.18019214272499084,-0.06798414131186803,volume down
0.0,0.0,0.0,-0.07605910301208496,0.01801416277885437,-0.002689014734485795,-0.1511094570159912,0.08979770541191101,-0.011786779934325864,-0.19136035442352295,0.16603714227676392,-0.017835960337677648,-0.1943262815475464,0.23507684469223022,-0.02662778141514366,-0.1500118374824524,0.13167819380760193,-0.05553068833962982,-0.15124106407165527,0.27788370847702026,-0.07946149500624244,-0.1485573649406433,0.36138999462127686,-0.09299990775600975,-0.14428377151489258,0.4255881905555725,-0.10196174176947181,-0.09174704551696777,0.13969144225120544,-0.0655632639171273,-0.09341132640838623,0.28959357738494873,-0.08903002979771202,-0.08392971754074097,0.2524682879447937,-0.08779173585192268,-0.07881200313568115,0.19474580883979797,-0.08606677743212288,-0.03170430660247803,0.14723703265190125,-0.07237442823664253,-0.04416525363922119,0.2885040044784546,-0.09507677944914406,-0.03376716375350952,0.24712204933166504,-0.07727387043253486,-0.029131829738616943,0.19083383679389954,-0.06312638762013023,0.027175188064575195,0.15551531314849854,-0.07818135114924019,0.009060323238372803,0.26760512590408325,-0.09694803746954506,0.015701115131378174,0.22947335243225098,-0.08187531920687263,0.021730005741119385,0.18010938167572021,-0.06829697134510582,volume down
0.0,0.0,0.0,-0.07641953229904175,0.02116212248802185,-0.0027843180523206,-0.15109527111053467,0.09297928214073181,-0.013333268690942646,-0.19070672988891602,0.16963255405426025,-0.020560401719151855,-0.19615334272384644,0.23992830514907837,-0.030673495721160293,-0.1503245234489441,0.13367214798927307,-0.0597426847034086,-0.15106648206710815,0.28192394971847534,-0.08404627744489801,-0.148379385471344,0.3664023280143738,-0.0972008362823118,-0.14467871189117432,0.4319053292274475,-0.10609725419813287,-0.09126228094100952,0.1418495774269104,-0.07007666234308374,-0.09309583902359009,0.2924154996871948,-0.09293835912281168,-0.08435195684432983,0.25324171781539917,-0.09027345780664575,-0.08045881986618042,0.19503456354141235,-0.08810535375410211,-0.030730485916137695,0.14892488718032837,-0.07699177716308725,-0.043665945529937744,0.29069966077804565,-0.09913339767986429,-0.03367722034454346,0.24792879819869995,-0.08016521040731561,-0.030223429203033447,0.19231095910072327,-0.06575118307405603,0.028255343437194824,0.15615010261535645,-0.08281918917232645,0.010035991668701172,0.26797419786453247,-0.10112781379753244,0.015624284744262695,0.22976592183113098,-0.08546473388010156,0.020423412322998047,0.18203192949295044,-0.07178641412788522,volume down
0.0,0.0,0.0,-0.07648235559463501,0.02085784077644348,-0.003930268539662052,-0.15223509073257446,0.09236273169517517,-0.015171553670043636,-0.19193029403686523,0.17095345258712769,-0.023149956679517913,-0.1956893801689148,0.2432299256324768,-0.0340537249209234,-0.15050792694091797,0.13271695375442505,-0.05973390928524225,-0.1515234112739563,0.28056979179382324,-0.08335467121618478,-0.14841848611831665,0.36436009407043457,-0.09590334138887613,-0.14445030689239502,0.4288630485534668,-0.10454003206508844,-0.09159761667251587,0.14202293753623962,-0.06973989001529901,-0.09387552738189697,0.2920580506324768,-0.09254470161216943,-0.08575302362442017,0.25397682189941406,-0.0901477008225271,-0.0817297101020813,0.1966308057308197,-0.08830918065326898,-0.031103014945983887,0.14924690127372742,-0.07637738130109994,-0.04376864433288574,0.29024171829223633,-0.09778228840845316,-0.03502821922302246,0.2477167844772339,-0.07868697932975977,-0.031513512134552,0.192137211561203,-0.06457777760046213,0.027976691722869873,0.15652728080749512,-0.08217230877893655,0.009558141231536865,0.2672240138053894,-0.10001095823066919,0.014345049858093262,0.22958284616470337,-0.08460018477457254,0.019199907779693604,0.18216627836227417,-0.07136664978283136,volume down
0.0,0.0,0.0,-0.07673674821853638,0.021220147609710693,-0.003764457292746215,-0.15142393112182617,0.09313246607780457,-0.01503650796588829,-0.19030320644378662,0.17210698127746582,-0.02308885239985159,-0.19411861896514893,0.24469566345214844,-0.03422048361029795,-0.14984482526779175,0.1329573690891266,-0.05977363557543924,-0.15085798501968384,0.28148746490478516,-0.08272143498983553,-0.1468820571899414,0.3649842143058777,-0.09431321964588335,-0.14245760440826416,0.4281156063079834,-0.10215931431379488,-0.09126394987106323,0.14175361394882202,-0.06965073988762072,-0.0927923321723938,0.2911788821220398,-0.09119694725599459,-0.08403795957565308,0.25510209798812866,-0.08761248038139513,-0.08027225732803345,0.19870007038116455,-0.0852757696899431,-0.030595242977142334,0.14877569675445557,-0.07621575192537478,-0.044206857681274414,0.28934359550476074,-0.0970635642203348,-0.0343707799911499,0.24833029508590698,-0.07737241731014421,-0.030492544174194336,0.19387435913085938,-0.06300974682893923,0.02884310483932495,0.155877947807312,-0.08190318987693956,0.008761882781982422,0.26810556650161743,-0.09946393267240694,0.013890564441680908,0.23168838024139404,-0.08369623170223406,0.019316673278808594,0.18461233377456665,-0.07027699098911455,volume down
0.0,0.0,0.0,-0.07623910903930664,0.022748619318008423,-0.0036019974861716264,-0.15065205097198486,0.0947381854057312,-0.014983457607073092,-0.18929344415664673,0.17307913303375244,-0.02328262021843841,-0.1937745213508606,0.24433580040931702,-0.03464751606885841,-0.14935624599456787,0.13474583625793457,-0.05908978646699836,-0.15031975507736206,0.2825881540775299,-0.08263009702865531,-0.1469234824180603,0.3656340539455414,-0.09463653629724433,-0.14291465282440186,0.42959102988243103,-0.10269296085540702,-0.0912429690361023,0.1441386640071869,-0.06936109727327278,-0.09219735860824585,0.29339465498924255,-0.09153707986776283,-0.08321762084960938,0.2569558918476105,-0.08822712963525703,-0.07969427108764648,0.2006528079509735,-0.08578364467327049,-0.030747175216674805,0.15096965432167053,-0.07637157952491691,-0.04266810417175293,0.29152610898017883,-0.09754592841569831,-0.03297257423400879,0.2503555119037628,-0.07811725055877616,-0.029635190963745117,0.1958598792552948,-0.06375252371732643,0.02874600887298584,0.15703818202018738,-0.08251099949781349,0.011040210723876953,0.2683986723423004,-0.10003668731157234,0.01613152027130127,0.23206976056098938,-0.08434716528360298,0.020847797393798828,0.18496280908584595,-0.07090090876523902,volume down
0.0,0.0,0.0,-0.07705146074295044,0.021545499563217163,-0.0016589229019245977,-0.15090864896774292,0.09184765815734863,-0.011691880321677672,-0.18976247310638428,0.16641968488693237,-0.018786947152193534,-0.1969435214996338,0.23413565754890442,-0.028950729316647994,-0.15025311708450317,0.13260740041732788,-0.058356351128395545,-0.15176713466644287,0.2810114920139313,-0.08180538835244988,-0.1474246382713318,0.36378464102745056,-0.0939101752849183,-0.14218127727508545,0.42795076966285706,-0.10203758152442788,-0.09197884798049927,0.13922452926635742,-0.06959026577192162,-0.09382903575897217,0.2935594618320465,-0.09118776293712472,-0.08483803272247314,0.25743481516838074,-0.08769240500646447,-0.08139735460281372,0.20074158906936646,-0.0853657227964959,-0.03149062395095825,0.14531773328781128,-0.07745639505105828,-0.04520004987716675,0.28923264145851135,-0.0982865345688424,-0.03504204750061035,0.2477429211139679,-0.0784396779747567,-0.031354546546936035,0.19314232468605042,-0.06395370038467263,0.02813178300857544,0.15170487761497498,-0.08432417633252953,0.009562849998474121,0.26767298579216003,-0.10211717607694482,0.014397799968719482,0.2308228313922882,-0.08608283372836922,0.019154846668243408,0.1828306019306183,-0.07244261624532555,volume down
0.0,0.0,0.0,-0.07624155282974243,0.021060526371002197,-0.0030115268369002024,-0.15210050344467163,0.09123450517654419,-0.01384746080159971,-0.19078171253204346,0.16615280508995056,-0.02148604655533859,-0.19428706169128418,0.23568612337112427,-0.032259655016360966,-0.14935940504074097,0.1327494978904724,-0.06071217061847278,-0.15025347471237183,0.2818809151649475,-0.0842251971539838,-0.1463717818260193,0.3659183979034424,-0.09632388206094333,-0.1418800950050354,0.43003469705581665,-0.10464497359365055,-0.09091746807098389,0.13963693380355835,-0.07133161725371906,-0.09115499258041382,0.29120367765426636,-0.09291018249362537,-0.08348655700683594,0.25311970710754395,-0.08908191772073337,-0.08130550384521484,0.19559422135353088,-0.08683728130429813,-0.030288219451904297,0.14538156986236572,-0.07860554458468982,-0.042468905448913574,0.2877815365791321,-0.10006159992784092,-0.03360944986343384,0.24511295557022095,-0.08048107923835346,-0.030922412872314453,0.189907044172287,-0.06625838281482288,0.029664039611816406,0.15138787031173706,-0.08491551579803058,0.01135927438735962,0.265336275100708,-0.10329328926175663,0.01569187641143799,0.22771140933036804,-0.08755976410478183,0.020548880100250244,0.17943668365478516,-0.07422736735910007,volume down
0.0,0.0,0.0,-0.07576608657836914,0.02204906940460205,-0.0025610331489644977,-0.1495513916015625,0.09398779273033142,-0.013309336877142641,-0.18891364336013794,0.16871652007102966,-0.021296516670560095,-0.19923615455627441,0.23617172241210938,-0.032425793497537825,-0.14954286813735962,0.13376107811927795,-0.058702709763025496,-0.1512153148651123,0.28274911642074585,-0.0827992396938555,-0.146490216255188,0.3672400116920471,-0.0949549215423815,-0.1407914161682129,0.43159401416778564,-0.10295208418247626,-0.091744065284729,0.1423419713973999,-0.06936451667425558,-0.09125339984893799,0.2945624589920044,-0.09165038043138907,-0.08121705055236816,0.25920569896698,-0.08785125487921164,-0.07815438508987427,0.20325815677642822,-0.08520717048523352,-0.031186282634735107,0.14945772290229797,-0.0768507333981745,-0.04217320680618286,0.2914162874221802,-0.09858349585411474,-0.031606435775756836,0.25071150064468384,-0.07864999645826742,-0.028368234634399414,0.19650310277938843,-0.06386407339451239,0.029028892517089844,0.15647372603416443,-0.08336385214207098,0.011358082294464111,0.2703631520271301,-0.10163105153915808,0.016764044761657715,0.23364001512527466,-0.08562329286215231,0.021413028240203857,0.18586617708206177,-0.07181736701605246,volume down
0.0,0.0,0.0,-0.07683581113815308,0.022357910871505737,-0.003704062271509656,-0.14954739809036255,0.09455740451812744,-0.014930298626069316,-0.18692243099212646,0.17004400491714478,-0.023390200994555244,-0.1976833939552307,0.2372126579284668,-0.03481633502954651,-0.14924538135528564,0.1336866021156311,-0.05778466079348732,-0.1497880220413208,0.2785997986793518,-0.08132070217246223,-0.14587527513504028,0.3609027862548828,-0.09366059962624718,-0.1410665512084961,0.42482542991638184,-0.10207818362826515,-0.09083664417266846,0.14143157005310059,-0.06853711519354988,-0.09178805351257324,0.29250001907348633,-0.09081703338736702,-0.08417850732803345,0.2577042579650879,-0.0880622780692022,-0.08149707317352295,0.201958566904068,-0.08621042881125618,-0.030294358730316162,0.14744365215301514,-0.0762543669711988,-0.042424798011779785,0.288715124130249,-0.0974721005927961,-0.033722519874572754,0.24942994117736816,-0.07800725761765648,-0.030533790588378906,0.1956603229045868,-0.06368201140278984,0.029532551765441895,0.15393805503845215,-0.08326826158875633,0.011475563049316406,0.2686166763305664,-0.10107532057875801,0.015090227127075195,0.23336580395698547,-0.08540464851969887,0.019441843032836914,0.18588382005691528,-0.07197082702035118,volume down
0.0,0.0,0.0,-0.07587200403213501,0.020069032907485962,-0.003952994835060508,-0.14916712045669556,0.09127387404441833,-0.014615889996719034,-0.1875430941581726,0.1679595708847046,-0.022254490651619108,-0.19675207138061523,0.23638418316841125,-0.032917264275681646,-0.1491832137107849,0.13202688097953796,-0.057715318523776205,-0.14926618337631226,0.2779780328273773,-0.08138041885985103,-0.14502280950546265,0.360927015542984,-0.09371019097460476,-0.1402098536491394,0.4247402250766754,-0.1019927183021423,-0.09149670600891113,0.13939613103866577,-0.06780826243056026,-0.09091508388519287,0.29022303223609924,-0.09010895284308162,-0.08243513107299805,0.25594404339790344,-0.08714466484678951,-0.07979047298431396,0.20034411549568176,-0.08496215882195202,-0.03137630224227905,0.14551842212677002,-0.07494504692448345,-0.04205191135406494,0.2867204248905182,-0.09683228971852031,-0.03239583969116211,0.24730685353279114,-0.07768023701800075,-0.02962249517440796,0.193537175655365,-0.06322319003237453,0.02843254804611206,0.15227752923965454,-0.08128948452366558,0.011088073253631592,0.2664974629878998,-0.09976068826807705,0.01578843593597412,0.2303697168827057,-0.08441378118885723,0.020044267177581787,0.18293333053588867,-0.07096687646998134,volume down
0.0,0.0,0.0,-0.0752413272857666,0.016307026147842407,-0.0029834596135600577,-0.14696651697158813,0.08818826079368591,-0.012846399673534847,-0.18657541275024414,0.16407793760299683,-0.01953120680273912,-0.19570589065551758,0.2311411201953888,-0.029017632470740296,-0.1478627324104309,0.13028016686439514,-0.05817815253259084,-0.14732098579406738,0.2760872542858124,-0.08222696521998785,-0.14390534162521362,0.36046209931373596,-0.09549163618804357,-0.13958197832107544,0.4253394305706024,-0.104600820333971,-0.09008687734603882,0.13828927278518677,-0.06795568356038473,-0.08778786659240723,0.2852538526058197,-0.08956211397172353,-0.07925808429718018,0.2505439221858978,-0.08635839411736868,-0.07634514570236206,0.19526055455207825,-0.08456825801850698,-0.030066192150115967,0.14512330293655396,-0.07466347852469823,-0.039079129695892334,0.28180447220802307,-0.09657150843860052,-0.02966207265853882,0.24270585179328918,-0.0779500115823879,-0.026837289333343506,0.1895081102848053,-0.06417880544186971,0.029033303260803223,0.15242284536361694,-0.08036541530610464,0.01430279016494751,0.2617676556110382,-0.09897398540498159,0.019549548625946045,0.22412946820259094,-0.08400656619788549,0.02348703145980835,0.17650073766708374,-0.07106746325017355,volume down
0.0,0.0,0.0,-0.07512563467025757,0.01587727665901184,-0.0038809266906696394,-0.1468806266784668,0.08790630102157593,-0.014007225682632907,-0.18536299467086792,0.16471514105796814,-0.02082110667009829,-0.19196373224258423,0.23441103100776672,-0.030353934554057105,-0.1474890112876892,0.12925413250923157,-0.05833234363575457,-0.14611059427261353,0.27701929211616516,-0.08190259435554026,-0.1425268054008484,0.3617280423641205,-0.09474932500501154,-0.13846397399902344,0.42649969458580017,-0.10364386537452219,-0.08942681550979614,0.136234849691391,-0.06777864792724131,-0.0880858302116394,0.2849549949169159,-0.09027951308866022,-0.08014786243438721,0.24930068850517273,-0.08804744580169199,-0.07707315683364868,0.19325163960456848,-0.08644416281362055,-0.029365479946136475,0.14307436347007751,-0.07408046075482844,-0.038852810859680176,0.282164067029953,-0.09669638523240565,-0.029476940631866455,0.2420550286769867,-0.0786875049151945,-0.026643037796020508,0.18796563148498535,-0.0648957351722288,0.029680192470550537,0.15117353200912476,-0.07941012927670954,0.014470040798187256,0.26153984665870667,-0.09896337339063166,0.019821345806121826,0.22350040078163147,-0.0846875841297674,0.02390986680984497,0.1752086877822876,-0.07188928970475672,volume down
0.0,0.0,0.0,-0.07384234666824341,0.019069373607635498,-0.004508698704057679,-0.1467689871788025,0.09289193153381348,-0.015490176966750369,-0.1853511929512024,0.16972953081130981,-0.023041228643023715,-0.18742722272872925,0.24075627326965332,-0.033326622909271464,-0.1453070044517517,0.13445791602134705,-0.06023994169231628,-0.143673837184906,0.2842094302177429,-0.08476357988115524,-0.13899242877960205,0.3689783215522766,-0.09817674092050765,-0.13369077444076538,0.43265247344970703,-0.10728059790130828,-0.086994469165802,0.14030495285987854,-0.06980969837900375,-0.08392083644866943,0.29035985469818115,-0.0938242458462355,-0.07611095905303955,0.2518575191497803,-0.0920203038215277,-0.07375305891036987,0.19416901469230652,-0.09035594842430328,-0.02685832977294922,0.1463225781917572,-0.0761751466154692,-0.0344662070274353,0.2873711585998535,-0.10036984912153457,-0.025665640830993652,0.24578356742858887,-0.08275570056434844,-0.023358941078186035,0.19071519374847412,-0.06889333657022689,0.03184664249420166,0.15380075573921204,-0.0814939447402594,0.017894208431243896,0.26514506340026855,-0.10232905379530166,0.023492097854614258,0.22623440623283386,-0.08805587968822692,0.02810204029083252,0.1770438253879547,-0.0749994897007582,volume down
0.0,0.0,0.0,-0.07612276077270508,0.018328428268432617,-0.0038208349845660905,-0.1477474570274353,0.09149450063705444,-0.013156802696670411,-0.18526488542556763,0.1679939329624176,-0.019168521580780862,-0.1883620023727417,0.2376638650894165,-0.027596638841117738,-0.14542019367218018,0.13545414805412292,-0.05558156345554721,-0.14313161373138428,0.28231877088546753,-0.07803591091700923,-0.1386810541152954,0.3652247190475464,-0.09037030984231365,-0.1336759328842163,0.4279105067253113,-0.09888398398229015,-0.0872926115989685,0.14279726147651672,-0.06443501759835613,-0.08400064706802368,0.2869971990585327,-0.08544213075705898,-0.07710456848144531,0.25068163871765137,-0.08310236532756221,-0.07493758201599121,0.19571325182914734,-0.0817807068354739,-0.027603983879089355,0.14951816201210022,-0.07029537607499492,-0.036114633083343506,0.2840709090232849,-0.09154645849534404,-0.027537226676940918,0.24367958307266235,-0.07389618952342403,-0.025181472301483154,0.1910068690776825,-0.06074458111592662,0.03058779239654541,0.1571444272994995,-0.0752358858711375,0.01593482494354248,0.26497775316238403,-0.09329921503135097,0.021412253379821777,0.22670400142669678,-0.0787897383100642,0.025599896907806396,0.1801544427871704,-0.06614282478162181,volume down
0.0,0.0,0.0,-0.07550394535064697,0.019400030374526978,-0.003678073542829452,-0.14620214700698853,0.0934218168258667,-0.013041120622943936,-0.18248993158340454,0.1712036430835724,-0.019091832120608387,-0.19116276502609253,0.23950594663619995,-0.027591178794097004,-0.1455588936805725,0.13478362560272217,-0.05618977606732756,-0.1436152458190918,0.281819224357605,-0.07853660792548567,-0.13919222354888916,0.36471235752105713,-0.0904013147993794,-0.1344010829925537,0.428091824054718,-0.09856072128255278,-0.0870775580406189,0.14238113164901733,-0.06524238050420195,-0.08504611253738403,0.2874646782875061,-0.08639277577836424,-0.07766395807266235,0.25165194272994995,-0.08383712232549101,-0.07511138916015625,0.19701066613197327,-0.08221192717988401,-0.027373194694519043,0.14934536814689636,-0.07120097488601118,-0.03711974620819092,0.28455203771591187,-0.09193122446973234,-0.02825319766998291,0.24411475658416748,-0.0735502919598332,-0.02546638250350952,0.19168737530708313,-0.059989821766208706,0.031007885932922363,0.15686559677124023,-0.07629727632243544,0.015309512615203857,0.26463520526885986,-0.0939818254156819,0.020431458950042725,0.2265164852142334,-0.07907239407737165,0.024654090404510498,0.18060517311096191,-0.0661117738528958,volume down
0.0,0.0,0.0,-0.07602930068969727,0.020478516817092896,-0.002648401916943044,-0.14617919921875,0.0947079062461853,-0.012073551914639324,-0.18232125043869019,0.1728113889694214,-0.018482457525081486,-0.19049668312072754,0.24210849404335022,-0.02767783184999928,-0.14491134881973267,0.13662737607955933,-0.05612423611337647,-0.1429557204246521,0.28537610173225403,-0.07764817742163643,-0.1381065845489502,0.36750373244285583,-0.08858439294154152,-0.1332659125328064,0.43054792284965515,-0.09633408454710946,-0.08714699745178223,0.14331933856010437,-0.06596381930167183,-0.08613967895507812,0.29100915789604187,-0.08653137800747857,-0.07904309034347534,0.25477471947669983,-0.0832998302345942,-0.07673889398574829,0.19995641708374023,-0.08132263240868554,-0.0272519588470459,0.14886698126792908,-0.07256318596655831,-0.037839531898498535,0.2871585190296173,-0.09285202590281472,-0.02900141477584839,0.2452664077281952,-0.07391545144373879,-0.0265083909034729,0.19246521592140198,-0.06018722025210366,0.03187155723571777,0.1547197699546814,-0.07822060552889809,0.016626477241516113,0.2646463215351105,-0.09631229159886345,0.02108299732208252,0.2261279821395874,-0.08168604192788109,0.024279773235321045,0.1799587607383728,-0.06903040376955971,volume down
0.0,0.0,0.0,-0.0768546462059021,0.019993066787719727,-0.0030704980297571183,-0.14734894037246704,0.09456241130828857,-0.012177918250728226,-0.18343055248260498,0.17310580611228943,-0.01818909510510025,-0.18823999166488647,0.24163413047790527,-0.026778685073423958,-0.1447662115097046,0.13654235005378723,-0.05481198444502411,-0.1417059302330017,0.2848379611968994,-0.0763741211547142,-0.13731420040130615,0.3676152229309082,-0.08761566891806183,-0.13271218538284302,0.4307776689529419,-0.09548396631615219,-0.08666753768920898,0.14377811551094055,-0.06429754212038574,-0.08536022901535034,0.28993552923202515,-0.08484890326397476,-0.07900971174240112,0.25363612174987793,-0.08206819012301025,-0.0764954686164856,0.1983511745929718,-0.08026063456671295,-0.026668071746826172,0.1495945155620575,-0.07067456855909882,-0.03725278377532959,0.28578025102615356,-0.09160213931934891,-0.029110252857208252,0.24455463886260986,-0.07363040759699402,-0.0264551043510437,0.19181150197982788,-0.06018073126213608,0.03233826160430908,0.15559238195419312,-0.07608916624920425,0.01702415943145752,0.26545464992523193,-0.09425190105574188,0.02146148681640625,0.22690802812576294,-0.07984354361431656,0.02522444725036621,0.17990383505821228,-0.06727661951916275,volume down
0.0,0.0,0.0,-0.07790225744247437,0.021712183952331543,-0.002161290175578756,-0.145982027053833,0.09948158264160156,-0.01099817725393848,-0.17981374263763428,0.17976784706115723,-0.016476562158501906,-0.18420273065567017,0.24942928552627563,-0.02463225452724771,-0.14039462804794312,0.14044097065925598,-0.05689837402228193,-0.13591700792312622,0.2879732847213745,-0.0787451489878066,-0.1298198103904724,0.37063276767730713,-0.08999875924114065,-0.12387323379516602,0.4335784912109375,-0.09768885365251379,-0.08194512128829956,0.144849956035614,-0.066176280291117,-0.07811731100082397,0.289215087890625,-0.08480257532123403,-0.07331037521362305,0.2530696988105774,-0.0803429781508811,-0.0732201337814331,0.19937074184417725,-0.07814852139476614,-0.02182680368423462,0.14801308512687683,-0.07215590766195135,-0.02995753288269043,0.2842285633087158,-0.09142984441045598,-0.02307891845703125,0.24331724643707275,-0.07246692469838933,-0.022435009479522705,0.19221746921539307,-0.05904819062475042,0.03686344623565674,0.15081411600112915,-0.07705121478561239,0.024237215518951416,0.2628214955329895,-0.0937973334503539,0.02689594030380249,0.22495874762535095,-0.07855572542671041,0.029050111770629883,0.1785416603088379,-0.0658490656924613,volume down
0.0,0.0,0.0,-0.07586681842803955,0.027069836854934692,-0.004056895693167917,-0.1438307762145996,0.10605931282043457,-0.014833992422893516,-0.17635822296142578,0.18782642483711243,-0.022590396070256702,-0.18147015571594238,0.2551973760128021,-0.03328802723564195,-0.1363919973373413,0.14379429817199707,-0.05774957973636674,-0.13197040557861328,0.28971919417381287,-0.07990116912998246,-0.1262502670288086,0.3712168037891388,-0.09034938652195024,-0.11967241764068604,0.43462637066841125,-0.09742234189189958,-0.07894551753997803,0.14841777086257935,-0.06720006752885865,-0.07556384801864624,0.2936690151691437,-0.08838776786006974,-0.07119506597518921,0.25735554099082947,-0.0845147996035962,-0.07091677188873291,0.2034240961074829,-0.08167505551256227,-0.01950448751449585,0.14989927411079407,-0.07347655583299684,-0.027410149574279785,0.2866763174533844,-0.09436174769081163,-0.021545112133026123,0.2470698058605194,-0.07509422589220094,-0.020290493965148926,0.19620731472969055,-0.06071238134182977,0.03952068090438843,0.15127897262573242,-0.07891974885143327,0.02736222743988037,0.2648814022541046,-0.09666010279335069,0.028686881065368652,0.22896498441696167,-0.08163472551979112,0.030391395092010498,0.18328234553337097,-0.06867312181867646,volume down
0.0,0.0,0.0,-0.07574301958084106,0.02913457155227661,-0.0052336670974426625,-0.14405423402786255,0.10810494422912598,-0.017345983772926843,-0.17447543144226074,0.1910201907157898,-0.026238650321417367,-0.17207282781600952,0.25971490144729614,-0.03842900717204145,-0.1348373293876648,0.1431301236152649,-0.05976620340292982,-0.12811046838760376,0.2862997055053711,-0.08065781766121916,-0.12020963430404663,0.3666195869445801,-0.09055857384150556,-0.11153990030288696,0.42959100008010864,-0.0975465404385858,-0.07584971189498901,0.14747655391693115,-0.06904848688786558,-0.07201844453811646,0.29341596364974976,-0.08994052582924894,-0.06813299655914307,0.25822848081588745,-0.08618923300450376,-0.06651300191879272,0.20283502340316772,-0.08342443430369428,-0.015886664390563965,0.14777281880378723,-0.07495865249579481,-0.023067772388458252,0.28579092025756836,-0.09433451318686537,-0.018963396549224854,0.24711376428604126,-0.07515138411467603,-0.017178833484649658,0.19512557983398438,-0.06133092963641218,0.042334556579589844,0.14778703451156616,-0.08020108216946653,0.029940426349639893,0.2620502710342407,-0.09651157283728651,0.030915439128875732,0.226864755153656,-0.08099262440150312,0.03394746780395508,0.1803121566772461,-0.0681183787578874,volume down
0.0,0.0,0.0,-0.07418954372406006,0.030717045068740845,-0.005824101732272879,-0.14072149991989136,0.1105613112449646,-0.018544178565193192,-0.17011922597885132,0.19331425428390503,-0.027660619576622025,-0.16500931978225708,0.2636820673942566,-0.04014629322772123,-0.129641592502594,0.14452135562896729,-0.06321600649242498,-0.1219855546951294,0.2885977625846863,-0.08592707488422491,-0.11347973346710205,0.3692858815193176,-0.09685418579464056,-0.10436898469924927,0.43155109882354736,-0.10410594019775488,-0.07043963670730591,0.14583337306976318,-0.07247575942163564,-0.06494754552841187,0.2945789098739624,-0.0943836179721842,-0.060571253299713135,0.25911474227905273,-0.0906633568156252,-0.05991631746292114,0.2025810182094574,-0.08771257672195532,-0.010727763175964355,0.14398926496505737,-0.07833899382238485,-0.01664823293685913,0.28606492280960083,-0.09831686142568685,-0.012810766696929932,0.24699020385742188,-0.07901423249130346,-0.01264345645904541,0.19365748763084412,-0.06489430192594625,0.04672574996948242,0.14187240600585938,-0.08356165710573293,0.03496772050857544,0.2596420645713806,-0.10004202101116277,0.03526580333709717,0.22576257586479187,-0.08435540470962621,0.03731977939605713,0.17834267020225525,-0.07127609673624136,volume down
0.0,0.0,0.0,-0.07274401187896729,0.03303268551826477,-0.005393724462777527,-0.13798165321350098,0.11304423213005066,-0.016145338344216498,-0.16531413793563843,0.19516807794570923,-0.02326046027505413,-0.16220790147781372,0.2646262049674988,-0.03347865589225307,-0.12716704607009888,0.14845207333564758,-0.05840822406375423,-0.11657464504241943,0.28918349742889404,-0.07965953000152126,-0.10926103591918945,0.3692662715911865,-0.09051296212041393,-0.10192853212356567,0.43177568912506104,-0.09793763704860226,-0.06882250308990479,0.14730718731880188,-0.0675233612235786,-0.059622347354888916,0.2946826219558716,-0.08917781807744518,-0.055658578872680664,0.25963956117630005,-0.08706569023692623,-0.05517333745956421,0.20263388752937317,-0.0845911587055923,-0.009358048439025879,0.14366629719734192,-0.07331042088830486,-0.012207567691802979,0.2852866053581238,-0.09336946256721035,-0.007613003253936768,0.24667233228683472,-0.075688534456134,-0.007931232452392578,0.1939201056957245,-0.06201711021626011,0.04900270700454712,0.13988330960273743,-0.0783740664299728,0.04121196269989014,0.25858867168426514,-0.09571269251668468,0.04254496097564697,0.2232949435710907,-0.08101370282733455,0.0438881516456604,0.17537471652030945,-0.0679615298684837,volume down
0.0,0.0,0.0,-0.07323241233825684,0.028033971786499023,-0.004265389753200566,-0.14113843441009521,0.10622572898864746,-0.014059724634208237,-0.17097944021224976,0.18772858381271362,-0.019788128671862637,-0.1738605499267578,0.25718778371810913,-0.02865219057879642,-0.1327800750732422,0.1427897810935974,-0.06131833547136978,-0.1251586675643921,0.2862247824668884,-0.0838741635658522,-0.11723291873931885,0.367953896522522,-0.09503800922415451,-0.10778564214706421,0.4315831661224365,-0.10219695174477295,-0.07639056444168091,0.1405501663684845,-0.06955127173445419,-0.0670056939125061,0.288618803024292,-0.09097140782854751,-0.06095951795578003,0.2523060441017151,-0.08680790418169693,-0.060284316539764404,0.19747278094291687,-0.08300419652245239,-0.017255723476409912,0.1384354829788208,-0.07429372274658874,-0.020039796829223633,0.2815493941307068,-0.09275542700073913,-0.01195305585861206,0.24268358945846558,-0.07222918176434234,-0.010902166366577148,0.19197767972946167,-0.057166186509348904,0.04239624738693237,0.1372637152671814,-0.07830437773249344,0.03543257713317871,0.25533854961395264,-0.09419992321512893,0.038053810596466064,0.22020015120506287,-0.07815291487953857,0.0387842059135437,0.17514964938163757,-0.06432808691046432,volume down
0.0,0.0,0.0,-0.07451719045639038,0.028638631105422974,-0.0025262252657398676,-0.1428666114807129,0.1007019579410553,-0.01211228847938628,-0.1767491102218628,0.1769351065158844,-0.0179538686989531,-0.17010140419006348,0.2439834177494049,-0.026838836935041854,-0.13523662090301514,0.13861596584320068,-0.05948057745086999,-0.12803339958190918,0.28208842873573303,-0.08281079654085488,-0.12051719427108765,0.3637825548648834,-0.09530850474226327,-0.11336064338684082,0.42705097794532776,-0.10369019929754586,-0.0799264907836914,0.13775411248207092,-0.06946913127291054,-0.0717734694480896,0.2867545187473297,-0.08998477433311791,-0.06533175706863403,0.25251689553260803,-0.08654785875665993,-0.06475305557250977,0.1978958249092102,-0.08420958344328255,-0.020695865154266357,0.1364833116531372,-0.07606512282478661,-0.02392667531967163,0.27952179312705994,-0.0951546130000338,-0.01646655797958374,0.24052509665489197,-0.07634381924259515,-0.016804277896881104,0.18829849362373352,-0.06274986986505837,0.03874671459197998,0.13613879680633545,-0.08177547131168694,0.032520174980163574,0.2520007789134979,-0.09819131318914742,0.03420901298522949,0.2185121774673462,-0.08336203519689889,0.03393465280532837,0.1737457513809204,-0.07079135600912423,volume down
0.0,0.0,0.0,-0.07361042499542236,0.025614231824874878,-0.005224233162778091,-0.13963103294372559,0.1021500825881958,-0.01675623016916461,-0.17233246564865112,0.17912226915359497,-0.02470095189772792,-0.16829198598861694,0.24694156646728516,-0.035672922753917646,-0.13475900888442993,0.13736483454704285,-0.061357126706468534,-0.1274425983428955,0.27919578552246094,-0.08495812597237773,-0.12096863985061646,0.36028701066970825,-0.096977037512886,-0.11502355337142944,0.42225217819213867,-0.10524087133370585,-0.07835632562637329,0.13929450511932373,-0.07060613962374873,-0.06972408294677734,0.2829016447067261,-0.09165132524930186,-0.06302791833877563,0.2510634660720825,-0.08766963067017741,-0.0629163384437561,0.19874858856201172,-0.0855862248178596,-0.019214391708374023,0.13967278599739075,-0.07691842051707454,-0.021373748779296875,0.2746570110321045,-0.09787030997239299,-0.014251530170440674,0.2376461625099182,-0.07923533501588054,-0.014447450637817383,0.1871337592601776,-0.0658331114288444,0.03898894786834717,0.14094865322113037,-0.08248026403151698,0.030859947204589844,0.25081491470336914,-0.0998498100277061,0.03380495309829712,0.21684840321540833,-0.08502487572394557,0.0349271297454834,0.17204931378364563,-0.07274542483054347,volume down
0.0,0.0,0.0,-0.07337862253189087,0.024491488933563232,-0.004634031948924644,-0.14302825927734375,0.09476268291473389,-0.015360574626654966,-0.17927616834640503,0.16837123036384583,-0.02259064877155481,-0.1764628291130066,0.23657900094985962,-0.032790314794809206,-0.1386932134628296,0.12939250469207764,-0.05938264393928705,-0.13616693019866943,0.2729150056838989,-0.08281024211767374,-0.13178390264511108,0.35460364818573,-0.09484436029318033,-0.12765437364578247,0.41781747341156006,-0.10275102073076425,-0.08399456739425659,0.13335326313972473,-0.06837200784805475,-0.07697087526321411,0.28001630306243896,-0.08993701303127466,-0.0679013729095459,0.24938148260116577,-0.08642926478508173,-0.06610238552093506,0.19637954235076904,-0.08386694306257425,-0.025413811206817627,0.1367163062095642,-0.0743538033378428,-0.028356552124023438,0.27524852752685547,-0.09466935360553919,-0.018837809562683105,0.2388622760772705,-0.07577107513073145,-0.01782524585723877,0.18713834881782532,-0.06177629196766077,0.032913386821746826,0.1409686803817749,-0.07962848657491861,0.023390233516693115,0.253426730632782,-0.0960937109005755,0.02825707197189331,0.2198706567287445,-0.08072589004162012,0.030562222003936768,0.17378810048103333,-0.06772996896627603,volume down
0.0,0.0,0.0,-0.07171636819839478,0.020739614963531494,-0.005546137620584091,-0.1384006142616272,0.09525147080421448,-0.015997278434113582,-0.17289751768112183,0.17088493704795837,-0.022891272720769962,-0.1805463433265686,0.23887717723846436,-0.03245739724941643,-0.13879263401031494,0.13140180706977844,-0.05882676776953133,-0.13585680723190308,0.274747371673584,-0.08276560988731774,-0.1315287947654724,0.35770004987716675,-0.09516402420111092,-0.12697052955627441,0.4215772747993469,-0.10342872228928002,-0.08292639255523682,0.13668447732925415,-0.06750769999332817,-0.07583338022232056,0.28210556507110596,-0.09002412941761406,-0.06699889898300171,0.2479386329650879,-0.08669333246059807,-0.06557625532150269,0.19359344244003296,-0.08413969066448601,-0.024279534816741943,0.14160916209220886,-0.07345751014061364,-0.028210997581481934,0.27734261751174927,-0.09617633458681496,-0.01861792802810669,0.23897671699523926,-0.07779540952749642,-0.017162203788757324,0.18753883242607117,-0.06363266792602928,0.033870697021484375,0.14759498834609985,-0.07864376988716515,0.02184206247329712,0.2566956877708435,-0.09798100676842125,0.027599871158599854,0.2206745147705078,-0.08341124739952477,0.03150302171707153,0.17429277300834656,-0.07032650795288475,volume down
0.0,0.0,0.0,-0.07239651679992676,0.02124422788619995,-0.005841212514042127,-0.13991326093673706,0.09744057059288025,-0.01684217590764092,-0.17472624778747559,0.17560052871704102,-0.024387077129631507,-0.18032562732696533,0.24522548913955688,-0.03478988323286103,-0.13976818323135376,0.1321592926979065,-0.059273616112022864,-0.1352858543395996,0.2763162851333618,-0.08316497195437478,-0.13065218925476074,0.35999596118927,-0.0953600673742585,-0.12588483095169067,0.4246007800102234,-0.1035920648641877,-0.08356714248657227,0.1377948522567749,-0.06792829621508645,-0.0764417052268982,0.2830761671066284,-0.0915332852669053,-0.06816041469573975,0.2485208511352539,-0.0887259064979844,-0.06665194034576416,0.1940332055091858,-0.0861239104337983,-0.025051891803741455,0.14219456911087036,-0.07371646601632165,-0.028461933135986328,0.2784387469291687,-0.0969794585175805,-0.019371986389160156,0.239335834980011,-0.07850876141264962,-0.01798313856124878,0.186972975730896,-0.0640495165057473,0.03268277645111084,0.14749354124069214,-0.07874795485213326,0.021865427494049072,0.2567078471183777,-0.09842116076424645,0.02732759714126587,0.21996042132377625,-0.08383415330126809,0.03013134002685547,0.17314496636390686,-0.07057963002398537,volume down
0.0,0.0,0.0,-0.0721825361251831,0.023139625787734985,-0.006373477320423149,-0.13831323385238647,0.10117453336715698,-0.018156419194539808,-0.171566903591156,0.18176224827766418,-0.026282402373155378,-0.17536389827728271,0.25358811020851135,-0.03731023209472539,-0.1387537121772766,0.1343802511692047,-0.06112910868903043,-0.13313955068588257,0.2790553867816925,-0.08540236266632917,-0.12766778469085693,0.3626998960971832,-0.09777674885769727,-0.12246572971343994,0.42676255106925964,-0.10610323461075666,-0.08218121528625488,0.13882407546043396,-0.06973715933342817,-0.07354331016540527,0.2855698764324188,-0.09273069413681867,-0.06607377529144287,0.2510661780834198,-0.08913545372267606,-0.0657079815864563,0.19642576575279236,-0.08644606979866865,-0.02303624153137207,0.14197653532028198,-0.07556434037466886,-0.026377379894256592,0.27960166335105896,-0.0983836359002197,-0.017694294452667236,0.24049124121665955,-0.07927861126442792,-0.016905486583709717,0.18814554810523987,-0.06472651722212674,0.03515809774398804,0.1460484266281128,-0.08070436181803586,0.023110151290893555,0.2568897306919098,-0.09996008189698102,0.028360605239868164,0.22072631120681763,-0.08500601413031461,0.03158974647521973,0.1741091012954712,-0.0717732912518585,volume down
0.0,0.0,0.0,-0.07168388366699219,0.023931443691253662,-0.00474925306878049,-0.14031797647476196,0.09759357571601868,-0.01565896873614747,-0.17614686489105225,0.17274224758148193,-0.023139880646681377,-0.17658621072769165,0.24223196506500244,-0.033538723041033336,-0.13875693082809448,0.1338244080543518,-0.05964918588540513,-0.13362956047058105,0.2784116268157959,-0.08328426783225495,-0.12745130062103271,0.3595852851867676,-0.09546349351546723,-0.12151670455932617,0.42127329111099243,-0.1036054879917856,-0.08259671926498413,0.1372835338115692,-0.06896748547694642,-0.07466065883636475,0.28565722703933716,-0.09132193927905519,-0.06641602516174316,0.25226348638534546,-0.08799163406035859,-0.06538629531860352,0.19809874892234802,-0.08566860263488252,-0.023621201515197754,0.14014753699302673,-0.0753432974710222,-0.027270793914794922,0.2794291377067566,-0.09720237707040269,-0.01832205057144165,0.24045920372009277,-0.07845021193168122,-0.017338871955871582,0.18761542439460754,-0.06447845106265504,0.03458547592163086,0.14461061358451843,-0.08094984446904618,0.023446321487426758,0.2554401159286499,-0.09952136283061463,0.02870088815689087,0.2196301519870758,-0.08476726119658906,0.031576573848724365,0.1730394959449768,-0.07194554959676225,volume down
0.0,0.0,0.0,-0.07111597061157227,0.024284690618515015,-0.0048954141520596295,-0.13844192028045654,0.09891211986541748,-0.015590947979006842,-0.17388904094696045,0.17354977130889893,-0.022724972964141443,-0.1778702735900879,0.24308887124061584,-0.03266935229382284,-0.1394234299659729,0.1345306932926178,-0.06012906685552366,-0.13346993923187256,0.27806392312049866,-0.08437211245379217,-0.12714993953704834,0.3600817620754242,-0.09726102829060324,-0.12135571241378784,0.42344430088996887,-0.1060169878610111,-0.08355128765106201,0.13700047135353088,-0.06941607028326757,-0.07380831241607666,0.2868092954158783,-0.09185535639605291,-0.0653952956199646,0.2527790367603302,-0.0886222216495014,-0.06514012813568115,0.19831150770187378,-0.08651462376198538,-0.02462536096572876,0.13951635360717773,-0.07581508338532217,-0.02688133716583252,0.2800846993923187,-0.0979736912258602,-0.018280744552612305,0.24114981293678284,-0.07934408068737753,-0.01799064874649048,0.1881188452243805,-0.06543993383726843,0.033799827098846436,0.1436682641506195,-0.08144802033982046,0.023202359676361084,0.2560754716396332,-0.1005945596106983,0.02732670307159424,0.22047528624534607,-0.08610218942246206,0.029650330543518066,0.17344221472740173,-0.07329712241968878,volume down
0.0,0.0,0.0,-0.07006114721298218,0.02497565746307373,-0.006576764584437456,-0.1356257200241089,0.1023903489112854,-0.018582936097786273,-0.17000705003738403,0.17976582050323486,-0.026796152536675777,-0.17486560344696045,0.2497168779373169,-0.03788819322447523,-0.13777589797973633,0.13672474026679993,-0.06251452649097189,-0.13139641284942627,0.2813870906829834,-0.08741315985183462,-0.12498122453689575,0.36406493186950684,-0.10033874744634375,-0.11890178918838501,0.42752164602279663,-0.1090709918187116,-0.08206325769424438,0.13921135663986206,-0.07131320023994192,-0.07126742601394653,0.28798335790634155,-0.09431277746419653,-0.06339532136917114,0.2538767457008362,-0.0908512749717687,-0.0633922815322876,0.19961601495742798,-0.08860953683118566,-0.02274167537689209,0.14149245619773865,-0.07736907685260519,-0.023564457893371582,0.2816346287727356,-0.10033079022626623,-0.015391945838928223,0.24255436658859253,-0.08159397328357443,-0.015150368213653564,0.1901226043701172,-0.06756461942653402,0.036135733127593994,0.14533782005310059,-0.0827432849452947,0.027151644229888916,0.25816965103149414,-0.10261344695548757,0.030747950077056885,0.22222164273262024,-0.08825844312171682,0.03273928165435791,0.17534244060516357,-0.0755132787869428,volume down
0.0,0.0,0.0,-0.07064288854598999,0.02417004108428955,-0.005732635749197357,-0.1387845277786255,0.10037565231323242,-0.018336264664000623,-0.17330294847488403,0.17906254529953003,-0.027426263564890974,-0.17255598306655884,0.24891501665115356,-0.03949574964649116,-0.13821876049041748,0.13307151198387146,-0.0633940866828624,-0.131780743598938,0.27661383152008057,-0.08937790455824768,-0.1257062554359436,0.35783886909484863,-0.10323060514933502,-0.11914283037185669,0.41953957080841064,-0.11238794984824096,-0.08157235383987427,0.134709894657135,-0.0728935024381343,-0.07209044694900513,0.2843804359436035,-0.0975458941102687,-0.06453049182891846,0.2500544786453247,-0.0951708576322261,-0.06331217288970947,0.195359468460083,-0.09335985990769302,-0.02249753475189209,0.13613343238830566,-0.0794279149413768,-0.02394503355026245,0.2783578634262085,-0.10350322934395706,-0.016164422035217285,0.23845821619033813,-0.08513828578001892,-0.015235722064971924,0.1840219497680664,-0.07106277557618057,0.0356135368347168,0.13989406824111938,-0.08513448598391449,0.02781379222869873,0.2544257640838623,-0.1054916030407611,0.03163325786590576,0.21764135360717773,-0.09119045200354492,0.03306412696838379,0.16903787851333618,-0.07844806673533355,volume down
0.0,0.0,0.0,-0.06997299194335938,0.024718433618545532,-0.0071069865161774715,-0.13592040538787842,0.10252442955970764,-0.02004532764202338,-0.16964435577392578,0.18170911073684692,-0.02923015194481593,-0.17150169610977173,0.25421035289764404,-0.041321395584404286,-0.13832515478134155,0.1348046064376831,-0.0632010276103614,-0.1302667260169983,0.2789131999015808,-0.08885500083214026,-0.12401968240737915,0.3617631793022156,-0.10237725327259284,-0.11774170398712158,0.4252151846885681,-0.1114517177129386,-0.08177149295806885,0.13717567920684814,-0.07223788151985389,-0.07100671529769897,0.2877938747406006,-0.096881757178366,-0.0643622875213623,0.2517405152320862,-0.09416939566379767,-0.06430160999298096,0.19560495018959045,-0.09185442576652747,-0.022243499755859375,0.13866135478019714,-0.0785130883241294,-0.0231781005859375,0.28048354387283325,-0.10296123723036033,-0.015845656394958496,0.24015909433364868,-0.08451508233791571,-0.015711486339569092,0.18638154864311218,-0.07010395328050834,0.03631025552749634,0.14209222793579102,-0.08407999823337775,0.027468383312225342,0.25574588775634766,-0.10487781713253241,0.030984461307525635,0.21879971027374268,-0.09057826051956397,0.03283202648162842,0.17106148600578308,-0.07758620629554969,volume down
0.0,0.0,0.0,-0.07099592685699463,0.026291072368621826,-0.007097831558525058,-0.13626211881637573,0.10496091842651367,-0.020008562695323917,-0.16879653930664062,0.18532425165176392,-0.029105324860751125,-0.17053622007369995,0.2575681209564209,-0.04118916634851644,-0.13765287399291992,0.1366279423236847,-0.06394575778776357,-0.12967681884765625,0.2805066704750061,-0.08974837009245107,-0.12333172559738159,0.3628956079483032,-0.1030876288228626,-0.11718827486038208,0.4258728623390198,-0.11181073133283803,-0.08065372705459595,0.13903966546058655,-0.07299618665510366,-0.07068562507629395,0.2888498902320862,-0.09707328919702718,-0.06341332197189331,0.25420206785202026,-0.09375394378238866,-0.06285679340362549,0.19834524393081665,-0.09110204372936437,-0.020995140075683594,0.14012008905410767,-0.0793195018582935,-0.02305680513381958,0.2812700867652893,-0.10304758940273473,-0.015295982360839844,0.24173212051391602,-0.08424195144706914,-0.01494663953781128,0.1880360245704651,-0.06969813499981115,0.037576377391815186,0.14217796921730042,-0.08498589937025258,0.02738267183303833,0.25710391998291016,-0.10478513185316274,0.0306892991065979,0.22153577208518982,-0.08996873591476628,0.03278118371963501,0.1737346053123474,-0.07675529513889501,volume down
0.0,0.0,0.0,-0.07162719964981079,0.026096105575561523,-0.006284451599157137,-0.13860636949539185,0.10268545150756836,-0.01846139740470676,-0.1729046106338501,0.17916756868362427,-0.02695383180204658,-0.17580199241638184,0.246654212474823,-0.03840513762358455,-0.13770371675491333,0.13454163074493408,-0.06295441326025752,-0.1308770775794983,0.2790098786354065,-0.08768313613060741,-0.1245126724243164,0.3609362244606018,-0.10026815768603115,-0.11846435070037842,0.42358607053756714,-0.10866170611504344,-0.08116471767425537,0.13639888167381287,-0.07217075910691051,-0.07174021005630493,0.2866629958152771,-0.0953447544229391,-0.06424099206924438,0.2532225251197815,-0.09201832350615291,-0.06356275081634521,0.19840946793556213,-0.08963767674092082,-0.021701455116271973,0.1375601887702942,-0.07852851089361934,-0.02376002073287964,0.27941805124282837,-0.10109354045513896,-0.0160253643989563,0.24024713039398193,-0.08229174699906139,-0.015493929386138916,0.1867848038673401,-0.06812202420357494,0.037206053733825684,0.14042112231254578,-0.08423463490132121,0.02811408042907715,0.2547210454940796,-0.10343519833210735,0.03101968765258789,0.21941876411437988,-0.08881363507632045,0.032593727111816406,0.17214789986610413,-0.07597188886526851,volume down
0.0,0.0,0.0,-0.07014340162277222,0.02578669786453247,-0.006971083461252192,-0.13761651515960693,0.10254448652267456,-0.019533084585276583,-0.1715872883796692,0.1816175878047943,-0.02843914168974493,-0.17352139949798584,0.25248318910598755,-0.04021548467775915,-0.1382884383201599,0.1350858211517334,-0.061903566001859645,-0.13103681802749634,0.27922284603118896,-0.08711805555125807,-0.12462174892425537,0.3616071939468384,-0.10024763259193037,-0.11848723888397217,0.4246339797973633,-0.10899057599803541,-0.08150643110275269,0.1383761167526245,-0.07089954975148771,-0.0717998743057251,0.2890967130661011,-0.095530908434597,-0.0642734169960022,0.2534548044204712,-0.09291303518315885,-0.06371021270751953,0.19719818234443665,-0.09039675059815977,-0.02193838357925415,0.14041540026664734,-0.07712521019479368,-0.02356773614883423,0.281436562538147,-0.10114158305427168,-0.015532732009887695,0.24145543575286865,-0.08246774586936567,-0.01489025354385376,0.1874372959136963,-0.06778256210586164,0.03714853525161743,0.144242525100708,-0.08272019389173124,0.027461886405944824,0.25733762979507446,-0.1029994821836624,0.031370460987091064,0.22084110975265503,-0.08849051955243681,0.0335579514503479,0.1730828583240509,-0.07528619083663557,volume down
0.0,0.0,0.0,-0.0709989070892334,0.023740172386169434,-0.005816939174920321,-0.136457622051239,0.10224685072898865,-0.018615779820621015,-0.16995322704315186,0.1817428171634674,-0.02782299311810732,-0.17200177907943726,0.2514558434486389,-0.04001507850342989,-0.13751626014709473,0.13362735509872437,-0.0642455400710702,-0.13043957948684692,0.27971017360687256,-0.0897962556963563,-0.12365174293518066,0.36212968826293945,-0.10297821031862497,-0.11669731140136719,0.4245970845222473,-0.11180545704418421,-0.08020120859146118,0.1362839937210083,-0.0736093403583169,-0.07136303186416626,0.28752756118774414,-0.09777651296907663,-0.06418228149414062,0.25263863801956177,-0.09451423155122995,-0.0631818175315857,0.19708994030952454,-0.09213425533825159,-0.0204622745513916,0.1382981240749359,-0.07999035285764933,-0.02314859628677368,0.2797437906265259,-0.1035027684455514,-0.01535177230834961,0.2396983504295349,-0.08438860939794779,-0.014288187026977539,0.1856553554534912,-0.06991748826557398,0.038172245025634766,0.14253175258636475,-0.08560305403524637,0.029266834259033203,0.25524473190307617,-0.10590134130769968,0.03252500295639038,0.21832677721977234,-0.09166551696115732,0.03388190269470215,0.17073971033096313,-0.07901255356127024,volume down
0.0,0.0,0.0,-0.07016146183013916,0.02456924319267273,-0.0053743976919520264,-0.1348886489868164,0.10142937302589417,-0.017845410928742922,-0.16866683959960938,0.17943671345710754,-0.02683160834075693,-0.1730683445930481,0.24770835041999817,-0.038791436777131594,-0.1375541090965271,0.13538727164268494,-0.06299928210736994,-0.1297694444656372,0.28029516339302063,-0.0884062387800384,-0.1231345534324646,0.3620578348636627,-0.10173429928781275,-0.11666691303253174,0.4243606626987457,-0.11057583622695688,-0.08084875345230103,0.13753432035446167,-0.07241849236251596,-0.0711413025856018,0.28670570254325867,-0.0956955739116836,-0.06353092193603516,0.25350865721702576,-0.09237378470660929,-0.06264674663543701,0.1991182565689087,-0.09016106657745127,-0.021088242530822754,0.1390570104122162,-0.07894284658195261,-0.022989928722381592,0.27986040711402893,-0.1021512486791778,-0.014722287654876709,0.24101772904396057,-0.08348266415359262,-0.013835430145263672,0.187788188457489,-0.06937652461292032,0.0377960205078125,0.14239105582237244,-0.08460837982656244,0.029753029346466064,0.25605711340904236,-0.1044582166528869,0.033247947692871094,0.2200317680835724,-0.09008756659986261,0.034534573554992676,0.1726996898651123,-0.07738215856315378,volume down
0.0,0.0,0.0,-0.07046067714691162,0.02506464719772339,-0.004398115697341609,-0.13663578033447266,0.10045251250267029,-0.016083676154750037,-0.17113476991653442,0.1781945824623108,-0.024529156993168044,-0.17581325769424438,0.24717336893081665,-0.03608036578728502,-0.13782382011413574,0.1357530951499939,-0.061397393952148605,-0.13109558820724487,0.2803439497947693,-0.08629994259311502,-0.1249769926071167,0.36149656772613525,-0.09923607275916879,-0.11915314197540283,0.42343229055404663,-0.10776049063636606,-0.08216512203216553,0.13700544834136963,-0.07111082390977685,-0.07230675220489502,0.28656744956970215,-0.09376921669675653,-0.0637771487236023,0.25423598289489746,-0.09035779700710123,-0.06263500452041626,0.20050883293151855,-0.0881426648898298,-0.022812485694885254,0.13754504919052124,-0.07787069098188226,-0.024587154388427734,0.27998411655426025,-0.1007188128037626,-0.015500962734222412,0.24128520488739014,-0.08210311994983499,-0.014488935470581055,0.18782374262809753,-0.0680511908335859,0.03631192445755005,0.14009180665016174,-0.0836817862196142,0.02871638536453247,0.2560071349143982,-0.10345221475793664,0.03226137161254883,0.22094842791557312,-0.08924569354488199,0.03307253122329712,0.17336991429328918,-0.07660175279809778,volume down
0.0,0.0,0.0,-0.06276297569274902,-0.03799581527709961,-0.024128025442166745,-0.105693519115448,-0.1362367868423462,-0.035496208861275136,-0.10068756341934204,-0.22227609157562256,-0.048227246895237386,-0.09574329853057861,-0.29386669397354126,-0.0604049340335564,-0.06587094068527222,-0.2400173544883728,-0.015898117840094983,-0.07576495409011841,-0.34688282012939453,-0.04409385104457897,-0.07625484466552734,-0.4101807773113251,-0.0585930236129002,-0.07240724563598633,-0.46670302748680115,-0.06855898727457088,-0.016844093799591064,-0.23555779457092285,-0.023009866520567357,-0.04314875602722168,-0.2905895411968231,-0.07556487251798671,-0.050056517124176025,-0.19700169563293457,-0.08335508783142132,-0.04455083608627319,-0.13636207580566406,-0.07407810170928997,0.03078591823577881,-0.21604490280151367,-0.03471945975701374,0.002150416374206543,-0.2492687702178955,-0.087453451052113,-0.004889547824859619,-0.15184760093688965,-0.0736883320359425,0.000307619571685791,-0.10252302885055542,-0.04886098210494083,0.08107078075408936,-0.1865520477294922,-0.04829887305180591,0.04944503307342529,-0.22667467594146729,-0.08061293144504589,0.03557795286178589,-0.15931904315948486,-0.06776928533594173,0.038411736488342285,-0.12421905994415283,-0.049477282956047475,volume up
0.0,0.0,0.0,-0.06268411874771118,-0.03706514835357666,-0.023300874665665106,-0.10401040315628052,-0.1365886926651001,-0.03349215692310281,-0.09834086894989014,-0.2237815260887146,-0.045167082608031706,-0.09574544429779053,-0.29541611671447754,-0.05637181332735963,-0.06415778398513794,-0.24103015661239624,-0.013966261096584276,-0.07121288776397705,-0.3467567563056946,-0.04142704388527818,-0.06968933343887329,-0.40939605236053467,-0.05556855133204408,-0.06397396326065063,-0.46459105610847473,-0.06517099371581025,-0.014904797077178955,-0.23581767082214355,-0.02109582132129617,-0.04189610481262207,-0.2898097634315491,-0.07284129193453737,-0.04873001575469971,-0.19540095329284668,-0.08031295767455049,-0.042564332485198975,-0.13466012477874756,-0.07082716158060975,0.032714247703552246,-0.21576082706451416,-0.032825218200969175,0.0041702985763549805,-0.24814975261688232,-0.08482321134238191,-0.003647446632385254,-0.15052741765975952,-0.07097202321915574,0.0011161565780639648,-0.10134631395339966,-0.04612123748688646,0.08246970176696777,-0.1859005093574524,-0.04637757843761392,0.051807701587677,-0.22493767738342285,-0.07800721159605928,0.03756594657897949,-0.15807867050170898,-0.06513205698161073,0.04010814428329468,-0.12369155883789062,-0.046869622230815366,volume up
0.0,0.0,0.0,-0.06271743774414062,-0.0372920036315918,-0.02261368205273584,-0.10450237989425659,-0.13810068368911743,-0.03270961736762956,-0.09777271747589111,-0.2262413501739502,-0.04444615562880472,-0.09558779001235962,-0.29833030700683594,-0.05589221065366701,-0.06507813930511475,-0.24108225107192993,-0.014649250744525943,-0.0703362226486206,-0.34780430793762207,-0.0426384026321216,-0.0673912763595581,-0.41051578521728516,-0.05702564512813524,-0.06041949987411499,-0.4656948447227478,-0.066775877228622,-0.015827178955078125,-0.2347850203514099,-0.022208856618647133,-0.04179316759109497,-0.29083266854286194,-0.07408616339290575,-0.04839015007019043,-0.1952992081642151,-0.08101651465022996,-0.0421522855758667,-0.13538110256195068,-0.07122989391410783,0.03199648857116699,-0.2145196795463562,-0.034306261888389145,0.0036202073097229004,-0.24931848049163818,-0.08643624579036668,-0.003932476043701172,-0.1510934829711914,-0.07173765098178819,0.000961005687713623,-0.1020631194114685,-0.04639801030481294,0.08239799737930298,-0.18506932258605957,-0.04816742261374429,0.05150580406188965,-0.22663962841033936,-0.08019742762172655,0.0378420352935791,-0.15977561473846436,-0.06680163388574556,0.04089170694351196,-0.12540221214294434,-0.04812535663569406,volume up
0.0,0.0,0.0,-0.06395846605300903,-0.03719615936279297,-0.022314687533253164,-0.10511666536331177,-0.13958710432052612,-0.03141695381509635,-0.09809476137161255,-0.22930693626403809,-0.042220552725666494,-0.0981481671333313,-0.3016824722290039,-0.05281054721581313,-0.06602680683135986,-0.2410685420036316,-0.013014054199629754,-0.07202637195587158,-0.3483126759529114,-0.04027634979593131,-0.0688856840133667,-0.4115614891052246,-0.05436068893777701,-0.0616908073425293,-0.4673581123352051,-0.06391788394557807,-0.016544640064239502,-0.2352389693260193,-0.020580581663125486,-0.041845500469207764,-0.2918766736984253,-0.07235700012552115,-0.048752784729003906,-0.19725310802459717,-0.07987514258729789,-0.04352360963821411,-0.13587605953216553,-0.0703187596927819,0.031412720680236816,-0.21502721309661865,-0.03265625731455657,0.0040476322174072266,-0.24932372570037842,-0.08455478520500037,-0.0036419034004211426,-0.1514776349067688,-0.07049405695306632,0.00020653009414672852,-0.10134381055831909,-0.045474716735952825,0.08139300346374512,-0.1854962706565857,-0.04650701702939841,0.05122500658035278,-0.22560423612594604,-0.07863486678706977,0.037686944007873535,-0.15867751836776733,-0.06580294044124457,0.040258705615997314,-0.12383568286895752,-0.04741835342156264,volume up
0.0,0.0,0.0,-0.06362998485565186,-0.036903440952301025,-0.022202094098815905,-0.10398614406585693,-0.13921386003494263,-0.030709094381222712,-0.09692096710205078,-0.22870159149169922,-0.04087829125512599,-0.09859800338745117,-0.30063989758491516,-0.05086860341418742,-0.06639593839645386,-0.23941117525100708,-0.012325165806601035,-0.07375746965408325,-0.3461831212043762,-0.03866581154454707,-0.07151776552200317,-0.4096177816390991,-0.05187146646369456,-0.06466031074523926,-0.46555206179618835,-0.06086674240816592,-0.01698702573776245,-0.23423558473587036,-0.01970736963141917,-0.04163438081741333,-0.292977511882782,-0.07100165543545245,-0.048615336418151855,-0.20002830028533936,-0.07853375283468722,-0.04364728927612305,-0.1381707787513733,-0.06883498189438342,0.031027615070343018,-0.21507948637008667,-0.03155186680544375,0.003943145275115967,-0.24950993061065674,-0.08311826643932818,-0.0034040212631225586,-0.15283286571502686,-0.06981565711487292,0.00016802549362182617,-0.10298818349838257,-0.045237998491415965,0.08089369535446167,-0.1866360902786255,-0.04514682573665141,0.05038565397262573,-0.22578948736190796,-0.07730187383879183,0.037232160568237305,-0.15876221656799316,-0.06526017842281817,0.03979092836380005,-0.1236335039138794,-0.04744698015440463,volume up
0.0,0.0,0.0,-0.06317275762557983,-0.0346490740776062,-0.022409814206270084,-0.10479342937469482,-0.13842535018920898,-0.030970263091234074,-0.09767359495162964,-0.2289915680885315,-0.04121611340096365,-0.09931296110153198,-0.3010600507259369,-0.05122500730803381,-0.06773990392684937,-0.23849821090698242,-0.012750889902321205,-0.07523661851882935,-0.3451971411705017,-0.03983773736408125,-0.07304060459136963,-0.4088902473449707,-0.05334958506873022,-0.06605100631713867,-0.4650310277938843,-0.0625339865510739,-0.01818084716796875,-0.23388224840164185,-0.02034770956387888,-0.04324936866760254,-0.29304155707359314,-0.07262593953063856,-0.04941838979721069,-0.1971670389175415,-0.07982203809669386,-0.04304838180541992,-0.13515615463256836,-0.06955242602279554,0.030151188373565674,-0.21498817205429077,-0.03250258861234556,0.0034230947494506836,-0.24915975332260132,-0.0853189945047177,-0.004160761833190918,-0.15039366483688354,-0.07125828860452543,-0.0001252293586730957,-0.10013967752456665,-0.0457253351633824,0.08046495914459229,-0.18676221370697021,-0.04641807152083288,0.05085170269012451,-0.22630882263183594,-0.07922140954187284,0.03678727149963379,-0.15864348411560059,-0.06661669610193144,0.03874707221984863,-0.12313574552536011,-0.04820024667432676,volume up
0.0,0.0,0.0,-0.06336987018585205,-0.03538256883621216,-0.021797014815803095,-0.10532033443450928,-0.13872909545898438,-0.029912779523129984,-0.09840148687362671,-0.2290123701095581,-0.03983183060407214,-0.10018593072891235,-0.3006439208984375,-0.04967015464424662,-0.06770312786102295,-0.2376866340637207,-0.012301575807924792,-0.07446515560150146,-0.34419745206832886,-0.03918067966222338,-0.07240700721740723,-0.40839457511901855,-0.052532842798228785,-0.06609082221984863,-0.46453896164894104,-0.06156545360207133,-0.018605411052703857,-0.23287272453308105,-0.02000080276846461,-0.043316006660461426,-0.2933947443962097,-0.07162846480130725,-0.04928714036941528,-0.19911789894104004,-0.07871007774591021,-0.04318547248840332,-0.13746631145477295,-0.06851977710246615,0.029384970664978027,-0.21424013376235962,-0.03220545728325419,0.003150761127471924,-0.2497870922088623,-0.08429039124965243,-0.004420340061187744,-0.15213000774383545,-0.07042429451465182,-0.0007944107055664062,-0.10243064165115356,-0.04521260638355784,0.07943552732467651,-0.18662482500076294,-0.04611789662956767,0.050565481185913086,-0.22693568468093872,-0.07830655430078082,0.0367923378944397,-0.16016340255737305,-0.06583322439908557,0.03861278295516968,-0.12542152404785156,-0.04768724222302012,volume up
0.0,0.0,0.0,-0.06272894144058228,-0.03491091728210449,-0.022288817709892328,-0.10416752099990845,-0.13693773746490479,-0.0311521867128306,-0.09705674648284912,-0.22639226913452148,-0.0415560060950213,-0.0986642837524414,-0.29742002487182617,-0.05185612829646402,-0.0657186508178711,-0.23665732145309448,-0.014875736816435392,-0.07142305374145508,-0.34332138299942017,-0.04246905239543253,-0.07010084390640259,-0.4077303409576416,-0.056290248206465776,-0.06508845090866089,-0.46387284994125366,-0.06567416506132417,-0.01676630973815918,-0.2306169867515564,-0.02248569557687574,-0.04093080759048462,-0.29064440727233887,-0.07429881559929186,-0.046960413455963135,-0.19472956657409668,-0.08073079752048784,-0.040381431579589844,-0.13367027044296265,-0.07033291625103288,0.030686140060424805,-0.21101593971252441,-0.03458732532581621,0.0052471160888671875,-0.24770432710647583,-0.08690094368776613,-0.0029444098472595215,-0.1497134566307068,-0.07207539843639665,0.0009607076644897461,-0.10071456432342529,-0.04641176926216417,0.08039557933807373,-0.1827387809753418,-0.048400366476386125,0.052996695041656494,-0.2252529263496399,-0.08067558126768404,0.038742661476135254,-0.15823853015899658,-0.0674354152592116,0.04035031795501709,-0.12363380193710327,-0.048852441629975374,volume up
0.0,0.0,0.0,-0.06256163120269775,-0.03568875789642334,-0.023272220955220746,-0.10512596368789673,-0.13521122932434082,-0.03314585329684405,-0.10063821077346802,-0.22405648231506348,-0.044688516275016354,-0.10144233703613281,-0.2951729893684387,-0.0558762410441318,-0.0656622052192688,-0.23646807670593262,-0.014266664140848206,-0.06945937871932983,-0.3431026339530945,-0.041208372429935025,-0.06926506757736206,-0.4079285264015198,-0.05380091162118106,-0.06484973430633545,-0.4636133909225464,-0.0622423039534965,-0.017023563385009766,-0.22988760471343994,-0.02150974886211543,-0.04123908281326294,-0.29138827323913574,-0.07254380078705935,-0.04854893684387207,-0.1972925066947937,-0.07829703481587558,-0.04179269075393677,-0.13742125034332275,-0.06727566661032824,0.030196011066436768,-0.20958685874938965,-0.03341301249059825,0.004978060722351074,-0.24545586109161377,-0.08567965866717486,-0.003831803798675537,-0.1491938829421997,-0.07117346765193133,0.00044661760330200195,-0.10105782747268677,-0.04546062366756587,0.07988917827606201,-0.18023598194122314,-0.04705819206031947,0.05297642946243286,-0.22292983531951904,-0.07888037802371173,0.03837156295776367,-0.15763676166534424,-0.06572310717496066,0.039867401123046875,-0.1228792667388916,-0.047134761677114057,volume up
0.0,0.0,0.0,-0.06425982713699341,-0.03707236051559448,-0.018688584913405748,-0.11165052652359009,-0.1442781686782837,-0.023709821750315996,-0.12103331089019775,-0.23683083057403564,-0.03140089032510218,-0.13751143217086792,-0.3051537275314331,-0.03925673035243449,-0.06423938274383545,-0.23553365468978882,-0.006702915535214515,-0.06632101535797119,-0.3439837098121643,-0.03137410921314654,-0.06459391117095947,-0.40656378865242004,-0.04286829498866496,-0.06002599000930786,-0.4617284834384918,-0.050804515604767175,-0.01575082540512085,-0.23003369569778442,-0.01534970314511952,-0.04146450757980347,-0.28956860303878784,-0.06442216527918276,-0.04911088943481445,-0.19641780853271484,-0.07026287657478747,-0.04250854253768921,-0.1371416449546814,-0.05951434118011889,0.03162813186645508,-0.21043455600738525,-0.02841940080085692,0.004176437854766846,-0.2448720932006836,-0.07832537335613665,-0.0052356719970703125,-0.14921903610229492,-0.06414650869825778,-0.0008586645126342773,-0.10231906175613403,-0.039153245513233514,0.08067631721496582,-0.18072998523712158,-0.04294533026674685,0.05397617816925049,-0.2195163369178772,-0.07314762217262682,0.037822842597961426,-0.155215322971344,-0.06006397796133456,0.03966856002807617,-0.1215430498123169,-0.04179322463730273,volume up
0.0,0.0,0.0,-0.06426656246185303,-0.03953832387924194,-0.017258453731102463,-0.11529505252838135,-0.14643025398254395,-0.02214587441520166,-0.13444149494171143,-0.23196792602539062,-0.030233440537614342,-0.160944402217865,-0.2877836525440216,-0.0391726564510293,-0.06521624326705933,-0.23625493049621582,-0.005344655912978169,-0.0685126781463623,-0.34561246633529663,-0.03011142424182367,-0.06501126289367676,-0.4084581732749939,-0.042483795051140305,-0.05820554494857788,-0.4641430974006653,-0.051487110172075745,-0.01806926727294922,-0.22990912199020386,-0.014809148003024575,-0.04263508319854736,-0.289681613445282,-0.0642949040873475,-0.04881769418716431,-0.19370245933532715,-0.07023207059935999,-0.04042649269104004,-0.1337287425994873,-0.05984312630133104,0.029280424118041992,-0.2088984251022339,-0.028661436949533936,0.0037025809288024902,-0.24799776077270508,-0.0791739147050805,-0.005977749824523926,-0.15238136053085327,-0.0644412111385293,-0.001511693000793457,-0.10510355234146118,-0.039222485934061524,0.07805675268173218,-0.1772918701171875,-0.043774589513105866,0.0539548397064209,-0.22348302602767944,-0.07439715376929712,0.037180185317993164,-0.1591389775276184,-0.06069245523647737,0.038347482681274414,-0.12477278709411621,-0.04224376342133951,volume up
0.0,0.0,0.0,-0.061937689781188965,-0.040034353733062744,-0.017856680050527984,-0.11702078580856323,-0.14901000261306763,-0.022904575064814026,-0.14366459846496582,-0.2344943881034851,-0.03144435976449245,-0.17841655015945435,-0.2788751721382141,-0.04141066987816089,-0.05954927206039429,-0.2366991639137268,-0.005010868616437847,-0.06328266859054565,-0.3464687764644623,-0.028619041860139305,-0.060820937156677246,-0.4097551107406616,-0.04077772070471042,-0.05438476800918579,-0.4659912884235382,-0.05010950212184184,-0.013758659362792969,-0.2308083176612854,-0.014389535605943138,-0.040103793144226074,-0.29136064648628235,-0.06349394489828342,-0.0487326979637146,-0.19552063941955566,-0.07027907688919299,-0.039929211139678955,-0.13535147905349731,-0.060617786094582016,0.032131075859069824,-0.2095649242401123,-0.028044365540182525,0.007119596004486084,-0.25093409419059753,-0.07955705393854373,-0.00538259744644165,-0.15471261739730835,-0.06580312569442981,-0.0015246272087097168,-0.10446923971176147,-0.040868602886831695,0.07995671033859253,-0.17756199836730957,-0.042874165073072845,0.057041168212890625,-0.22580283880233765,-0.07418661583963626,0.038484811782836914,-0.16223156452178955,-0.0607444981187939,0.039207637310028076,-0.12563616037368774,-0.042393420085346634,volume up
0.0,0.0,0.0,-0.05969059467315674,-0.041091978549957275,-0.018492159375995243,-0.11431765556335449,-0.15077048540115356,-0.024307864660471523,-0.14549583196640015,-0.2319968342781067,-0.033218844736069286,-0.183704674243927,-0.27265429496765137,-0.04337976028963908,-0.05488985776901245,-0.24003314971923828,-0.006126092223524893,-0.05683434009552002,-0.3487357795238495,-0.029095866659730518,-0.055386245250701904,-0.41038084030151367,-0.04036024113938197,-0.05087614059448242,-0.4644451141357422,-0.04904743930146083,-0.009648680686950684,-0.23347795009613037,-0.01479458803132161,-0.03783184289932251,-0.2899110019207001,-0.06308484351083621,-0.046396613121032715,-0.19564580917358398,-0.06962082808658465,-0.03780531883239746,-0.13814347982406616,-0.05996636202380046,0.0356176495552063,-0.21167820692062378,-0.027681522945016468,0.008735477924346924,-0.24610698223114014,-0.07901689683839663,-0.0032680630683898926,-0.15068203210830688,-0.06611877953454837,0.0004188418388366699,-0.10380202531814575,-0.04191626509472712,0.08239525556564331,-0.18007779121398926,-0.04161852871820315,0.05691266059875488,-0.22267597913742065,-0.07287487661287173,0.03985542058944702,-0.157828688621521,-0.059901527071446026,0.042121171951293945,-0.12337571382522583,-0.04193056275889262,volume up
0.0,0.0,0.0,-0.06204557418823242,-0.04239010810852051,-0.01780367343539524,-0.11737453937530518,-0.15091699361801147,-0.02338638230079937,-0.1524987816810608,-0.2280101180076599,-0.0323571365218811,-0.1914251446723938,-0.2679610550403595,-0.04254592097217369,-0.05859053134918213,-0.24161630868911743,-0.003615706961994647,-0.06186997890472412,-0.3486449718475342,-0.026525604341571807,-0.06052356958389282,-0.4106301963329315,-0.038217785571163176,-0.056144893169403076,-0.4646699130535126,-0.04731121918970871,-0.013889431953430176,-0.23534095287322998,-0.013015994605069636,-0.043182432651519775,-0.29163235425949097,-0.060901625816171645,-0.052282631397247314,-0.19906330108642578,-0.06782477981263924,-0.04387766122817993,-0.14177411794662476,-0.0585683572929554,0.03164780139923096,-0.2135750651359558,-0.026805233944600104,0.00407564640045166,-0.24705368280410767,-0.07777297383958626,-0.007183969020843506,-0.1510021686553955,-0.06505659109765816,-0.0027216672897338867,-0.10495930910110474,-0.0411948811155014,0.07949602603912354,-0.18146735429763794,-0.04170830807501602,0.05297863483428955,-0.22399479150772095,-0.07266016191655922,0.03566884994506836,-0.15795201063156128,-0.059491324041431426,0.03781294822692871,-0.12383919954299927,-0.04156964159423637,volume up
0.0,0.0,0.0,-0.06124556064605713,-0.043274104595184326,-0.016621579488003135,-0.11694848537445068,-0.1518511176109314,-0.021850542237245918,-0.15464919805526733,-0.2282053828239441,-0.03075934115537393,-0.19527602195739746,-0.26358699798583984,-0.04113336380311239,-0.05690896511077881,-0.24149775505065918,-0.0026785522487102753,-0.05967581272125244,-0.34969741106033325,-0.02514021198936689,-0.05825185775756836,-0.41187071800231934,-0.03672941129394758,-0.05378377437591553,-0.46568766236305237,-0.04584255542346227,-0.012898564338684082,-0.23437714576721191,-0.012485968952262283,-0.04098796844482422,-0.2910223603248596,-0.060340263952696205,-0.04944407939910889,-0.19918447732925415,-0.06766906480976331,-0.04129815101623535,-0.14290755987167358,-0.05866341393181074,0.03224587440490723,-0.2127302885055542,-0.02647753905245054,0.005594611167907715,-0.24624979496002197,-0.07705561917015302,-0.0049585700035095215,-0.15174520015716553,-0.06484740327783811,-0.001123666763305664,-0.10699760913848877,-0.041392841448271156,0.07967942953109741,-0.18137675523757935,-0.04142965476700056,0.05440068244934082,-0.22353291511535645,-0.07169387589880216,0.03774923086166382,-0.15836608409881592,-0.05854474853464353,0.03975170850753784,-0.12531054019927979,-0.04079344596453893,volume up
0.0,0.0,0.0,-0.06364351511001587,-0.04360616207122803,-0.015869522732799624,-0.1204221248626709,-0.1528322696685791,-0.02018788856000242,-0.15763938426971436,-0.2289954423904419,-0.02840426218241987,-0.19750314950942993,-0.26552334427833557,-0.037854045895045374,-0.06113886833190918,-0.24146616458892822,-0.0002992272529525053,-0.06438583135604858,-0.3493609130382538,-0.0226251057210618,-0.06260436773300171,-0.4106982946395874,-0.03401304807991323,-0.05702555179595947,-0.4646180272102356,-0.042910807100241755,-0.016857802867889404,-0.23436129093170166,-0.010472887461190794,-0.04338639974594116,-0.29229936003685,-0.05850685786933241,-0.052705585956573486,-0.19983220100402832,-0.06584749769896803,-0.04433643817901611,-0.142644464969635,-0.056489408281748865,0.02854156494140625,-0.2129213809967041,-0.0249446800771409,0.0031371116638183594,-0.24791526794433594,-0.07545757692784605,-0.008926749229431152,-0.1536121964454651,-0.0632375816676074,-0.004603147506713867,-0.10879635810852051,-0.03948384177417097,0.07627600431442261,-0.18176347017288208,-0.04036536094278631,0.0523565411567688,-0.22610169649124146,-0.0701914842101985,0.034527480602264404,-0.16169053316116333,-0.05689727169007597,0.03652113676071167,-0.12791556119918823,-0.038946982738679026,volume up
0.0,0.0,0.0,-0.06000608205795288,-0.04192471504211426,-0.01794935307907508,-0.11613768339157104,-0.1495586633682251,-0.023495190883750183,-0.15378350019454956,-0.22510772943496704,-0.0324036228607838,-0.1941380500793457,-0.26135846972465515,-0.04248471661912845,-0.05751395225524902,-0.2398543357849121,-0.004345129350895149,-0.06059110164642334,-0.3473598062992096,-0.027923013190502388,-0.05882841348648071,-0.4081772267818451,-0.03960523485648082,-0.053407251834869385,-0.4620705842971802,-0.0484616729568188,-0.013259708881378174,-0.23267227411270142,-0.013656001644903881,-0.040010273456573486,-0.29103031754493713,-0.06270253762113498,-0.04871785640716553,-0.19815212488174438,-0.06966652824985431,-0.03989124298095703,-0.14251482486724854,-0.059870203132504685,0.03217893838882446,-0.21080493927001953,-0.02737032539653228,0.00804048776626587,-0.24475139379501343,-0.0796140666257088,-0.004788994789123535,-0.14960676431655884,-0.0673954273711388,-0.0018116235733032227,-0.10599291324615479,-0.043192950184220535,0.07950323820114136,-0.17963027954101562,-0.042060771132582886,0.05688905715942383,-0.22202914953231812,-0.07339689984428333,0.03872120380401611,-0.15636950731277466,-0.06043915181862758,0.039599716663360596,-0.12350964546203613,-0.04246601193653987,volume up
0.0,0.0,0.0,-0.06280052661895752,-0.043265461921691895,-0.016372570189275848,-0.11927145719528198,-0.15096604824066162,-0.02179067337755214,-0.1576153039932251,-0.22556686401367188,-0.031140935959854232,-0.19820517301559448,-0.26145049929618835,-0.04174758436028014,-0.06019538640975952,-0.24075818061828613,-0.0019119664827371707,-0.0633624792098999,-0.34920310974121094,-0.025454688238539802,-0.06183427572250366,-0.4113553464412689,-0.037169921564498054,-0.05662715435028076,-0.46497440338134766,-0.046028296815791236,-0.0163724422454834,-0.23311686515808105,-0.012289062494971859,-0.04444777965545654,-0.2914232015609741,-0.06133546249810706,-0.05323725938796997,-0.1980326771736145,-0.0681647689813758,-0.04380136728286743,-0.1423954963684082,-0.05809481011573325,0.029070675373077393,-0.2114008665084839,-0.027075791152753936,0.002781987190246582,-0.24505925178527832,-0.07864339964334022,-0.008596479892730713,-0.1496087908744812,-0.06571087555829536,-0.0037630200386047363,-0.10607874393463135,-0.04113172681871902,0.07701987028121948,-0.18012404441833496,-0.042866628038325416,0.052310049533843994,-0.22343266010284424,-0.07330540882293235,0.034727394580841064,-0.1575639247894287,-0.05949055345598708,0.03690153360366821,-0.1247825026512146,-0.040963936018385994,volume up
0.0,0.0,0.0,-0.06120198965072632,-0.043407142162323,-0.01728855923246897,-0.11753970384597778,-0.15101194381713867,-0.02234703779649294,-0.15537840127944946,-0.2257213592529297,-0.03098734386693991,-0.19516432285308838,-0.2621367573738098,-0.040771965984816916,-0.058195531368255615,-0.24051278829574585,-0.0022710721237615417,-0.06143921613693237,-0.3479194939136505,-0.02537087269556082,-0.060069501399993896,-0.4090648591518402,-0.03699490160178698,-0.05516350269317627,-0.4629058241844177,-0.04587747633885897,-0.014318346977233887,-0.23299580812454224,-0.011829766560907728,-0.04119300842285156,-0.2908346354961395,-0.06052299693655527,-0.0499611496925354,-0.1991686224937439,-0.06791264296006716,-0.0415080189704895,-0.14304012060165405,-0.058495585922713644,0.030721545219421387,-0.21105998754501343,-0.02582861029040373,0.005891084671020508,-0.24550193548202515,-0.07763810188006914,-0.0069051384925842285,-0.15122222900390625,-0.06590706587266482,-0.0038118958473205566,-0.10687476396560669,-0.04208232567143,0.077938973903656,-0.17962592840194702,-0.04078247502874888,0.05445176362991333,-0.2227286696434021,-0.07174833596181429,0.03611940145492554,-0.15763545036315918,-0.05898508161735094,0.03689461946487427,-0.12382900714874268,-0.04115969419908083,volume up
0.0,0.0,0.0,-0.06121790409088135,-0.04315543174743652,-0.017171213563443644,-0.11587768793106079,-0.1513165831565857,-0.02245485612368725,-0.150812029838562,-0.22807711362838745,-0.03139569998896263,-0.1900014877319336,-0.2667958438396454,-0.04152359084403656,-0.05757790803909302,-0.24060982465744019,-0.003163453118787629,-0.061544954776763916,-0.34899628162384033,-0.026911363165737612,-0.05998361110687256,-0.4106760025024414,-0.03905380533254288,-0.05460721254348755,-0.4647660255432129,-0.04825743676340721,-0.013584911823272705,-0.23274695873260498,-0.013106078069569094,-0.040969133377075195,-0.28950002789497375,-0.06272760794675492,-0.04934579133987427,-0.197476327419281,-0.07056854681289337,-0.0401768684387207,-0.1417546272277832,-0.0613691361359372,0.03171432018280029,-0.2105807662010193,-0.027414985161186678,0.0066016316413879395,-0.2442290186882019,-0.07947122321641586,-0.005169987678527832,-0.15014469623565674,-0.06740635649478577,-0.0010609626770019531,-0.10661047697067261,-0.04344394446528099,0.07939422130584717,-0.17881864309310913,-0.04276162029421471,0.055581748485565186,-0.2224191427230835,-0.07376340792691849,0.0379604697227478,-0.15769970417022705,-0.060653235923410875,0.03977859020233154,-0.12502992153167725,-0.04259832964456223,volume up
0.0,0.0,0.0,-0.061775267124176025,-0.041612327098846436,-0.01664717807190641,-0.11481904983520508,-0.1531195044517517,-0.020322428408434234,-0.14604586362838745,-0.23307836055755615,-0.027550132337381683,-0.18579727411270142,-0.2706552743911743,-0.03610621145682558,-0.0591503381729126,-0.23901361227035522,-0.002247345026006542,-0.06395316123962402,-0.3468347489833832,-0.02445318675356134,-0.063312828540802,-0.40808534622192383,-0.03588112569170221,-0.05956673622131348,-0.46278584003448486,-0.04498539617972597,-0.01483696699142456,-0.23266750574111938,-0.011984168875386558,-0.0419389009475708,-0.2887575924396515,-0.06037116176204904,-0.04890871047973633,-0.1977306604385376,-0.06833195811825021,-0.04022735357284546,-0.13963580131530762,-0.059633088621666275,0.030188143253326416,-0.21117526292800903,-0.025913224879076324,0.005310535430908203,-0.24504095315933228,-0.07679609334783777,-0.005030512809753418,-0.15104889869689941,-0.06511919325905069,-0.0009840726852416992,-0.1048535704612732,-0.04188403612690195,0.07775884866714478,-0.17980235815048218,-0.040870291504433,0.05414307117462158,-0.22337931394577026,-0.07166364169435724,0.0373387336730957,-0.15947085618972778,-0.05932317427115663,0.038839757442474365,-0.12567788362503052,-0.042103355142643295,volume up
0.0,0.0,0.0,-0.06122511625289917,-0.039161860942840576,-0.018473585587514663,-0.11119520664215088,-0.15077799558639526,-0.022878473144544387,-0.13625353574752808,-0.23633015155792236,-0.030443449955953383,-0.17444449663162231,-0.27642205357551575,-0.039212092277182364,-0.05964595079421997,-0.23713576793670654,-0.0032153064241242646,-0.06622737646102905,-0.3430255651473999,-0.026038214084280753,-0.06504154205322266,-0.40390831232070923,-0.03793794986285093,-0.059673845767974854,-0.45860806107521057,-0.04724309917963865,-0.014362454414367676,-0.23157137632369995,-0.012286568511797213,-0.03960949182510376,-0.2908027768135071,-0.06064908158458593,-0.045979857444763184,-0.20091086626052856,-0.06864578601397398,-0.037429869174957275,-0.14210385084152222,-0.05992082458413961,0.03128546476364136,-0.2103874683380127,-0.0257593239513767,0.007021844387054443,-0.24463269114494324,-0.0766561138299835,-0.0027652978897094727,-0.15229082107543945,-0.06536232259549024,0.001455068588256836,-0.10564559698104858,-0.04237071376718404,0.0785067081451416,-0.17913371324539185,-0.04048506495036008,0.054567694664001465,-0.2226364016532898,-0.07158479419030073,0.03860598802566528,-0.1594223976135254,-0.05974656295455816,0.04082149267196655,-0.12446695566177368,-0.042868922915829444,volume up
0.0,0.0,0.0,-0.06292563676834106,-0.04087752103805542,-0.017536313722388286,-0.11120802164077759,-0.15077441930770874,-0.021822928900377292,-0.1281396746635437,-0.23631376028060913,-0.029518758396164912,-0.15903633832931519,-0.28501617908477783,-0.0381986251869364,-0.06388533115386963,-0.23506003618240356,-0.002587509325252313,-0.07072669267654419,-0.3402765989303589,-0.026324066782848377,-0.06862741708755493,-0.40281784534454346,-0.03898890827085211,-0.06187403202056885,-0.4584417939186096,-0.04842401061441137,-0.017026960849761963,-0.2294936180114746,-0.012332591677562732,-0.04034990072250366,-0.29129189252853394,-0.061501075963036556,-0.045465290546417236,-0.20042496919631958,-0.06959725309397413,-0.03700661659240723,-0.13854074478149414,-0.06058599192883207,0.029917359352111816,-0.2086712121963501,-0.02647238362814619,0.006567776203155518,-0.24795758724212646,-0.0771393044688864,-0.0031234025955200195,-0.1553475260734558,-0.06487108160044386,-6.74128532409668e-05,-0.10443496704101562,-0.04106544841314985,0.0782175064086914,-0.17792099714279175,-0.04194484789158537,0.054377973079681396,-0.225031316280365,-0.07300553608919813,0.03900146484375,-0.1637355089187622,-0.060787109176175136,0.04048597812652588,-0.1269289255142212,-0.043438301871077556,volume up
0.0,0.0,0.0,-0.06116437911987305,-0.04124629497528076,-0.01759069331342289,-0.10797691345214844,-0.14588546752929688,-0.02295028336698124,-0.12219834327697754,-0.23407888412475586,-0.03151049197072098,-0.145513117313385,-0.29532384872436523,-0.04065011546367714,-0.0643090009689331,-0.22952526807785034,-0.006210868362131805,-0.0688902735710144,-0.33740654587745667,-0.030652572516146392,-0.06710869073867798,-0.40009891986846924,-0.042769012156668396,-0.06069833040237427,-0.4561960995197296,-0.05147679999822685,-0.017342686653137207,-0.22150272130966187,-0.01593481853956291,-0.0399896502494812,-0.2858879566192627,-0.06431209400648186,-0.04564303159713745,-0.1935797929763794,-0.0700323443149955,-0.036832451820373535,-0.1327294111251831,-0.05970062047595093,0.029164612293243408,-0.19968456029891968,-0.029949250746312828,0.006456971168518066,-0.24420654773712158,-0.07937658682817528,-0.0021570324897766113,-0.15060025453567505,-0.06410390243286201,0.0022336840629577637,-0.10125648975372314,-0.038733233812990875,0.07728642225265503,-0.16809701919555664,-0.04540566459650108,0.05636882781982422,-0.22056430578231812,-0.0756691183185012,0.0402677059173584,-0.15934640169143677,-0.06169400096291611,0.0401497483253479,-0.12282073497772217,-0.04318133473748276,volume up
0.0,0.0,0.0,-0.061750173568725586,-0.04176199436187744,-0.018500315614119245,-0.10601598024368286,-0.14514386653900146,-0.023935199372544957,-0.11584597826004028,-0.23528587818145752,-0.032512654207721425,-0.13309073448181152,-0.30277034640312195,-0.041403029702678396,-0.06402480602264404,-0.22894287109375,-0.004687197629436923,-0.06931477785110474,-0.33655020594596863,-0.02953066363193102,-0.06836885213851929,-0.39983993768692017,-0.04191010131694384,-0.062147319316864014,-0.45641836524009705,-0.0505425526127965,-0.01696103811264038,-0.2215396761894226,-0.014136924997046663,-0.04099476337432861,-0.2863633930683136,-0.06319467037178583,-0.04645150899887085,-0.19532686471939087,-0.06995742081858225,-0.036822497844696045,-0.1340206265449524,-0.05998394324637957,0.029173076152801514,-0.20030313730239868,-0.028106127522960378,0.00531160831451416,-0.24509462714195251,-0.07800858526684351,-0.003119170665740967,-0.1520465612411499,-0.06342925935246058,0.0019692182540893555,-0.10155361890792847,-0.03811423539377756,0.07745856046676636,-0.16906791925430298,-0.043677222572341634,0.053866803646087646,-0.22059780359268188,-0.0743496498391778,0.0386350154876709,-0.1597561240196228,-0.06090120285011835,0.039605796337127686,-0.12267488241195679,-0.04241366743303843,volume up
0.0,0.0,0.0,-0.062088847160339355,-0.03937411308288574,-0.016364148370996645,-0.10427695512771606,-0.14448189735412598,-0.020877972729579142,-0.10746967792510986,-0.23668259382247925,-0.02862551484264486,-0.12205618619918823,-0.3051423728466034,-0.036915725581422976,-0.06494998931884766,-0.2294313907623291,-0.003918657098040512,-0.06986212730407715,-0.33649054169654846,-0.027841398976818255,-0.06878554821014404,-0.4006909132003784,-0.03920380260802858,-0.0632372498512268,-0.4571894705295563,-0.04719560455538385,-0.018298566341400146,-0.22251135110855103,-0.013650346100405386,-0.04096972942352295,-0.28785035014152527,-0.06182389568544977,-0.043880581855773926,-0.19445884227752686,-0.06768201898790949,-0.03339868783950806,-0.13357198238372803,-0.057219414524809054,0.02783381938934326,-0.2027958631515503,-0.027604965977445772,0.004375040531158447,-0.24714046716690063,-0.0766761810705816,-0.002087831497192383,-0.1535048484802246,-0.062126735709682634,0.0036876797676086426,-0.1036301851272583,-0.037167666964307955,0.07635152339935303,-0.17359209060668945,-0.04289816182114237,0.051421284675598145,-0.22358441352844238,-0.07292353224016779,0.0380517840385437,-0.16149818897247314,-0.05972747739411943,0.04051995277404785,-0.12469488382339478,-0.041702436767593554,volume up
0.0,0.0,0.0,-0.0603102445602417,-0.03903836011886597,-0.019212578714586925,-0.10203319787979126,-0.14391660690307617,-0.025199302763439846,-0.10379558801651001,-0.2353997826576233,-0.033867144317127895,-0.11328339576721191,-0.3066132366657257,-0.042648387432791424,-0.06509560346603394,-0.23060071468353271,-0.006139988836594057,-0.07166242599487305,-0.3370824456214905,-0.030888923735119533,-0.07071024179458618,-0.40184685587882996,-0.042703409970499706,-0.06493955850601196,-0.4587029814720154,-0.05069845664570494,-0.018056929111480713,-0.22381049394607544,-0.014700310596026611,-0.03964662551879883,-0.2894302308559418,-0.0637975943393485,-0.04324662685394287,-0.19755679368972778,-0.07040676596830053,-0.03425377607345581,-0.13605892658233643,-0.060013079375721645,0.02832847833633423,-0.20410394668579102,-0.027644993097283077,0.005327343940734863,-0.24782446026802063,-0.07809688273141546,-0.001711130142211914,-0.15400540828704834,-0.06429574015805883,0.002967536449432373,-0.10304450988769531,-0.03913430246780081,0.07688671350479126,-0.17494332790374756,-0.04206550243566198,0.052526891231536865,-0.223832368850708,-0.07325945916841192,0.03890794515609741,-0.16139060258865356,-0.06044031429360075,0.04035252332687378,-0.12381488084793091,-0.04210440191695852,volume up
0.0,0.0,0.0,-0.06066882610321045,-0.03693866729736328,-0.01959670362924726,-0.10131043195724487,-0.1435149908065796,-0.024999322648397992,-0.10058540105819702,-0.23556053638458252,-0.032743102218262266,-0.10635185241699219,-0.30699267983436584,-0.04041680907761247,-0.06529408693313599,-0.22965282201766968,-0.0071588613085964425,-0.07356226444244385,-0.33741894364356995,-0.031195717211119245,-0.07255709171295166,-0.4007989764213562,-0.04204231342231424,-0.06675189733505249,-0.4574674665927887,-0.0494291021481672,-0.018468141555786133,-0.22340792417526245,-0.0150731003836313,-0.04055255651473999,-0.28902003169059753,-0.06388950934564264,-0.04373013973236084,-0.19656509160995483,-0.06996862431918771,-0.03482288122177124,-0.1358744502067566,-0.05920475935494096,0.027909517288208008,-0.2045809030532837,-0.027290653716079305,0.004490017890930176,-0.24600914120674133,-0.07761099776183755,-0.002359628677368164,-0.14968669414520264,-0.06361102899467141,0.0021339058876037598,-0.09948676824569702,-0.03833292638813646,0.07635939121246338,-0.1770438551902771,-0.040998807455650876,0.05104649066925049,-0.22094237804412842,-0.07206511339103372,0.03756338357925415,-0.15668857097625732,-0.05943779116427095,0.03921538591384888,-0.12118637561798096,-0.041305316890827726,volume up
0.0,0.0,0.0,-0.06027019023895264,-0.03913682699203491,-0.018554371924125235,-0.10015851259231567,-0.14574450254440308,-0.02379699158760218,-0.09918510913848877,-0.2365894913673401,-0.03156954343708662,-0.10463458299636841,-0.30699068307876587,-0.03931831862124113,-0.0645291805267334,-0.23184692859649658,-0.007198214207761566,-0.07324379682540894,-0.3391455113887787,-0.031533691243254225,-0.07246071100234985,-0.40273213386535645,-0.04278773735555319,-0.06689375638961792,-0.4589410722255707,-0.05043977420123724,-0.0177077054977417,-0.22529566287994385,-0.015922549323164503,-0.03966856002807617,-0.28984618186950684,-0.06499440889152197,-0.044170498847961426,-0.19866400957107544,-0.0711499295690885,-0.036728620529174805,-0.13730847835540771,-0.0604724093833795,0.02896249294281006,-0.20493382215499878,-0.028882180483066122,0.005428493022918701,-0.24469685554504395,-0.07902219812663702,-0.0015788078308105469,-0.1504533290863037,-0.06508462797197012,0.002701103687286377,-0.10070604085922241,-0.03996279756816534,0.0775599479675293,-0.17506307363510132,-0.04327326561602263,0.052696287631988525,-0.22112691402435303,-0.07418623487743048,0.03922301530838013,-0.15780788660049438,-0.06129657398255972,0.04093581438064575,-0.12172448635101318,-0.04299811939986853,volume up
0.0,0.0,0.0,-0.06125223636627197,-0.0382956862449646,-0.018526131607018215,-0.1019086241722107,-0.14487475156784058,-0.0237926303813083,-0.10120201110839844,-0.2366732954978943,-0.03162617827149461,-0.10713332891464233,-0.30716678500175476,-0.039384579605780345,-0.06754851341247559,-0.23200660943984985,-0.006945365894011957,-0.07627350091934204,-0.3396727442741394,-0.031165488384090168,-0.07558608055114746,-0.4033347964286804,-0.0420242122778518,-0.06989151239395142,-0.45960772037506104,-0.04937539095374177,-0.020455598831176758,-0.22558271884918213,-0.015643168560586673,-0.04186856746673584,-0.2910535931587219,-0.0644948429832084,-0.04547327756881714,-0.19812458753585815,-0.07013232479187081,-0.037016212940216064,-0.13696908950805664,-0.058997793442927104,0.026414990425109863,-0.2057579755783081,-0.02861276114674638,0.0033761262893676758,-0.24608153104782104,-0.0787887073526008,-0.0033731460571289062,-0.15122324228286743,-0.06455876896473,0.0013517141342163086,-0.10168015956878662,-0.039194161392174465,0.075156569480896,-0.17669767141342163,-0.042998662538252574,0.050328731536865234,-0.2229059338569641,-0.07381513187976907,0.036915361881256104,-0.15899449586868286,-0.06072442079278062,0.038764238357543945,-0.12282687425613403,-0.04230488309951852,volume up
0.0,0.0,0.0,-0.059224486351013184,-0.038871169090270996,-0.018775505204274623,-0.10070681571960449,-0.14351952075958252,-0.024229309712126224,-0.10357004404067993,-0.2352447509765625,-0.03242665268905398,-0.1149224042892456,-0.3070279359817505,-0.040743188191726176,-0.06556308269500732,-0.2311583161354065,-0.0056533363690220995,-0.07272100448608398,-0.3383294939994812,-0.03041200638242003,-0.07237553596496582,-0.4019815921783447,-0.041896389056518046,-0.06751275062561035,-0.4586471617221832,-0.049639285732581584,-0.018869221210479736,-0.22555279731750488,-0.014209025729968516,-0.0417514443397522,-0.29080823063850403,-0.0634952012491965,-0.04455828666687012,-0.19880396127700806,-0.07000371553428408,-0.03539472818374634,-0.13811761140823364,-0.05961536728270289,0.02780747413635254,-0.20654737949371338,-0.02719519399531123,0.0037652254104614258,-0.24752303957939148,-0.0781024593902373,-0.002935469150543213,-0.15214359760284424,-0.06464627124793765,0.0016060471534729004,-0.10219639539718628,-0.039653738219811885,0.0766412615776062,-0.17790353298187256,-0.041553118456675975,0.051926493644714355,-0.22476106882095337,-0.07264762856490847,0.03798872232437134,-0.16046500205993652,-0.06002534665591952,0.038714051246643066,-0.12301748991012573,-0.04196112715132472,volume up
0.0,0.0,0.0,-0.061093688011169434,-0.037542641162872314,-0.018981844630332034,-0.10599493980407715,-0.14403653144836426,-0.023552449863643687,-0.11402690410614014,-0.2366907000541687,-0.03087300106534485,-0.13108307123184204,-0.30542272329330444,-0.03834133639583115,-0.0671280026435852,-0.22897005081176758,-0.004654360912979882,-0.07307493686676025,-0.3370906412601471,-0.028810218420119327,-0.07224887609481812,-0.40030068159103394,-0.03989153399714951,-0.0674012303352356,-0.45696842670440674,-0.04760054543265824,-0.021058320999145508,-0.2246904969215393,-0.01327325075516228,-0.04437422752380371,-0.2908647358417511,-0.062244143780560535,-0.04825234413146973,-0.20087915658950806,-0.06857256635674958,-0.0399625301361084,-0.14079564809799194,-0.05800054639229302,0.02533864974975586,-0.20659101009368896,-0.026417470049352687,0.0018589496612548828,-0.24650436639785767,-0.07649043991813187,-0.0045226216316223145,-0.15178287029266357,-0.06292107000598435,-0.00014793872833251953,-0.10317176580429077,-0.03818117126473908,0.0736052393913269,-0.17856228351593018,-0.04108205854544167,0.04919499158859253,-0.2212257981300354,-0.07174029990682129,0.03578388690948486,-0.15708166360855103,-0.0592503589356852,0.037437260150909424,-0.12134313583374023,-0.04148386835703377,volume up
0.0,0.0,0.0,-0.06199073791503906,-0.03830820322036743,-0.019505385980124856,-0.10993635654449463,-0.1467571258544922,-0.024576739147420312,-0.12584567070007324,-0.23815596103668213,-0.03244762189697781,-0.15027165412902832,-0.30163007974624634,-0.040646997019763376,-0.0691901445388794,-0.2303972840309143,-0.004524186924214746,-0.07419180870056152,-0.3380277156829834,-0.028309688642735864,-0.07258784770965576,-0.40139850974082947,-0.03936504639696636,-0.06702744960784912,-0.4582788646221161,-0.047307387665028955,-0.023033082485198975,-0.2254011034965515,-0.013032477088387395,-0.046155571937561035,-0.29045039415359497,-0.06154767863463917,-0.04954636096954346,-0.19839054346084595,-0.06753404505562344,-0.04039561748504639,-0.13800227642059326,-0.056919504627700235,0.02379673719406128,-0.20613664388656616,-0.026125549078102495,0.0007663965225219727,-0.24734610319137573,-0.07628645069908657,-0.005322158336639404,-0.15250331163406372,-0.06244355879735508,-0.0003249049186706543,-0.10337561368942261,-0.037558571174855615,0.07204723358154297,-0.17678970098495483,-0.040733759030814554,0.048921942710876465,-0.22102117538452148,-0.07193601943563976,0.035201191902160645,-0.15731489658355713,-0.05957271225761929,0.03685927391052246,-0.12108498811721802,-0.041912869289632226,volume up
0.0,0.0,0.0,-0.060580432415008545,-0.04169648885726929,-0.019475408964353846,-0.10748201608657837,-0.1475595235824585,-0.02565855453212862,-0.12378835678100586,-0.23643308877944946,-0.034867991827923106,-0.14832311868667603,-0.2973054349422455,-0.044469044678407954,-0.06371122598648071,-0.23168545961380005,-0.005171695393073605,-0.06873512268066406,-0.33827441930770874,-0.029617452197271632,-0.06782656908035278,-0.4013247489929199,-0.041284606926637935,-0.06214559078216553,-0.457170307636261,-0.04948536413212423,-0.017604589462280273,-0.22400742769241333,-0.014159542643028544,-0.042130112648010254,-0.28945493698120117,-0.06337731065650587,-0.04677504301071167,-0.19776272773742676,-0.06960611524482374,-0.03708851337432861,-0.13657450675964355,-0.05895980181594496,0.02842503786087036,-0.2024579644203186,-0.027766407602030085,0.003802359104156494,-0.24472060799598694,-0.07896135481496458,-0.0028298497200012207,-0.1511017084121704,-0.06510527166028623,0.003080308437347412,-0.10071557760238647,-0.03973559024234419,0.07649701833724976,-0.17177903652191162,-0.042839863472181605,0.05228710174560547,-0.22099775075912476,-0.07441011550326948,0.038107454776763916,-0.15895330905914307,-0.0615398819973052,0.039737701416015625,-0.1215660572052002,-0.04328527035613661,volume up
0.0,0.0,0.0,-0.06106889247894287,-0.04200094938278198,-0.019027955703307953,-0.1100085973739624,-0.1505109667778015,-0.024589171506335106,-0.13006484508514404,-0.23891961574554443,-0.03338319050507721,-0.15905779600143433,-0.2946764826774597,-0.04277206572132286,-0.0658378005027771,-0.23244166374206543,-0.0031019492203938626,-0.07129871845245361,-0.3384797275066376,-0.026999961458017196,-0.0697094202041626,-0.4019531011581421,-0.038901429496576156,-0.06379276514053345,-0.4585040211677551,-0.04761483507590469,-0.020295798778533936,-0.2262973189353943,-0.012400979049374428,-0.04406231641769409,-0.29296818375587463,-0.06134389700727638,-0.04900771379470825,-0.2010475993156433,-0.06811231734590706,-0.04004406929016113,-0.13854777812957764,-0.05783619346456703,0.025829851627349854,-0.20542722940444946,-0.02628687942760166,0.0022050142288208008,-0.24771884083747864,-0.07660247745351967,-0.005403876304626465,-0.15500617027282715,-0.06287452938394722,-0.00015622377395629883,-0.10399997234344482,-0.03785212325291809,0.07347756624221802,-0.17444324493408203,-0.04169275598960098,0.050080835819244385,-0.2239285111427307,-0.07234283896522697,0.03538304567337036,-0.16291272640228271,-0.05921280743913826,0.03724265098571777,-0.1256844401359558,-0.041019525252153244,volume up
0.0,0.0,0.0,-0.05964463949203491,-0.04137986898422241,-0.01872536432239258,-0.10915917158126831,-0.1497289538383484,-0.024136409948198434,-0.13074636459350586,-0.23500311374664307,-0.03268665153774464,-0.16086751222610474,-0.286543071269989,-0.04190012891086781,-0.06448584794998169,-0.23295557498931885,-0.0043279331574126445,-0.06912004947662354,-0.340488463640213,-0.02797216814252579,-0.06627631187438965,-0.40370047092437744,-0.03961684633287632,-0.05925410985946655,-0.4592045247554779,-0.048095517645208474,-0.01834803819656372,-0.2257688045501709,-0.013452268990306493,-0.04055255651473999,-0.28919774293899536,-0.0624118268886491,-0.0447312593460083,-0.1968163251876831,-0.06905629564317906,-0.035822272300720215,-0.13524198532104492,-0.058800504396288034,0.02796483039855957,-0.20436012744903564,-0.027045878435103532,0.006065428256988525,-0.24519452452659607,-0.07791759897264683,-0.001828908920288086,-0.1515933871269226,-0.06442990977558338,0.00202786922454834,-0.10127079486846924,-0.03949996162447178,0.07568711042404175,-0.1731465458869934,-0.041971483121244546,0.053909897804260254,-0.22091346979141235,-0.07340069193634235,0.039115965366363525,-0.1586567759513855,-0.060507618675558206,0.03972536325454712,-0.12198978662490845,-0.04233458344134533,volume up
0.0,0.0,0.0,-0.05903047323226929,-0.04236990213394165,-0.01823684556546823,-0.10917222499847412,-0.15077823400497437,-0.023565441203743376,-0.1333562135696411,-0.23459136486053467,-0.03232970817151681,-0.16803288459777832,-0.27990907430648804,-0.0422537697679104,-0.061696767807006836,-0.23325347900390625,-0.0040718171014191284,-0.06792038679122925,-0.33934158086776733,-0.028232784775525488,-0.0657578706741333,-0.4021957814693451,-0.04096434621277467,-0.05864506959915161,-0.4580184519290924,-0.05034622160854951,-0.016246497631072998,-0.22687309980392456,-0.013681955469280638,-0.03876131772994995,-0.29117918014526367,-0.0628645157641472,-0.04500025510787964,-0.20065182447433472,-0.07057728974285737,-0.03660827875137329,-0.13890421390533447,-0.0612948050922455,0.029962241649627686,-0.20530569553375244,-0.027708178219825186,0.007645547389984131,-0.24758604168891907,-0.07905823348227159,-0.0018756985664367676,-0.15496528148651123,-0.0665958857363762,0.0021066665649414062,-0.1033620834350586,-0.04231926409664766,0.0778927206993103,-0.1733858585357666,-0.04300263134899751,0.055400311946868896,-0.2240719199180603,-0.0746263822740616,0.03978610038757324,-0.16315144300460815,-0.062050748450189985,0.04101794958114624,-0.1253300905227661,-0.04421441985431329,volume up
0.0,0.0,0.0,-0.05877727270126343,-0.0417633056640625,-0.01823635025161252,-0.10962146520614624,-0.15044063329696655,-0.023650616390881396,-0.13576877117156982,-0.23360556364059448,-0.032422633825120784,-0.1711341142654419,-0.2780835032463074,-0.04239910653072343,-0.059779345989227295,-0.2327166199684143,-0.004145110009488917,-0.06601971387863159,-0.34005600214004517,-0.02775757013100133,-0.06414598226547241,-0.40323585271835327,-0.03997338747817025,-0.058128952980041504,-0.45829761028289795,-0.04909001847940431,-0.014901220798492432,-0.2270832657814026,-0.013595574518916465,-0.038786232471466064,-0.29099106788635254,-0.06221831402021394,-0.045152485370635986,-0.20139479637145996,-0.06988961434203134,-0.03760451078414917,-0.1403747797012329,-0.06067668458658204,0.030808746814727783,-0.20634150505065918,-0.02738855032461629,0.007186412811279297,-0.2464866042137146,-0.07823532259303079,-0.0020624399185180664,-0.15411555767059326,-0.06610995715695367,0.0012723803520202637,-0.10334742069244385,-0.04229210129219041,0.07821053266525269,-0.17526662349700928,-0.04238927921491609,0.05385810136795044,-0.2235693335533142,-0.07392830586272225,0.03912323713302612,-0.1616295576095581,-0.06161500325637803,0.04105269908905029,-0.12431800365447998,-0.04400563052135453,volume up
0.0,0.0,0.0,-0.05989193916320801,-0.03998887538909912,-0.017297309944325434,-0.11108696460723877,-0.15009546279907227,-0.022029827469879137,-0.1370612382888794,-0.23348861932754517,-0.030216948250227915,-0.1739242672920227,-0.27660906314849854,-0.03976445750325297,-0.060333311557769775,-0.23277521133422852,-0.003452221751132356,-0.06789600849151611,-0.3395172357559204,-0.02679163322775935,-0.06613302230834961,-0.4023696482181549,-0.038920031050139414,-0.059909701347351074,-0.45749232172966003,-0.04814891249864672,-0.015601933002471924,-0.22759175300598145,-0.013208163091832148,-0.0407375693321228,-0.29023832082748413,-0.06151079864233111,-0.04613238573074341,-0.19911110401153564,-0.06892293051808451,-0.037056028842926025,-0.13832545280456543,-0.059674334833317744,0.029770970344543457,-0.20753788948059082,-0.02724951424627875,0.004741668701171875,-0.24626946449279785,-0.07760918245642756,-0.00400310754776001,-0.15288633108139038,-0.0650912980827627,0.00043398141860961914,-0.10289949178695679,-0.04131419316857432,0.07704222202301025,-0.17750293016433716,-0.04246320680707072,0.05095916986465454,-0.2236664891242981,-0.07356052950947856,0.03685581684112549,-0.16102641820907593,-0.06109307439058398,0.04001384973526001,-0.12513142824172974,-0.04364395246832942,volume up
0.0,0.0,0.0,-0.05932849645614624,-0.041235506534576416,-0.017911063202888045,-0.11049115657806396,-0.1508650779724121,-0.023148042776853117,-0.13706541061401367,-0.23460805416107178,-0.03175496465829042,-0.17415452003479004,-0.2779686450958252,-0.041686286845475706,-0.06030339002609253,-0.2324603796005249,-0.0038947944280209867,-0.06748288869857788,-0.33948254585266113,-0.027292607047826323,-0.06598520278930664,-0.4027632474899292,-0.039224805006057295,-0.06008237600326538,-0.4579431414604187,-0.04824908978608278,-0.0155867338180542,-0.22723627090454102,-0.013428924300939116,-0.03989595174789429,-0.29145312309265137,-0.061581110277444395,-0.045764923095703125,-0.19938170909881592,-0.0682828441944423,-0.03687560558319092,-0.13848119974136353,-0.058449813791781935,0.029953420162200928,-0.20687389373779297,-0.027344863557487997,0.006206393241882324,-0.24779397249221802,-0.07779431498912004,-0.0030738115310668945,-0.15375500917434692,-0.06452776647475389,0.0010766386985778809,-0.10363566875457764,-0.040134446391135725,0.07737517356872559,-0.176136314868927,-0.0424785443332496,0.05309593677520752,-0.22437423467636108,-0.0734471247282329,0.03822046518325806,-0.1614445447921753,-0.060386953571111235,0.04045295715332031,-0.12523287534713745,-0.04249874285724786,volume up
0.0,0.0,0.0,-0.05955404043197632,-0.0411684513092041,-0.0176106577977464,-0.11061573028564453,-0.1510791778564453,-0.02267664282172177,-0.13707435131072998,-0.2342260479927063,-0.031258998276285865,-0.17422032356262207,-0.2775338888168335,-0.04114508053808663,-0.05944591760635376,-0.23375612497329712,-0.0028093041159138465,-0.06744813919067383,-0.33973655104637146,-0.025883141742639282,-0.06627285480499268,-0.4024215340614319,-0.03791065684109185,-0.06090360879898071,-0.457417756319046,-0.04708159512429688,-0.014719784259796143,-0.22854328155517578,-0.012463772507004478,-0.04043865203857422,-0.2911822199821472,-0.06056840142755959,-0.04577994346618652,-0.20036005973815918,-0.06826018339543793,-0.03682553768157959,-0.13972920179367065,-0.059192074300341346,0.030718326568603516,-0.20832473039627075,-0.026452353061728218,0.005372166633605957,-0.24687322974205017,-0.07679674571900819,-0.003509819507598877,-0.15409034490585327,-0.0647766644373462,0.0007408857345581055,-0.10429370403289795,-0.04124651646762345,0.07784849405288696,-0.17826414108276367,-0.0416191460803077,0.051638901233673096,-0.22444480657577515,-0.07234674489646409,0.0371478796005249,-0.16230034828186035,-0.05988751894383881,0.039985477924346924,-0.12626433372497559,-0.042467987002424934,volume up
0.0,0.0,0.0,-0.059816062450408936,-0.04128521680831909,-0.018149635104805384,-0.11094576120376587,-0.15104889869689941,-0.023594016490847025,-0.13690447807312012,-0.23418325185775757,-0.03237270592001096,-0.17359966039657593,-0.2780548334121704,-0.04235269529965535,-0.06078237295150757,-0.23328351974487305,-0.003923875561326895,-0.06859666109085083,-0.3401287794113159,-0.02688098727014676,-0.06779539585113525,-0.40346771478652954,-0.03853039471653119,-0.0627439022064209,-0.458710640668869,-0.04742747945931569,-0.016361236572265625,-0.22799599170684814,-0.013306641301483069,-0.04116314649581909,-0.29246649146080017,-0.061242290122777376,-0.04721194505691528,-0.20187634229660034,-0.06819978011992589,-0.03891634941101074,-0.14025437831878662,-0.05856405226734296,0.028869986534118652,-0.20761674642562866,-0.027022518499165926,0.004230380058288574,-0.24798861145973206,-0.07711255951073781,-0.004570603370666504,-0.15483516454696655,-0.06446638358977452,-0.00029736757278442383,-0.10386073589324951,-0.0405544715955557,0.07586163282394409,-0.1772661805152893,-0.041979648454457674,0.05030190944671631,-0.22443366050720215,-0.0728699083462061,0.036103785037994385,-0.16246956586837769,-0.06039175419357434,0.03896057605743408,-0.12603157758712769,-0.04292606963065282,volume up
0.0,0.0,0.0,-0.05890399217605591,-0.040842652320861816,-0.017627524536237615,-0.109840989112854,-0.15083056688308716,-0.022696106087551016,-0.13532817363739014,-0.23444437980651855,-0.031151000734553236,-0.17273616790771484,-0.27686405181884766,-0.04097028481601228,-0.05840194225311279,-0.2331978678703308,-0.004155821491167444,-0.06706434488296509,-0.3404809832572937,-0.027118861999497312,-0.0661858320236206,-0.40326446294784546,-0.03888769852756013,-0.06113630533218384,-0.45859795808792114,-0.04793291571377267,-0.013867080211639404,-0.22810351848602295,-0.013691720876977342,-0.039342284202575684,-0.29201602935791016,-0.06173738124607553,-0.04477578401565552,-0.20128661394119263,-0.06910759615539064,-0.036165058612823486,-0.14028245210647583,-0.0598838705086564,0.031251728534698486,-0.20793670415878296,-0.027427487399563688,0.005855858325958252,-0.24746167659759521,-0.07784478026269426,-0.002505362033843994,-0.1546725630760193,-0.06569734620688905,0.001982748508453369,-0.10435789823532104,-0.04213932934044351,0.07801496982574463,-0.17784452438354492,-0.042295269992337126,0.05203181505203247,-0.22472739219665527,-0.07353721218942155,0.03797513246536255,-0.16246187686920166,-0.06128291445611467,0.04104435443878174,-0.12592971324920654,-0.04396641286848535,volume up
0.0,0.0,0.0,-0.059286415576934814,-0.040985703468322754,-0.019206805210330913,-0.11013925075531006,-0.15031945705413818,-0.025321293677905032,-0.13693928718566895,-0.23353779315948486,-0.034561451580145786,-0.1740824580192566,-0.27691125869750977,-0.04490684723458571,-0.061303138732910156,-0.23296886682510376,-0.005140780526915023,-0.06915301084518433,-0.33898258209228516,-0.02867595670721812,-0.06889551877975464,-0.40230095386505127,-0.04070390766463561,-0.0641556978225708,-0.45780321955680847,-0.04982749005756659,-0.01681971549987793,-0.22771239280700684,-0.01411540159932656,-0.04099071025848389,-0.29191073775291443,-0.06272592028579993,-0.0476420521736145,-0.2023838758468628,-0.07011353602609915,-0.040212810039520264,-0.14091062545776367,-0.06065196176967902,0.028539538383483887,-0.20749247074127197,-0.027463529314616153,0.003872394561767578,-0.24698567390441895,-0.07799079647264762,-0.004865586757659912,-0.15429049730300903,-0.06563313683471961,-0.0007259845733642578,-0.10330981016159058,-0.041783556397774646,0.0757940411567688,-0.17728281021118164,-0.04215487098298354,0.04960286617279053,-0.22375398874282837,-0.07326961686811728,0.03568536043167114,-0.16212135553359985,-0.06108252337179465,0.03866279125213623,-0.12568628787994385,-0.04376947140298171,volume up
0.0,0.0,0.0,-0.05919831991195679,-0.04056441783905029,-0.018581662976060898,-0.10957759618759155,-0.14849603176116943,-0.02481893887451747,-0.13498306274414062,-0.23122209310531616,-0.03445133259228328,-0.17170077562332153,-0.274783194065094,-0.04532423307827571,-0.05912572145462036,-0.2327338457107544,-0.004866181124810964,-0.06747472286224365,-0.33925962448120117,-0.028664041959558517,-0.0668022632598877,-0.4022681713104248,-0.04083735560706714,-0.062075257301330566,-0.45698052644729614,-0.04984797974756816,-0.014575779438018799,-0.22693371772766113,-0.014328584723983795,-0.03954344987869263,-0.28941279649734497,-0.0629006854229317,-0.04532879590988159,-0.1999044418334961,-0.07033444260886768,-0.03714233636856079,-0.14043426513671875,-0.060928177737508804,0.03067171573638916,-0.20666229724884033,-0.028143425189767868,0.005702376365661621,-0.24530130624771118,-0.07892741327813724,-0.002750098705291748,-0.1527038812637329,-0.06648468291095355,0.0013286471366882324,-0.1032755970954895,-0.042516314142261535,0.0777159333229065,-0.17636901140213013,-0.043229070209775955,0.05197829008102417,-0.22265642881393433,-0.07456723665526965,0.03819537162780762,-0.1601802110671997,-0.061886255347047836,0.04118090867996216,-0.12384545803070068,-0.04405884137085536,volume up
0.0,0.0,0.0,-0.058674514293670654,-0.0394892692565918,-0.01978498537886253,-0.10974633693695068,-0.14986997842788696,-0.02553977657902351,-0.13648360967636108,-0.23345547914505005,-0.034108830884576946,-0.17402493953704834,-0.2763739824295044,-0.043735334918380886,-0.06124621629714966,-0.23385661840438843,-0.0054538862672757205,-0.06856262683868408,-0.33956271409988403,-0.028913824156404644,-0.06806933879852295,-0.4028242230415344,-0.04067825739133468,-0.06364887952804565,-0.4580088257789612,-0.04964835037338844,-0.016566812992095947,-0.22902685403823853,-0.013974392123998314,-0.04097902774810791,-0.29171621799468994,-0.06224986006367317,-0.046960532665252686,-0.20108050107955933,-0.06885728080618492,-0.0388718843460083,-0.1403343677520752,-0.05888427262055984,0.028931021690368652,-0.20862603187561035,-0.027033306926966816,0.0047051310539245605,-0.24579674005508423,-0.07756879021275154,-0.0043852925300598145,-0.15246224403381348,-0.06480035771477333,-0.0005802512168884277,-0.1034284234046936,-0.0407479650233995,0.0763082504272461,-0.1781233549118042,-0.041461730644584804,0.05103582143783569,-0.22190731763839722,-0.07247689206946006,0.03674978017807007,-0.1587613821029663,-0.06013239015686622,0.039422571659088135,-0.12397682666778564,-0.04281722594845405,volume up
0.0,0.0,0.0,-0.0579831600189209,-0.041310787200927734,-0.01909246799232278,-0.10802042484283447,-0.14952212572097778,-0.025527169375436642,-0.1335608959197998,-0.2322998046875,-0.03513267394782815,-0.1709202527999878,-0.27575334906578064,-0.04595719036342416,-0.05782759189605713,-0.23337703943252563,-0.00613201400892649,-0.06626880168914795,-0.34027814865112305,-0.03018020783247266,-0.06606298685073853,-0.40339136123657227,-0.04224656653286729,-0.06184655427932739,-0.45833203196525574,-0.05127554145337854,-0.013380944728851318,-0.22763383388519287,-0.01537310649337087,-0.038682639598846436,-0.29091084003448486,-0.06423947718622003,-0.04440683126449585,-0.1992775797843933,-0.07091478016855035,-0.03546857833862305,-0.13924241065979004,-0.060930216132419446,0.03187668323516846,-0.2066550850868225,-0.029036782129423955,0.00712895393371582,-0.24518674612045288,-0.08004434165241037,-0.0017644762992858887,-0.15189248323440552,-0.06687818971158777,0.002607405185699463,-0.10341805219650269,-0.042461728124635556,0.07903724908828735,-0.17557168006896973,-0.04400418457271371,0.054316580295562744,-0.22226184606552124,-0.07512637731315408,0.039736807346343994,-0.15942621231079102,-0.0620381584453753,0.042451322078704834,-0.12427449226379395,-0.044101418374793866,volume up
0.0,0.0,0.0,-0.058703839778900146,-0.04113394021987915,-0.01914164648331962,-0.1097102165222168,-0.1510743498802185,-0.02494800128914676,-0.1369614601135254,-0.23326724767684937,-0.033709828191774704,-0.17419350147247314,-0.27625906467437744,-0.043569233649748185,-0.06007492542266846,-0.23466134071350098,-0.005555528131651499,-0.06829243898391724,-0.34017372131347656,-0.02925483361758552,-0.06866514682769775,-0.40349406003952026,-0.04133582525827251,-0.06510341167449951,-0.4588453769683838,-0.050581250720995286,-0.015829861164093018,-0.22916901111602783,-0.014506031209009507,-0.04104459285736084,-0.2920300364494324,-0.06311766841389499,-0.04682093858718872,-0.2006426453590393,-0.06988269128777347,-0.03836172819137573,-0.13949459791183472,-0.06004403197147212,0.029504716396331787,-0.20829522609710693,-0.027891284236090996,0.004677832126617432,-0.2462139129638672,-0.07835696675755344,-0.004089057445526123,-0.15243679285049438,-0.06527362056948505,8.112192153930664e-05,-0.10317033529281616,-0.041116588198917725,0.07678383588790894,-0.17726945877075195,-0.0426309075293716,0.050993144512176514,-0.22300773859024048,-0.07357992269970737,0.036550819873809814,-0.15962642431259155,-0.060884982728737214,0.03929084539413452,-0.12400311231613159,-0.04337973930813632,volume up
0.0,0.0,0.0,-0.05878478288650513,-0.04174149036407471,-0.018191297368190362,-0.10873270034790039,-0.15079516172409058,-0.023642376826188638,-0.13444966077804565,-0.23343795537948608,-0.032404805363199785,-0.17145395278930664,-0.27676403522491455,-0.04242453613974817,-0.05884593725204468,-0.23468613624572754,-0.004349567757031991,-0.06721699237823486,-0.3406163156032562,-0.028021917508027627,-0.06710368394851685,-0.4039899408817291,-0.04039967322447069,-0.06299412250518799,-0.4592893421649933,-0.049827820451042726,-0.014061152935028076,-0.22925269603729248,-0.013789143242917135,-0.0395316481590271,-0.29069414734840393,-0.06213184335925348,-0.04491764307022095,-0.20005357265472412,-0.06951805466511018,-0.03601241111755371,-0.1395757794380188,-0.06040849426486261,0.03133910894393921,-0.2085534930229187,-0.027613813818476274,0.006415128707885742,-0.2469906210899353,-0.0780038412819124,-0.0028499364852905273,-0.1548040509223938,-0.06547844672300585,0.0011286139488220215,-0.10518485307693481,-0.04180599266388185,0.07847481966018677,-0.17737704515457153,-0.042712597937367036,0.053105950355529785,-0.22304469347000122,-0.07360053324796922,0.03817015886306763,-0.16072702407836914,-0.06106408947803743,0.04043281078338623,-0.12449246644973755,-0.04365822190143831,volume up
0.0,0.0,0.0,-0.059278249740600586,-0.0404813289642334,-0.018221925497101665,-0.11064529418945312,-0.15065622329711914,-0.02368807375435722,-0.1370866298675537,-0.23510777950286865,-0.03235083401207817,-0.17501229047775269,-0.277526319026947,-0.042363147735642315,-0.059320271015167236,-0.2354450821876526,-0.004987086188094736,-0.06891268491744995,-0.3417017161846161,-0.028603253439115406,-0.06951934099197388,-0.40529972314834595,-0.04097203865651977,-0.06581181287765503,-0.4606837034225464,-0.0504537257552613,-0.014906823635101318,-0.2300763726234436,-0.014451206214772583,-0.040099263191223145,-0.2931179404258728,-0.06268355205659759,-0.04621124267578125,-0.20204174518585205,-0.0697536687553395,-0.037858009338378906,-0.14134526252746582,-0.06036581054334533,0.030470669269561768,-0.20928215980529785,-0.02820239543919456,0.005664229393005371,-0.24880534410476685,-0.0784194539487828,-0.003670990467071533,-0.15533065795898438,-0.06534878119830978,0.0005053877830505371,-0.10536664724349976,-0.04136551871900451,0.07761472463607788,-0.17811787128448486,-0.04323359534149063,0.05211174488067627,-0.22558194398880005,-0.07416206553583038,0.036973774433135986,-0.16244184970855713,-0.061201765686320186,0.03954559564590454,-0.12560951709747314,-0.043497554510878444,volume up
0.0,0.0,0.0,0.025508984923362732,-0.11162722110748291,0.007975366412338758,0.0888681411743164,-0.18631544709205627,0.009268891512093091,0.1529848575592041,-0.2243713140487671,0.008029393366214777,0.2008715271949768,-0.25108519196510315,0.006748281865057493,0.1651657223701477,-0.1798170804977417,-0.00593111060685203,0.25990909337997437,-0.1821122169494629,-0.009423128814759707,0.31166112422943115,-0.1736723780632019,-0.010400838704171633,0.3509843945503235,-0.16818642616271973,-0.012268489712241148,0.18492558598518372,-0.12548083066940308,-0.014519306385281538,0.2347961962223053,-0.08148282766342163,-0.017504691631856417,0.2043146789073944,-0.07092797756195068,-0.012805809752407527,0.17287039756774902,-0.08013319969177246,-0.009717867263915991,0.18729841709136963,-0.0618172287940979,-0.02100049845999763,0.2093997299671173,-0.03056865930557251,-0.019706496523085093,0.18129509687423706,-0.02309316396713257,-0.007648656164619183,0.15468594431877136,-0.0300636887550354,-0.0018336667179568167,0.1816447377204895,-0.004461705684661865,-0.027487186269226527,0.19046887755393982,0.016573727130889893,-0.020242120624843096,0.16329991817474365,0.021979153156280518,-0.006623985731366133,0.138993501663208,0.01565420627593994,0.003170715857905293,skip forward
0.0,0.0,0.0,0.02665087580680847,-0.11239278316497803,0.00987920242661744,0.09108945727348328,-0.18571797013282776,0.010583984510248001,0.15484988689422607,-0.2237672507762909,0.008016700701062973,0.20299968123435974,-0.24827086925506592,0.005550502644126709,0.1658484935760498,-0.18434607982635498,-0.0051630671758005064,0.26134616136550903,-0.18446195125579834,-0.009669892645234768,0.3147249221801758,-0.17525619268417358,-0.011232150873894398,0.35459399223327637,-0.16991132497787476,-0.01343253456687421,0.1867501139640808,-0.13293594121932983,-0.015506365491802399,0.23500597476959229,-0.08448934555053711,-0.019073194979483787,0.2049759030342102,-0.07029050588607788,-0.014204015179331009,0.1741654872894287,-0.07760673761367798,-0.011025009832138721,0.19043928384780884,-0.06987547874450684,-0.023694380341822807,0.2124771773815155,-0.03474247455596924,-0.022247214956934158,0.18515244126319885,-0.026326417922973633,-0.009533508836085502,0.15869572758674622,-0.033336520195007324,-0.0034272646687725228,0.18578121066093445,-0.011181116104125977,-0.03193212595468253,0.1940259337425232,0.011317849159240723,-0.023775258256847565,0.16739603877067566,0.01727992296218872,-0.009396578340584938,0.14319267868995667,0.011706292629241943,0.00079714776549622,skip forward
0.0,0.0,0.0,0.024091273546218872,-0.11282318830490112,0.008343376243246325,0.0868329405784607,-0.1861395239830017,0.008834575326872596,0.1521824598312378,-0.22452887892723083,0.006608236139399537,0.19964343309402466,-0.25234663486480713,0.004381819652152785,0.16298982501029968,-0.18109220266342163,-0.00750644176663684,0.2579492926597595,-0.18472743034362793,-0.012110537825392953,0.31153011322021484,-0.17827004194259644,-0.013929965881871453,0.3518262505531311,-0.174518883228302,-0.01636887339340376,0.1838209629058838,-0.12978041172027588,-0.016788231184946767,0.23324459791183472,-0.0838361382484436,-0.0200258008895986,0.2033069133758545,-0.07159000635147095,-0.015052228210734597,0.17262300848960876,-0.07954537868499756,-0.012119439406561128,0.1874552071094513,-0.06781381368637085,-0.023891219845282308,0.21262633800506592,-0.03446847200393677,-0.022151751419769994,0.18551450967788696,-0.02751171588897705,-0.009149216091500989,0.15900003910064697,-0.03518563508987427,-0.0032008252798192416,0.1828579306602478,-0.011027395725250244,-0.031162409087883702,0.19392460584640503,0.011144697666168213,-0.02305973505066561,0.1679096519947052,0.016722679138183594,-0.00859149356769251,0.14394629001617432,0.010297834873199463,0.001496325270963439,skip forward
0.0,0.0,0.0,0.02610185742378235,-0.11141526699066162,0.009115928244042948,0.08939315378665924,-0.1835760474205017,0.0100384134987479,0.15297992527484894,-0.2213698923587799,0.008050452377844408,0.1997520476579666,-0.25035732984542847,0.0060837486947065145,0.16407974064350128,-0.17944854497909546,-0.006315886582981989,0.25792108476161957,-0.18283510208129883,-0.011004740912269995,0.3108440786600113,-0.17626953125,-0.012737393919181272,0.35054101049900055,-0.17260271310806274,-0.015031092408847258,0.18437771499156952,-0.12674063444137573,-0.016195954363595888,0.23381806910037994,-0.08059114217758179,-0.019651889409672663,0.20434696972370148,-0.06878358125686646,-0.01503063699210827,0.17417870461940765,-0.07737040519714355,-0.012146666254650995,0.1878606230020523,-0.06374788284301758,-0.02388928791488354,0.2101622372865677,-0.030147910118103027,-0.02253777122105305,0.18321378529071808,-0.023223936557769775,-0.009939032215427801,0.1575784832239151,-0.030919671058654785,-0.0040087886897737235,0.1830870658159256,-0.006441891193389893,-0.03164963198805992,0.19266535341739655,0.015646278858184814,-0.02381202166880314,0.16613967716693878,0.021229028701782227,-0.009404386933695719,0.14246653020381927,0.015254497528076172,0.0007877072624040693,skip forward
0.0,0.0,0.0,0.028696894645690918,-0.11228317022323608,0.01021155204831814,0.09344691038131714,-0.18357813358306885,0.01163730446457123,0.15621739625930786,-0.22197666764259338,0.00989781275599455,0.20422527194023132,-0.24896609783172607,0.008186535464815847,0.16725337505340576,-0.18092375993728638,-0.004219442119605787,0.262759268283844,-0.18106752634048462,-0.007913033922918089,0.3151465058326721,-0.173603355884552,-0.00888366203547264,0.35473746061325073,-0.1700955033302307,-0.010799031218297728,0.18812859058380127,-0.1272241473197937,-0.014701097717292555,0.2382868528366089,-0.08014798164367676,-0.01799102265179897,0.20853325724601746,-0.06713360548019409,-0.013691399691410311,0.17820802330970764,-0.07577043771743774,-0.010631532853253134,0.19116321206092834,-0.06261628866195679,-0.022881267105944403,0.21052318811416626,-0.027823269367218018,-0.02149711128116394,0.1827644407749176,-0.019644200801849365,-0.009754387175448187,0.15746575593948364,-0.02772200107574463,-0.004072968361683138,0.18538984656333923,-0.004010617733001709,-0.03096644345463062,0.19217988848686218,0.018505454063415527,-0.023085228612430342,0.16470569372177124,0.02427971363067627,-0.00912496585191036,0.14078468084335327,0.01769036054611206,0.0009057140766941529,skip forward
0.0,0.0,0.0,0.028778627514839172,-0.11118155717849731,0.00808273568158313,0.09422533214092255,-0.1841498613357544,0.008924246163715566,0.1577277034521103,-0.22328084707260132,0.007015373887170995,0.20594878494739532,-0.2535240948200226,0.005306223271091426,0.16804607212543488,-0.184165358543396,-0.006206796175192153,0.26340068876743317,-0.1856381893157959,-0.010595660327325618,0.3164471536874771,-0.17791032791137695,-0.011855321606944358,0.356767937541008,-0.1738649606704712,-0.014021635657499587,0.18997977674007416,-0.13047969341278076,-0.0160372151493533,0.24048016965389252,-0.08229047060012817,-0.0206087982713683,0.2097616046667099,-0.06901264190673828,-0.01692862123842076,0.17834307253360748,-0.07829320430755615,-0.01417651832694844,0.19405041635036469,-0.06586849689483643,-0.02375608184034661,0.21434403955936432,-0.02903294563293457,-0.023684589794228827,0.18542195856571198,-0.020403623580932617,-0.012148553176174914,0.15936319530010223,-0.028821825981140137,-0.006405874291758096,0.18887881934642792,-0.0068250298500061035,-0.031583419671605384,0.19623495638370514,0.017606675624847412,-0.024851896470735824,0.16875039041042328,0.02350449562072754,-0.01142407268876866,0.14468280971050262,0.016317367553710938,-0.0016639071017010565,skip forward
0.0,0.0,0.0,0.029247239232063293,-0.11118197441101074,0.006184748936775009,0.09427888691425323,-0.1846320629119873,0.005844603389832059,0.15779151022434235,-0.2230851650238037,0.0028645585797306694,0.20652581751346588,-0.24875041842460632,0.0003492390777495302,0.1669694036245346,-0.1789950132369995,-0.007839890565392693,0.263348326086998,-0.18234997987747192,-0.012715548645374497,0.3154038339853287,-0.17525500059127808,-0.013883063006815632,0.3549141138792038,-0.17154216766357422,-0.015901826690551957,0.1862993687391281,-0.12370955944061279,-0.017315717782494744,0.23842962086200714,-0.07980620861053467,-0.02445628158342572,0.20779727399349213,-0.0673341155052185,-0.021436369415042122,0.1760544627904892,-0.0756881833076477,-0.018403983112094124,0.18879546225070953,-0.05921339988708496,-0.02479926719855996,0.21061532199382782,-0.02639031410217285,-0.025987118851062974,0.18228115141391754,-0.018482089042663574,-0.013963647555229386,0.15661774575710297,-0.026736855506896973,-0.007463121689525565,0.1825610250234604,-0.0013926029205322266,-0.03259248323332997,0.19175337255001068,0.020471274852752686,-0.02604298144173356,0.16506750881671906,0.025817155838012695,-0.012051801565704068,0.14196063578128815,0.01862543821334839,-0.0017477058764967524,skip forward
0.0,0.0,0.0,0.0277663916349411,-0.11161929368972778,0.00478913215760457,0.09297755360603333,-0.18553489446640015,0.0038716918772863096,0.1572655737400055,-0.2238742709159851,0.00039536467942724585,0.20739349722862244,-0.2503114938735962,-0.0025346882191641384,0.16814041137695312,-0.1827191710472107,-0.007037438919503813,0.26243239641189575,-0.18582624197006226,-0.012461150532324439,0.31477612257003784,-0.17851418256759644,-0.014450667893250113,0.354841947555542,-0.1745097041130066,-0.017070639414448863,0.18851131200790405,-0.12881964445114136,-0.01628881087686551,0.23738816380500793,-0.08178830146789551,-0.023497713265676623,0.20628023147583008,-0.06912606954574585,-0.020980765579004412,0.17458251118659973,-0.07781738042831421,-0.01838912395920289,0.19131436944007874,-0.06486696004867554,-0.023910810706873065,0.21198171377182007,-0.029878199100494385,-0.026057118085880404,0.18287351727485657,-0.021884679794311523,-0.014517496807236796,0.1567557454109192,-0.03000187873840332,-0.00813101837571395,0.18535548448562622,-0.006093084812164307,-0.03201543679620755,0.19334977865219116,0.017237186431884766,-0.026560382453460818,0.16572564840316772,0.022541463375091553,-0.013052504976947432,0.14179566502571106,0.015048503875732422,-0.0028742977899653965,skip forward
0.0,0.0,0.0,0.02911144495010376,-0.10987430810928345,0.006436417217820178,0.09490908682346344,-0.18462195992469788,0.006491362455754768,0.1585153490304947,-0.22291207313537598,0.003763779637857567,0.20759417116641998,-0.2488476037979126,0.0014810572503947128,0.1677568107843399,-0.18056505918502808,-0.006390222009748925,0.26371802389621735,-0.18347522616386414,-0.011136006225378026,0.3162565380334854,-0.1771559715270996,-0.012313457798690308,0.35624630749225616,-0.17445558309555054,-0.014358673837513436,0.187133327126503,-0.12591969966888428,-0.016154627908498753,0.2399638146162033,-0.0811694860458374,-0.023317316208512295,0.20899398624897003,-0.06903326511383057,-0.02044835839095782,0.1764860898256302,-0.07835936546325684,-0.017456974495679844,0.18987126648426056,-0.06184351444244385,-0.024053366516262997,0.21404089033603668,-0.027590692043304443,-0.025293668393523205,0.18536023795604706,-0.019932210445404053,-0.01328526682826947,0.15901817381381989,-0.028947174549102783,-0.00674533297914337,0.18392552435398102,-0.003845810890197754,-0.0322659850460596,0.19517745077610016,0.01907271146774292,-0.02587303485396575,0.16819436848163605,0.024405300617218018,-0.012035313655168522,0.1445847898721695,0.01649022102355957,-0.001849790463701595,skip forward
0.0,0.0,0.0,0.026803970336914062,-0.11108118295669556,0.006131395554305641,0.09099230170249939,-0.18498244881629944,0.005791158737750379,0.15540814399719238,-0.22243911027908325,0.0028107108978048245,0.20490983128547668,-0.24752050638198853,0.0002093194220407213,0.16681382060050964,-0.1786097288131714,-0.006885267006097706,0.2615198791027069,-0.1819918155670166,-0.011642637805877598,0.3135477900505066,-0.17584776878356934,-0.0128372368904337,0.3535449504852295,-0.17291605472564697,-0.014780938768623741,0.1865231692790985,-0.12302285432815552,-0.01599687538468686,0.2377748191356659,-0.08018642663955688,-0.022038491586087616,0.20699715614318848,-0.06910949945449829,-0.018356094280122193,0.17455333471298218,-0.0776795744895935,-0.015005772145329388,0.18866309523582458,-0.05916547775268555,-0.023290079230307015,0.21146255731582642,-0.026769936084747314,-0.0239828193130478,0.18304342031478882,-0.020346999168395996,-0.011883795404671105,0.15623798966407776,-0.028965473175048828,-0.005394560893861922,0.1822524070739746,-0.0016817450523376465,-0.030866453567384156,0.1910669505596161,0.020560264587402344,-0.024203395614264878,0.16441836953163147,0.02489084005355835,-0.01052267304980603,0.14054030179977417,0.016097187995910645,-0.0005109388417139371,skip forward
0.0,0.0,0.0,0.028753921389579773,-0.11182636022567749,0.006707942045764526,0.09216965734958649,-0.18343153595924377,0.006890499896840652,0.1535043865442276,-0.22055107355117798,0.00412743997527798,0.2021104246377945,-0.24566087126731873,0.0017130800313367445,0.16921089589595795,-0.17804771661758423,-0.004249146741344134,0.2615056484937668,-0.1788032054901123,-0.008326460209204356,0.3130482882261276,-0.17326903343200684,-0.009840877328528563,0.35269318521022797,-0.17164796590805054,-0.012449685086025397,0.1896100491285324,-0.1247052550315857,-0.014043364275707404,0.23410119116306305,-0.0763784646987915,-0.019675318684889476,0.20303170382976532,-0.06403571367263794,-0.017449109416915576,0.17235685884952545,-0.07357776165008545,-0.015473372836126487,0.19159360229969025,-0.06077450513839722,-0.02203542978735129,0.20851056277751923,-0.024254560470581055,-0.02319246211321513,0.17931218445301056,-0.017184913158416748,-0.012431272838725249,0.15382187068462372,-0.02679067850112915,-0.006842059616460006,0.18456532061100006,-0.0021194815635681152,-0.03028164298505942,0.19046597182750702,0.02285856008529663,-0.024656834613992373,0.163223996758461,0.027676939964294434,-0.011795049135102431,0.13963578641414642,0.018997490406036377,-0.002180859281210701,skip forward
0.0,0.0,0.0,0.029543504118919373,-0.11169248819351196,0.007210563207493692,0.09397375583648682,-0.18493521213531494,0.008291709972994,0.1552901566028595,-0.22121497988700867,0.006558157308475643,0.20349490642547607,-0.24323835968971252,0.00510308639191237,0.16867205500602722,-0.1758829951286316,-0.0037262562751010364,0.2619190514087677,-0.17703968286514282,-0.0069878620184198326,0.3138318657875061,-0.17058181762695312,-0.007764117056055397,0.35325831174850464,-0.16852343082427979,-0.009585639657004208,0.1887003481388092,-0.12064224481582642,-0.012630441421194405,0.2345379889011383,-0.07812613248825073,-0.017073652902169556,0.20353475213050842,-0.06738883256912231,-0.013774665267689556,0.17164704203605652,-0.07646644115447998,-0.011056359121127457,0.19120609760284424,-0.05704265832901001,-0.019666285449190468,0.2100878357887268,-0.026764392852783203,-0.019367591673059792,0.1818661391735077,-0.021121621131896973,-0.008014825367851586,0.15502801537513733,-0.030121564865112305,-0.0022236315622166103,0.18491852283477783,0.00013273954391479492,-0.026841915407700867,0.19221073389053345,0.01996093988418579,-0.01986031346909556,0.16584250330924988,0.02468961477279663,-0.006349540510697693,0.14151811599731445,0.01697087287902832,0.0035633901511147315,skip forward
0.0,0.0,0.0,0.027964264154434204,-0.1120915412902832,0.006317142215607419,0.09214933216571808,-0.18216195702552795,0.006170210246978058,0.1549082249403,-0.21795150637626648,0.003205555775252833,0.20427848398685455,-0.24302750825881958,0.0007680468191892942,0.16902314126491547,-0.17719215154647827,-0.004876847560467468,0.26190946996212006,-0.1794884204864502,-0.008536498243870483,0.31325842440128326,-0.1719808578491211,-0.009413059982421146,0.35215331614017487,-0.16811639070510864,-0.011357017974319206,0.19066424667835236,-0.12468820810317993,-0.014019554662468181,0.23107369244098663,-0.07715588808059692,-0.018084485265376316,0.19987185299396515,-0.06460511684417725,-0.014848429891230808,0.16995607316493988,-0.07291114330291748,-0.012605841453137145,0.19322611391544342,-0.0611841082572937,-0.021415356728198276,0.20654495060443878,-0.02650374174118042,-0.021340249287845836,0.1780049353837967,-0.01950812339782715,-0.0103578848717234,0.1533852070569992,-0.027971625328063965,-0.005022936682166801,0.18697138130664825,-0.0026976466178894043,-0.029124606582286106,0.1901959627866745,0.021391451358795166,-0.022022448661687122,0.16323436796665192,0.026849687099456787,-0.008668658505143867,0.14016039669513702,0.019598305225372314,0.0011006899225094458,skip forward
0.0,0.0,0.0,0.02627362310886383,-0.11338508129119873,0.006582914602645928,0.08993014693260193,-0.18540850281715393,0.006840410393365914,0.15302807092666626,-0.22067242860794067,0.0043518964505580016,0.20216065645217896,-0.24342024326324463,0.002242925560736353,0.1680876910686493,-0.1776544451713562,-0.005065500053873961,0.26101091504096985,-0.1807350218296051,-0.008319971866271203,0.3125673532485962,-0.1731499433517456,-0.008736958510539239,0.35127121210098267,-0.16914302110671997,-0.010209423273167317,0.18882513046264648,-0.1235271692276001,-0.01367198654200763,0.23125219345092773,-0.08010798692703247,-0.016982506743929093,0.2003086805343628,-0.06948196887969971,-0.012851604975125497,0.1692376732826233,-0.07811760902404785,-0.009993818371853536,0.19058707356452942,-0.060215771198272705,-0.020472476042172616,0.2059798538684845,-0.030539393424987793,-0.019812721542379563,0.17834997177124023,-0.024249613285064697,-0.008438266597053712,0.15264645218849182,-0.03202289342880249,-0.0028331971422943525,0.18358051776885986,-0.0031086206436157227,-0.027459688267967408,0.18795597553253174,0.01619058847427368,-0.020084321282169526,0.16214701533317566,0.02103322744369507,-0.006567278194538062,0.13872459530830383,0.013907551765441895,0.0033092035285022803,skip forward
0.0,0.0,0.0,0.02439369261264801,-0.11373317241668701,0.005247266878143364,0.08730973303318024,-0.18472859263420105,0.004562704738930279,0.15017060935497284,-0.21973377466201782,0.0009474194108065603,0.19916827976703644,-0.24299666285514832,-0.0022916117135878267,0.16709835827350616,-0.17641687393188477,-0.005570062521144337,0.25867243111133575,-0.18144506216049194,-0.010274631987556404,0.31069017946720123,-0.17409372329711914,-0.012308647009774631,0.3498678356409073,-0.16922438144683838,-0.01503988922689814,0.1881057173013687,-0.12469089031219482,-0.014436636205061859,0.22494451701641083,-0.07871073484420776,-0.019592168825909084,0.19465042650699615,-0.06723415851593018,-0.017410839992805904,0.16610853374004364,-0.07559692859649658,-0.01599267599289078,0.1898239403963089,-0.06242668628692627,-0.021671014922901577,0.20193304121494293,-0.029893994331359863,-0.022356013852402157,0.1741650551557541,-0.023279249668121338,-0.011579810726686901,0.14990226924419403,-0.03171950578689575,-0.006375661670460886,0.1828555315732956,-0.005215287208557129,-0.029434309425994343,0.18490861356258392,0.017817378044128418,-0.02279507097904343,0.15876732766628265,0.022031188011169434,-0.009612626481100506,0.13615255057811737,0.013728499412536621,6.481546239456293e-05,skip forward
0.0,0.0,0.0,0.02455483376979828,-0.11310809850692749,0.006579460369081858,0.08703954517841339,-0.18463239073753357,0.0064775438770965366,0.14997641742229462,-0.22007468342781067,0.003464805919335845,0.19868113100528717,-0.24213677644729614,0.0007401530422583846,0.16637344658374786,-0.17614561319351196,-0.005554861596195337,0.2581629008054733,-0.18095487356185913,-0.009351935444740889,0.3098031133413315,-0.17366212606430054,-0.010591373054651854,0.34836237132549286,-0.16904979944229126,-0.01274242365953171,0.18708105385303497,-0.12433606386184692,-0.014384271784095404,0.2254740446805954,-0.07753896713256836,-0.018260766959159014,0.19498412311077118,-0.06635355949401855,-0.015098286068408129,0.16561804711818695,-0.07512307167053223,-0.01314560717192137,0.18874619901180267,-0.061943113803863525,-0.021316831207244036,0.20200438797473907,-0.029614686965942383,-0.02093692796525204,0.17459438741207123,-0.023435354232788086,-0.010071042200891611,0.14972029626369476,-0.03204447031021118,-0.00502157837372863,0.18195615708827972,-0.0045569539070129395,-0.028525199016897318,0.18401281535625458,0.01769566535949707,-0.021375932937829134,0.15794934332370758,0.02158820629119873,-0.00824160149541342,0.134955033659935,0.01312488317489624,0.0013220914664060501,skip forward
0.0,0.0,0.0,0.02415303885936737,-0.11485278606414795,0.006247365918184755,0.08743013441562653,-0.1869271993637085,0.005842126045550344,0.1513146609067917,-0.2234964370727539,0.0026114783959343413,0.20106486976146698,-0.24639016389846802,-0.0004102845141318312,0.16554836928844452,-0.1809026598930359,-0.0058396993426725885,0.2580876499414444,-0.18501710891723633,-0.010404118731443646,0.3109329789876938,-0.17753326892852783,-0.012206782981579067,0.350458100438118,-0.17272794246673584,-0.014481127656821968,0.1878526359796524,-0.1287761926651001,-0.014250476307992699,0.22672663629055023,-0.0820462703704834,-0.018046442813997032,0.1962803453207016,-0.07073354721069336,-0.014866399042134049,0.1664237231016159,-0.07920563220977783,-0.012838544718746903,0.19106610119342804,-0.06588858366012573,-0.020822950102214577,0.20577098429203033,-0.03315538167953491,-0.020619944132690193,0.17824123799800873,-0.027027487754821777,-0.009789160847489597,0.15247274935245514,-0.03534984588623047,-0.004510518558149101,0.185640349984169,-0.008169591426849365,-0.027633745617990257,0.18914882838726044,0.013408184051513672,-0.020260943494562866,0.16339264810085297,0.01801145076751709,-0.006737256817345383,0.1399017721414566,0.010305047035217285,0.0032682070286824683,skip forward
0.0,0.0,0.0,0.025757670402526855,-0.11310237646102905,0.005956708356237073,0.0895729809999466,-0.1840151846408844,0.005500140036886592,0.15311191976070404,-0.2213415801525116,0.0021491119595822283,0.20210210978984833,-0.24725234508514404,-0.000839918017888408,0.16535831987857819,-0.1795560121536255,-0.0062327204314414075,0.2577972561120987,-0.18257591128349304,-0.01130070500498448,0.31068022549152374,-0.17583715915679932,-0.013564777192229371,0.35053010284900665,-0.1718037724494934,-0.016482884627336603,0.1872616857290268,-0.12885600328445435,-0.015454375748092275,0.22529514133930206,-0.07662582397460938,-0.021118917134160142,0.19509021937847137,-0.06307685375213623,-0.019329559620970826,0.166688933968544,-0.07192987203598022,-0.018087635379785638,0.19038744270801544,-0.06594884395599365,-0.022809204277152162,0.2029310017824173,-0.026765286922454834,-0.023894969936961274,0.1750791221857071,-0.019780874252319336,-0.013379744817072492,0.1513551026582718,-0.02992403507232666,-0.008237010431045633,0.18467102944850922,-0.007504105567932129,-0.030545104858035188,0.18727348744869232,0.019930601119995117,-0.024207216319197755,0.160910502076149,0.0244256854057312,-0.011127375629300218,0.13874445855617523,0.015057146549224854,-0.0014045171947572044,skip forward
0.0,0.0,0.0,0.025592967867851257,-0.11217689514160156,0.006711663220954733,0.08891743421554565,-0.18318670988082886,0.007059468430412608,0.15151861310005188,-0.2199338674545288,0.004548050937188464,0.1998482644557953,-0.24366241693496704,0.0023083367933907084,0.16588091850280762,-0.1753355860710144,-0.005034615743028326,0.2579108476638794,-0.17804968357086182,-0.008672070681171817,0.3100976347923279,-0.1718037724494934,-0.009789242400842113,0.3492213487625122,-0.16890430450439453,-0.011780428691821498,0.1868857443332672,-0.12375032901763916,-0.013471356584744854,0.2243078052997589,-0.0782204270362854,-0.016601139671223564,0.1948859691619873,-0.06587344408035278,-0.0134595595216922,0.16632458567619324,-0.0738973617553711,-0.011517888858037395,0.18919581174850464,-0.06115597486495972,-0.019936811170595092,0.20153707265853882,-0.02864474058151245,-0.01917673274041931,0.17504549026489258,-0.02206873893737793,-0.008706551036851806,0.15092965960502625,-0.031050264835357666,-0.003729792536290688,0.1828758418560028,-0.003721952438354492,-0.026578212148564262,0.18579953908920288,0.018763601779937744,-0.018852466709034843,0.16079765558242798,0.023526370525360107,-0.0055213216608933635,0.13844025135040283,0.015625178813934326,0.00428271946398695,skip forward
0.0,0.0,0.0,0.023995384573936462,-0.11380422115325928,0.0069008907040881695,0.08653861284255981,-0.18412980437278748,0.006794497344486672,0.1490148901939392,-0.22023341059684753,0.003861215637840587,0.19754856824874878,-0.24363082647323608,0.001240785789519805,0.16495195031166077,-0.17786985635757446,-0.005534511551417154,0.25750792026519775,-0.1813686490058899,-0.009109805364317936,0.30949103832244873,-0.17424559593200684,-0.010126068283028644,0.34825825691223145,-0.17012447118759155,-0.011991371426887554,0.18661317229270935,-0.12618392705917358,-0.013997940372831863,0.22438430786132812,-0.08145779371261597,-0.01660930926740889,0.1947486400604248,-0.06943768262863159,-0.01302248707801823,0.16630089282989502,-0.07732152938842773,-0.010946173247106117,0.18909409642219543,-0.06333225965499878,-0.020438788484938186,0.20182394981384277,-0.032823264598846436,-0.019122293245203537,0.17514938116073608,-0.02575385570526123,-0.008340987403101963,0.1507008969783783,-0.03352475166320801,-0.003374029908485454,0.18287640810012817,-0.005690455436706543,-0.027056269373900932,0.18545839190483093,0.015255093574523926,-0.019118659224517387,0.16014647483825684,0.020614445209503174,-0.005671358227886003,0.13739293813705444,0.013911426067352295,0.0041781319042968335,skip forward
0.0,0.0,0.0,0.023890212178230286,-0.1137961745262146,0.007136862914762787,0.08644157648086548,-0.1851212978363037,0.007352798901251845,0.1500072181224823,-0.22083017230033875,0.004550839032731346,0.1989223062992096,-0.2444157600402832,0.001851033143452696,0.16539862751960754,-0.1770806908607483,-0.004601103063919254,0.25669431686401367,-0.1818762719631195,-0.008668309819199749,0.30907848477363586,-0.17485791444778442,-0.010392399315037437,0.3481334149837494,-0.17010051012039185,-0.012729840163387962,0.1867510974407196,-0.12581807374954224,-0.01337931099931211,0.22359415888786316,-0.07797187566757202,-0.016805945705868908,0.1934514343738556,-0.06733119487762451,-0.013972223546602436,0.1642966866493225,-0.0763545036315918,-0.012370875846841045,0.18901154398918152,-0.06348103284835815,-0.020256793868043133,0.20237129926681519,-0.030330181121826172,-0.019857632737853237,0.17539691925048828,-0.02405780553817749,-0.009439325701691814,0.15071633458137512,-0.03233027458190918,-0.0046072213875731904,0.1830853819847107,-0.005956768989562988,-0.027296251427628704,0.1859356164932251,0.016741812229156494,-0.020037614550687977,0.16063985228538513,0.02137535810470581,-0.006863893285640188,0.13814300298690796,0.013766944408416748,0.0028203588013866465,skip forward
0.0,0.0,0.0,0.024310782551765442,-0.11391156911849976,0.006533041115545757,0.08697552978992462,-0.185445636510849,0.005961392525279052,0.15068550407886505,-0.2220076322555542,0.002548925796219237,0.2006378322839737,-0.24459803104400635,-0.0006756252994080114,0.1642102748155594,-0.1796860694885254,-0.006342676483399146,0.25644244253635406,-0.1831110715866089,-0.01079016133800792,0.3093574196100235,-0.176080584526062,-0.012497292381084435,0.3490668684244156,-0.171827495098114,-0.014731076095557682,0.1862819939851761,-0.12890511751174927,-0.014886929203129284,0.22421656548976898,-0.08026468753814697,-0.018237044584310524,0.19421081244945526,-0.06935310363769531,-0.015048576999760144,0.16466744244098663,-0.07848256826400757,-0.013193008039451115,0.18921010196208954,-0.0663185715675354,-0.021450453918731682,0.20309777557849884,-0.0325695276260376,-0.021008230295336716,0.17596738040447235,-0.026112020015716553,-0.01026667330071973,0.1508135050535202,-0.03443729877471924,-0.005127181314236395,0.18365378677845,-0.00841069221496582,-0.028174528401649468,0.18746735155582428,0.013819456100463867,-0.020792068463123314,0.16202209889888763,0.019126057624816895,-0.00714916038916158,0.13900326192378998,0.012193560600280762,0.002975721828335054,skip forward
0.0,0.0,0.0,0.02461831271648407,-0.11433088779449463,0.006578807382155105,0.08892908692359924,-0.18531304597854614,0.0063506338170356,0.15308088064193726,-0.22244668006896973,0.0032042368671483246,0.20243442058563232,-0.24753427505493164,0.000300812023468211,0.16515034437179565,-0.1813650131225586,-0.005440651776027039,0.25748211145401,-0.1850529909133911,-0.01026571016920741,0.31097543239593506,-0.17821919918060303,-0.012502142565082863,0.350896954536438,-0.1740797758102417,-0.015247718767952279,0.18768206238746643,-0.13040804862976074,-0.014451235869657353,0.22566112875938416,-0.08060532808303833,-0.018831198440622643,0.19574454426765442,-0.06794631481170654,-0.016427987592052773,0.166753351688385,-0.07678765058517456,-0.014942641706895188,0.19124934077262878,-0.0672498345375061,-0.021565904246401146,0.2043401300907135,-0.03210502862930298,-0.021905788557361916,0.17722365260124207,-0.024824976921081543,-0.011429272928964451,0.15275317430496216,-0.033591270446777344,-0.006354504136126593,0.18598046898841858,-0.008740544319152832,-0.028925457374882058,0.18849927186965942,0.014408230781555176,-0.022073245944213227,0.16274255514144897,0.019777655601501465,-0.008743574248384789,0.14015796780586243,0.012403607368469238,0.001193064393717691,skip forward
0.0,0.0,0.0,0.02544263005256653,-0.11364811658859253,0.005945615065868992,0.08993285894393921,-0.18522557616233826,0.006035149158563513,0.15366041660308838,-0.22210276126861572,0.003278364022847313,0.2021489441394806,-0.24750959873199463,0.0008852233324461167,0.16473650932312012,-0.18225252628326416,-0.005374804078016382,0.25764572620391846,-0.18489256501197815,-0.01068188989010821,0.3116509020328522,-0.17785674333572388,-0.013066080337736707,0.35203948616981506,-0.17421770095825195,-0.01588661403802405,0.1869259476661682,-0.13068562746047974,-0.01422321231511603,0.22642925381660461,-0.08272749185562134,-0.01975941465643416,0.19705462455749512,-0.06874632835388184,-0.017648270292554002,0.1684645414352417,-0.07677614688873291,-0.01601910026219855,0.19095739722251892,-0.06750595569610596,-0.021335977999839884,0.2044079303741455,-0.032361388206481934,-0.02263954834488402,0.17745962738990784,-0.02433168888092041,-0.012334855212245088,0.1534671187400818,-0.032910704612731934,-0.007078819381419521,0.18601694703102112,-0.008955240249633789,-0.0287995468213893,0.18890157341957092,0.01481407880783081,-0.022684080465111833,0.1631140410900116,0.020480811595916748,-0.009771996116612058,0.14083757996559143,0.013099074363708496,-3.5085061242057236e-05,skip forward
0.0,0.0,0.0,0.025813207030296326,-0.11191350221633911,0.007014345645615094,0.0899888128042221,-0.18429076671600342,0.007851323380776876,0.15349937975406647,-0.22126752138137817,0.005742216750689977,0.2014818638563156,-0.2475776970386505,0.0038602238406326705,0.16556333005428314,-0.18094372749328613,-0.004092099808445937,0.2577044814825058,-0.18314063549041748,-0.007841872714749343,0.31060467660427094,-0.1767345666885376,-0.009387418359807498,0.35039471089839935,-0.1737789511680603,-0.011873873614064223,0.187044158577919,-0.12987184524536133,-0.013021959655276305,0.2262079268693924,-0.08005046844482422,-0.01687912709294892,0.19632543623447418,-0.06707441806793213,-0.014331771724215514,0.16740654408931732,-0.07640153169631958,-0.012862998724273211,0.1903391033411026,-0.06714463233947754,-0.020073094137302405,0.204690620303154,-0.029789626598358154,-0.020170752622476584,0.17727108299732208,-0.02245795726776123,-0.009919387020460135,0.15269489586353302,-0.03225839138031006,-0.005121916264585025,0.18509094417095184,-0.009279191493988037,-0.027327540062657363,0.18992288410663605,0.01668727397918701,-0.020711366750589377,0.1642070859670639,0.02220219373703003,-0.007860271923533446,0.14150632917881012,0.013810157775878906,0.0016162133893828923,skip forward
0.0,0.0,0.0,0.027663618326187134,-0.11178827285766602,0.007861106350546265,0.09226088225841522,-0.18233168125152588,0.008490067600732232,0.15497611463069916,-0.22007673978805542,0.005884942758356715,0.20326535403728485,-0.24517565965652466,0.0035262337620309836,0.16720865666866302,-0.1795412302017212,-0.0029962573465951436,0.25964705646038055,-0.17977100610733032,-0.006868564364040708,0.3122067302465439,-0.17350292205810547,-0.008533657834405517,0.35194186866283417,-0.171711266040802,-0.011192718826706027,0.18869517743587494,-0.12838560342788696,-0.01274925500946722,0.22835524380207062,-0.08103066682815552,-0.016647570141131496,0.19832684099674225,-0.06795024871826172,-0.0141511124824234,0.16953463852405548,-0.07732605934143066,-0.012681506880099391,0.19198881089687347,-0.06499850749969482,-0.02057711251872263,0.20630700886249542,-0.030653834342956543,-0.020729517870123004,0.17897970974445343,-0.02330225706100464,-0.01023836091953001,0.15440209209918976,-0.033194780349731445,-0.005237776626373147,0.18646149337291718,-0.006146788597106934,-0.02852655232744894,0.19116471707820892,0.016286134719848633,-0.021776078574831104,0.1652253419160843,0.02211707830429077,-0.008373081058735465,0.14211760461330414,0.014780879020690918,0.001509781504509533,skip forward
0.0,0.0,0.0,0.02748587727546692,-0.11238861083984375,0.008699483918306328,0.09123006463050842,-0.18312588334083557,0.009434642950353123,0.15368208289146423,-0.2205817997455597,0.006888633808401323,0.2017868459224701,-0.24604570865631104,0.004634342370835043,0.1652185320854187,-0.18064546585083008,-0.0028471069128244153,0.25881427526474,-0.18070071935653687,-0.006304278755280279,0.3115745484828949,-0.17424112558364868,-0.007166333747747444,0.3515867292881012,-0.1724386215209961,-0.009076365520897411,0.18656790256500244,-0.12980693578720093,-0.012590982271078133,0.2292092740535736,-0.08430814743041992,-0.015718184662702583,0.1993674635887146,-0.07056623697280884,-0.011941272085252308,0.17000392079353333,-0.07850205898284912,-0.00943351003313353,0.19021272659301758,-0.06670916080474854,-0.020341113460901283,0.20716238021850586,-0.03314101696014404,-0.01923183563137343,0.17974090576171875,-0.025182127952575684,-0.007743362588527702,0.15453004837036133,-0.03391861915588379,-0.0022021248188792697,0.1851608157157898,-0.007449090480804443,-0.028185583902242684,0.19104814529418945,0.01528322696685791,-0.020152114582899117,0.16510522365570068,0.02148115634918213,-0.0061973177545695535,0.141973078250885,0.014497578144073486,0.003912096126285292,skip forward
0.0,0.0,0.0,0.027078703045845032,-0.11301296949386597,0.008289954680449796,0.09147556126117706,-0.18330395221710205,0.008887295666582418,0.1544920653104782,-0.22075241804122925,0.006134913823999,0.20287977159023285,-0.2469329535961151,0.0035827544605950834,0.16560222208499908,-0.1816575527191162,-0.002865623394527006,0.25836072862148285,-0.1821780800819397,-0.006947154589497018,0.3112178295850754,-0.1756061315536499,-0.008594870511942077,0.35136593878269196,-0.1732833981513977,-0.01116702234422462,0.18695174157619476,-0.13137316703796387,-0.01286807278221147,0.22825168073177338,-0.08277922868728638,-0.016966383848838973,0.1983143836259842,-0.06893718242645264,-0.014302224796765017,0.16948457062244415,-0.07783615589141846,-0.012638737392180133,0.19057370722293854,-0.0684155821800232,-0.020969672073178458,0.20631517469882965,-0.03173762559890747,-0.020943019483738112,0.17833124101161957,-0.02391427755355835,-0.010168909039848018,0.15367905795574188,-0.03375965356826782,-0.005067454129957127,0.18551452457904816,-0.009219944477081299,-0.029260899816208052,0.19058193266391754,0.016687452793121338,-0.022190092076115775,0.16393159329891205,0.022489607334136963,-0.008941609357052016,0.14103136956691742,0.014248490333557129,0.0006887344615194024,skip forward
0.0,0.0,0.0,0.02587924897670746,-0.11226576566696167,0.007608500958411923,0.08852270245552063,-0.1828160285949707,0.007673832771359912,0.15219315886497498,-0.21974709630012512,0.0046915059881200705,0.2008424997329712,-0.24557149410247803,0.0018724650815045152,0.16386538743972778,-0.1787438988685608,-0.004610022346497544,0.25672197341918945,-0.1793575882911682,-0.00799322622177101,0.3090284466743469,-0.1737101674079895,-0.009157967104584941,0.3486681580543518,-0.17228645086288452,-0.011493118762047061,0.18505412340164185,-0.12768322229385376,-0.013952142841191062,0.2249077558517456,-0.0793798565864563,-0.017040550990969905,0.19501599669456482,-0.06736636161804199,-0.013757233790130385,0.1658620834350586,-0.07702046632766724,-0.012011002100081214,0.18817108869552612,-0.06470918655395508,-0.021265222041876086,0.2030681073665619,-0.030167818069458008,-0.0204957111766646,0.17568060755729675,-0.022841334342956543,-0.009445068708629378,0.1509774923324585,-0.032203614711761475,-0.004427152036697635,0.183378666639328,-0.005918443202972412,-0.02873504562583662,0.18850985169410706,0.01756829023361206,-0.02156511163619257,0.16253501176834106,0.023413538932800293,-0.008056142649621734,0.139753520488739,0.01589292287826538,0.0017491662381132755,skip forward
0.0,0.0,0.0,0.02421952784061432,-0.1133122444152832,0.0069457616439763115,0.08684815466403961,-0.18410882353782654,0.006947074808806519,0.14965911209583282,-0.22076556086540222,0.003959489778310399,0.1980200856924057,-0.2442135512828827,0.0011338659344914959,0.16300518810749054,-0.17906689643859863,-0.004876550494998355,0.25521375238895416,-0.1819009780883789,-0.00946309577983584,0.30829639732837677,-0.17547762393951416,-0.011256579052030702,0.3481767922639847,-0.17301583290100098,-0.013523570004224439,0.18461792171001434,-0.12837451696395874,-0.013343365605294366,0.22445957362651825,-0.08423900604248047,-0.017100893634676595,0.19542206823825836,-0.07090955972671509,-0.013872824351608415,0.1665581613779068,-0.07798147201538086,-0.01159812577378716,0.18821780383586884,-0.06609487533569336,-0.019914461973428388,0.20196916162967682,-0.03577369451522827,-0.019724915477752347,0.1758572906255722,-0.02817821502685547,-0.009309533725797792,0.15112726390361786,-0.03562188148498535,-0.004121714013933797,0.18340252339839935,-0.00777822732925415,-0.02664464593243565,0.18602938950061798,0.012601256370544434,-0.01910092003953423,0.16076569259166718,0.018449485301971436,-0.005764035716026683,0.13790388405323029,0.012468934059143066,0.004140907224893908,skip forward
0.0,0.0,0.0,0.023072972893714905,-0.11268758773803711,0.0052824768088157725,0.08581577241420746,-0.18421640992164612,0.0038351675345893455,0.15082146227359772,-0.2203386425971985,-0.00023498067207583517,0.2009143978357315,-0.24278783798217773,-0.00406022576248688,0.16061435639858246,-0.17942500114440918,-0.008275456462115471,0.25447501242160797,-0.18281102180480957,-0.013971372243076985,0.30816449224948883,-0.17733120918273926,-0.01627895302704019,0.34858445823192596,-0.1746705174446106,-0.018966595377833073,0.18259163200855255,-0.1297147274017334,-0.01685207403829736,0.2244928926229477,-0.08053046464920044,-0.02247103556624097,0.19477902352809906,-0.06653004884719849,-0.01962169326475305,0.1659388691186905,-0.07415598630905151,-0.017599743526488965,0.187053844332695,-0.06787234544754028,-0.023568090718299572,0.2052563577890396,-0.0324975848197937,-0.02453579447796983,0.1777673214673996,-0.024302005767822266,-0.012983685094923203,0.15289123356342316,-0.031987011432647705,-0.007075947444945996,0.18345580995082855,-0.00999915599822998,-0.03066789053013963,0.18959929049015045,0.013258814811706543,-0.02445904418459577,0.16327105462551117,0.01964402198791504,-0.010775418687671845,0.1405581384897232,0.013247132301330566,-0.0005166609455500293,skip forward
0.0,0.0,0.0,0.02359391748905182,-0.11278712749481201,0.006916425139351645,0.0883639007806778,-0.18394210934638977,0.0073663042343099505,0.15289480984210968,-0.22085347771644592,0.0050004519938369185,0.20132245123386383,-0.2465030550956726,0.0028176521367271334,0.16307847201824188,-0.1805177927017212,-0.00507388269092246,0.25535984337329865,-0.18296611309051514,-0.009769978053228101,0.30881069600582123,-0.17680615186691284,-0.011697219736234388,0.34915830194950104,-0.1739509105682373,-0.014127654074982843,0.18486033380031586,-0.13028568029403687,-0.013758466630534372,0.22553156316280365,-0.08108371496200562,-0.017810629732267103,0.19561521708965302,-0.0670311450958252,-0.014553217268840513,0.16673769056797028,-0.0746641755104065,-0.012380282446102342,0.18897126615047455,-0.06805175542831421,-0.02058662479306861,0.20558209717273712,-0.03175473213195801,-0.02059159060503646,0.17833562195301056,-0.0237429141998291,-0.009475228428200921,0.15383373200893402,-0.03199535608291626,-0.003967199526087484,0.18471060693264008,-0.010172128677368164,-0.027636582083360395,0.19015829265117645,0.01484614610671997,-0.02042557863082095,0.16415058076381683,0.02103734016418457,-0.006859448324249229,0.14187656342983246,0.014048159122467041,0.0031206667839427382,skip forward
0.0,0.0,0.0,0.025926873087882996,-0.1126488447189331,0.009066696154874876,0.08954158425331116,-0.18333381414413452,0.010035494218570307,0.15234574675559998,-0.22074759006500244,0.007709306075227573,0.19997090101242065,-0.24642446637153625,0.0054233026383343486,0.16465458273887634,-0.18020868301391602,-0.0027222357532110664,0.2567201852798462,-0.18086856603622437,-0.0062164949560639116,0.3093705177307129,-0.1744539737701416,-0.0076720129074629995,0.34921783208847046,-0.17201471328735352,-0.010054377031522677,0.18562963604927063,-0.12961262464523315,-0.012452083763676569,0.22707292437553406,-0.08161067962646484,-0.01511493244488804,0.1973477005958557,-0.06863182783126831,-0.011625796680348799,0.1684054434299469,-0.07727468013763428,-0.009711067316132471,0.18916866183280945,-0.0667351484298706,-0.02012319316436617,0.2066754698753357,-0.032265663146972656,-0.01878465910722582,0.1795388162136078,-0.02469778060913086,-0.007473492653119251,0.1544097661972046,-0.03353017568588257,-0.002313372570100114,0.18452376127243042,-0.007960677146911621,-0.02785937872995703,0.19050347805023193,0.014899015426635742,-0.01988385257591574,0.1644619107246399,0.021021783351898193,-0.006008862641650126,0.14133447408676147,0.0141754150390625,0.003937873399806335,skip forward
0.0,0.0,0.0,0.02590171992778778,-0.11263638734817505,0.007622675208040164,0.08973996341228485,-0.18350350856781006,0.00782365368831961,0.152752086520195,-0.22125571966171265,0.004879529757090495,0.20087610185146332,-0.24757373332977295,0.0021216249388089636,0.16499657928943634,-0.18149006366729736,-0.0038513937670359155,0.25691916048526764,-0.18251824378967285,-0.008214301260522916,0.3100341707468033,-0.17629855871200562,-0.010311490686945035,0.35036827623844147,-0.17385214567184448,-0.013178007508031442,0.18662060797214508,-0.13127374649047852,-0.013476619327775552,0.2277398258447647,-0.08231467008590698,-0.017570791596881463,0.19788552820682526,-0.0686640739440918,-0.014834512787274434,0.1688240021467209,-0.0769471526145935,-0.01320524962466152,0.19056130945682526,-0.06849199533462524,-0.021210158074609353,0.20768408477306366,-0.03272527456283569,-0.021065465936771943,0.18019892275333405,-0.02487128973007202,-0.009931805374435498,0.15508843958377838,-0.033487796783447266,-0.004623914899639203,0.18597917258739471,-0.009529173374176025,-0.029180621559135034,0.19200588762760162,0.013879835605621338,-0.022082306275478913,0.1657654494047165,0.020063340663909912,-0.008431320840827539,0.14263062179088593,0.013544201850891113,0.0015258110888680676,skip forward
0.0,0.0,0.0,0.027052953839302063,-0.11180311441421509,0.008795941801921003,0.09063796699047089,-0.18283212184906006,0.009490063036039942,0.1534341424703598,-0.22002077102661133,0.006816960958943241,0.20129157602787018,-0.24660491943359375,0.004324063746437901,0.16456370055675507,-0.18095219135284424,-0.0026445087565178937,0.25716666877269745,-0.18128347396850586,-0.006186859594478733,0.3097250908613205,-0.1753057837486267,-0.0076193706186558074,0.3496629148721695,-0.17335033416748047,-0.010099152481004126,0.1854417473077774,-0.13093912601470947,-0.012886129697605497,0.22855113446712494,-0.07980787754058838,-0.01668240447138203,0.19851411879062653,-0.0667039155960083,-0.013823307497247583,0.16911981999874115,-0.07655495405197144,-0.012079261621281034,0.1890973597764969,-0.0683172345161438,-0.021120441524132616,0.20750989019870758,-0.0295446515083313,-0.020556838629588015,0.1794782429933548,-0.021724462509155273,-0.009354543318792707,0.15435321629047394,-0.031709372997283936,-0.0041312923709000415,0.18439169228076935,-0.00952601432800293,-0.029502380085929758,0.19113267958164215,0.01711869239807129,-0.02214018200133694,0.16443736851215363,0.023186564445495605,-0.008539784146293528,0.14142487943172455,0.01501530408859253,0.0012622932849382096,skip forward
0.0,0.0,0.0,0.027361571788787842,-0.11221837997436523,0.008211684294806787,0.09191559255123138,-0.1826847791671753,0.008633772724138566,0.15489999949932098,-0.2203103005886078,0.005775418945418664,0.20337508618831635,-0.24453651905059814,0.0031361543785948243,0.16612009704113007,-0.18055051565170288,-0.0032519846010785614,0.259325310587883,-0.18123555183410645,-0.007250705852342776,0.31220634281635284,-0.17466241121292114,-0.009003791145218543,0.3521670550107956,-0.17231792211532593,-0.011678563549352816,0.1876487284898758,-0.12971925735473633,-0.01323811069799774,0.22886137664318085,-0.08069652318954468,-0.017232768356038264,0.19857116043567657,-0.06838440895080566,-0.014591736837459734,0.16916529834270477,-0.07870811223983765,-0.01296776265574806,0.19139628112316132,-0.06642329692840576,-0.021240797012282542,0.20658837258815765,-0.030520200729370117,-0.020988078906370333,0.17885906994342804,-0.02346581220626831,-0.010071786238981417,0.1538609117269516,-0.03374665975570679,-0.0048966134220194135,0.18651024997234344,-0.007650136947631836,-0.029407508789731196,0.19090019166469574,0.016303658485412598,-0.02219554421229475,0.16450439393520355,0.022338271141052246,-0.008539355478418997,0.14140133559703827,0.014703035354614258,0.0014609624611381378,skip forward
0.0,0.0,0.0,0.026245638728141785,-0.11298143863677979,0.006398141547443004,0.09019051492214203,-0.1846027374267578,0.006128425407560201,0.153817817568779,-0.22220376133918762,0.002929068100975485,0.20262150466442108,-0.24735772609710693,0.00017204882494326057,0.16308848559856415,-0.18269890546798706,-0.0051197310207768965,0.2568594664335251,-0.18389761447906494,-0.010080145508645444,0.31013910472393036,-0.17714273929595947,-0.011992833413778214,0.35062961280345917,-0.1743149757385254,-0.014518163003621964,0.18461982905864716,-0.13226258754730225,-0.01422451420187798,0.22877196967601776,-0.08566552400588989,-0.01924518665730801,0.19930623471736908,-0.07192838191986084,-0.016362640843389897,0.1699908822774887,-0.07994192838668823,-0.014192910701630979,0.18899600207805634,-0.06946742534637451,-0.02155398747384396,0.20722301304340363,-0.03497171401977539,-0.022155662835238843,0.1801368147134781,-0.026469528675079346,-0.010936233983038335,0.1550905853509903,-0.03448861837387085,-0.0051516302159413385,0.18494753539562225,-0.010368049144744873,-0.029220253065822988,0.19182373583316803,0.012590944766998291,-0.0226953977948412,0.1662074774503708,0.019510746002197266,-0.009164238185285,0.14321361482143402,0.013567447662353516,0.0009850659876704526,skip forward
0.0,0.0,0.0,0.02522166073322296,-0.11178445816040039,0.008315765908761819,0.08933083713054657,-0.18304526805877686,0.009033538079663117,0.1536354273557663,-0.21999245882034302,0.0065818612043102576,0.20235513150691986,-0.24455729126930237,0.004247353090747197,0.16389556229114532,-0.18227487802505493,-0.0031768582716296123,0.25655190646648407,-0.18304449319839478,-0.006465582032845418,0.30949606001377106,-0.177326500415802,-0.007943810285226505,0.34969986975193024,-0.1751025915145874,-0.010548731633619468,0.18522600829601288,-0.13274168968200684,-0.012854180620209377,0.22670964896678925,-0.08006912469863892,-0.01628123442192475,0.19641436636447906,-0.0673220157623291,-0.013656241209403674,0.16702665388584137,-0.07740914821624756,-0.012281352044240634,0.18914900720119476,-0.07018089294433594,-0.02045557680089871,0.20716609060764313,-0.030776798725128174,-0.019708391600445907,0.17907173931598663,-0.023162662982940674,-0.008835524642066162,0.15377001464366913,-0.03311049938201904,-0.0039117628197828935,0.18501998484134674,-0.0116349458694458,-0.028210953199462097,0.19160602986812592,0.01563924551010132,-0.021017192253069084,0.1650746911764145,0.022175371646881104,-0.007705893223331373,0.14190800487995148,0.014381051063537598,0.0019794063687612606,skip forward
0.0,0.0,0.0,0.026524364948272705,-0.11145621538162231,0.008068931387896328,0.09022961556911469,-0.181554913520813,0.00833642492645481,0.15313629806041718,-0.21875908970832825,0.0052809399610111996,0.20164526998996735,-0.2439192533493042,0.002387529105106978,0.1632101684808731,-0.17977207899093628,-0.004001205688183518,0.25602371990680695,-0.18127858638763428,-0.00809973468429348,0.3090275377035141,-0.17485928535461426,-0.009741835197274895,0.3489406555891037,-0.17238324880599976,-0.012340109696452828,0.18478073179721832,-0.12954139709472656,-0.014137123612528057,0.22537173330783844,-0.07952797412872314,-0.01851733670926592,0.19540347158908844,-0.06680065393447876,-0.015866457385783406,0.16602443158626556,-0.07685422897338867,-0.014258034428422661,0.18842868506908417,-0.06638938188552856,-0.022280190972452374,0.2033979743719101,-0.030016183853149414,-0.022397532028918476,0.17600117623806,-0.022017359733581543,-0.011380581086342545,0.15151499211788177,-0.031633734703063965,-0.006140339089398594,0.1835201233625412,-0.007406473159790039,-0.03058509611881277,0.18807996809482574,0.016324400901794434,-0.02373705328798792,0.16220088303089142,0.0225752592086792,-0.01008726739681265,0.13952584564685822,0.015250027179718018,-0.00010256323301405246,skip forward
0.0,0.0,0.0,0.025703847408294678,-0.11315208673477173,0.0085151562753083,0.09038698673248291,-0.1826828122138977,0.009369688509679008,0.15284490585327148,-0.2202284336090088,0.006681192136085201,0.2007092833518982,-0.24596291780471802,0.00419957743091004,0.16415169835090637,-0.1825370192527771,-0.0015142636320604197,0.25653785467147827,-0.18300509452819824,-0.006029505347186159,0.31017276644706726,-0.17620569467544556,-0.00803100091340525,0.35078462958335876,-0.17370760440826416,-0.010710886278474163,0.18590587377548218,-0.13362759351730347,-0.011566817359351944,0.2281915545463562,-0.0839073657989502,-0.016250703082704376,0.1989961564540863,-0.06846088171005249,-0.013945784018659424,0.17023441195487976,-0.07647824287414551,-0.012148308166587185,0.1907183825969696,-0.07136285305023193,-0.019802886591577362,0.20725801587104797,-0.033391356468200684,-0.01994101849319918,0.17991423606872559,-0.02464348077774048,-0.009411384881758522,0.15500620007514954,-0.033898353576660156,-0.004204532196098398,0.18673524260520935,-0.012028276920318604,-0.02828949463489039,0.19064411520957947,0.014666557312011719,-0.020974896447086167,0.16429787874221802,0.02135545015335083,-0.007888726488971542,0.14147734642028809,0.01417684555053711,0.0017220584495873936,skip forward
0.0,0.0,0.0,0.025854110717773438,-0.1121516227722168,0.009429797718610189,0.08959849178791046,-0.18255913257598877,0.010348889233853242,0.1532994657754898,-0.21909454464912415,0.007883302124525926,0.2017342895269394,-0.2430269718170166,0.005428416842903516,0.16447006165981293,-0.17990481853485107,-0.002673775467712858,0.25683121383190155,-0.1806768774986267,-0.005521320083801129,0.3090076595544815,-0.1745871901512146,-0.006717442346428015,0.3486219793558121,-0.1719006896018982,-0.009170617719803431,0.18529154360294342,-0.13042646646499634,-0.012716767189715483,0.2260468453168869,-0.07771241664886475,-0.015205635500763037,0.19617198407649994,-0.06540203094482422,-0.012249388543580153,0.16753970086574554,-0.07571983337402344,-0.01091101746789036,0.1885320395231247,-0.06783938407897949,-0.02053914759090958,0.20512889325618744,-0.02875053882598877,-0.018878925403271296,0.17749257385730743,-0.02148127555847168,-0.007959063907776454,0.15287096798419952,-0.031732797622680664,-0.003300099910859444,0.1838565319776535,-0.009476184844970703,-0.028416011294041255,0.18974731862545013,0.01765584945678711,-0.020336940696154215,0.16344089806079865,0.02381819486618042,-0.0067836952374022985,0.14057530462741852,0.015529811382293701,0.0028619756478178715,skip forward
0.0,0.0,0.0,0.025445088744163513,-0.11193054914474487,0.007398641966815944,0.08903951942920685,-0.18336033821105957,0.007551107388522382,0.15123118460178375,-0.22084200382232666,0.0046798724872729736,0.19953732192516327,-0.24368935823440552,0.001980787208836432,0.16500578820705414,-0.17860037088394165,-0.004663951396409516,0.25719763338565826,-0.18150317668914795,-0.008894780352179055,0.3100178390741348,-0.1749814748764038,-0.010629544667366986,0.34964896738529205,-0.17202115058898926,-0.013042072466973309,0.18624930083751678,-0.12764060497283936,-0.013620480596486573,0.22518564760684967,-0.08240532875061035,-0.01739692565000439,0.1955500692129135,-0.07007980346679688,-0.0144081801915803,0.16642339527606964,-0.0786394476890564,-0.012488970234457497,0.18948395550251007,-0.06491678953170776,-0.020566771439675335,0.20328663289546967,-0.033938705921173096,-0.02030348841047669,0.17692841589450836,-0.026331424713134766,-0.009538992940846924,0.15213315188884735,-0.03443962335586548,-0.004277113526526932,0.18423987925052643,-0.006939053535461426,-0.02763351861334229,0.18765176832675934,0.012735724449157715,-0.02033901836669827,0.16254346072673798,0.019266486167907715,-0.006674134805265908,0.13967444002628326,0.013426423072814941,0.003475460289578791,skip forward
0.0,0.0,0.0,0.024420976638793945,-0.11275112628936768,0.006252156093097483,0.08872571587562561,-0.1850799322128296,0.0061503737115629065,0.1530744731426239,-0.22215354442596436,0.0031427934182204353,0.20246848464012146,-0.24554044008255005,0.000492342503122245,0.16486391425132751,-0.1815739870071411,-0.00460205554279014,0.25706079602241516,-0.18488770723342896,-0.009281565447025741,0.3102438151836395,-0.1784725785255432,-0.011300222028665985,0.35047367215156555,-0.17499655485153198,-0.013945615862184013,0.18635857105255127,-0.13208532333374023,-0.013472924020760502,0.22776946425437927,-0.08297944068908691,-0.01837811806487366,0.1979820728302002,-0.06932193040847778,-0.016060523700588192,0.16902366280555725,-0.07764524221420288,-0.014318535116188968,0.19018226861953735,-0.07032781839370728,-0.020555263396971668,0.20710498094558716,-0.03396803140640259,-0.021150922414534534,0.17990830540657043,-0.025975286960601807,-0.010654926311843838,0.15519407391548157,-0.03449082374572754,-0.005359601241224254,0.18552106618881226,-0.012485980987548828,-0.027962010365598644,0.1910867989063263,0.012240707874298096,-0.021326156344883884,0.16518959403038025,0.018294334411621094,-0.008247957576685394,0.14245882630348206,0.011125028133392334,0.0015660157542072284,skip forward
0.0,0.0,0.0,0.025517791509628296,-0.11215841770172119,0.009557505034948122,0.08937174081802368,-0.18283772468566895,0.010840686866188776,0.15324673056602478,-0.2187584638595581,0.008716583148682844,0.20153135061264038,-0.2429874837398529,0.006635355659867059,0.16522297263145447,-0.18045270442962646,-0.001981677823593486,0.2569599151611328,-0.1821323037147522,-0.00482541845262574,0.3095708191394806,-0.17653954029083252,-0.00585076688871311,0.3492915630340576,-0.1741924285888672,-0.008047360098814238,0.18633797764778137,-0.1308039426803589,-0.011899184538876284,0.22633931040763855,-0.0792197585105896,-0.014118813081537951,0.196239173412323,-0.06633180379867554,-0.0108080833320372,0.16737541556358337,-0.07570546865463257,-0.00911688628688978,0.18955376744270325,-0.06820905208587646,-0.019654957680856455,0.2063799798488617,-0.029919922351837158,-0.01805657717481779,0.1788683831691742,-0.022303104400634766,-0.007055017269109953,0.15406343340873718,-0.031833529472351074,-0.0021702436365984568,0.1846041977405548,-0.009806931018829346,-0.027433745666300524,0.1905231773853302,0.01659029722213745,-0.019280580907022227,0.1646140217781067,0.0225561261177063,-0.005569880465870369,0.14196991920471191,0.014450788497924805,0.0042796464535541645,skip forward
0.0,0.0,0.0,-0.02102208137512207,-0.10254311561584473,0.0044042323888788815,-0.07511669397354126,-0.20221740007400513,0.0004414527966218884,-0.1307276487350464,-0.2708202600479126,-0.0032614813944746857,-0.17663735151290894,-0.30497848987579346,-0.008838916180138767,-0.11106216907501221,-0.23519682884216309,-0.031207864155476273,-0.21532303094863892,-0.24618607759475708,-0.048942591046397865,-0.27306830883026123,-0.24475830793380737,-0.05842019895226258,-0.3183552622795105,-0.24413862824440002,-0.06523102054507035,-0.12424510717391968,-0.17577636241912842,-0.042291312461202324,-0.21995437145233154,-0.14936810731887817,-0.05754226351291436,-0.19220298528671265,-0.12354540824890137,-0.05167007351428765,-0.15573585033416748,-0.12252336740493774,-0.04847658330709237,-0.1355087161064148,-0.10406625270843506,-0.051645117794578255,-0.21749824285507202,-0.08334696292877197,-0.06676109412819642,-0.189142107963562,-0.05938720703125,-0.04998868236452836,-0.1567772626876831,-0.06068140268325806,-0.03892477506906289,-0.1441284418106079,-0.029424309730529785,-0.06022828722507256,-0.20924615859985352,-0.024522125720977783,-0.07056199291855592,-0.18273234367370605,-0.00816035270690918,-0.05692791098863381,-0.15346407890319824,-0.007037460803985596,-0.04584882313520211,skip forward
0.0,0.0,0.0,-0.02128911018371582,-0.10157030820846558,0.004575458913734565,-0.07498162984848022,-0.20038127899169922,0.00037411382623986356,-0.13160407543182373,-0.26877063512802124,-0.0035812783989399577,-0.17782068252563477,-0.3026479482650757,-0.009438922070273748,-0.11059945821762085,-0.23186853528022766,-0.03221286870569884,-0.2174772024154663,-0.2423434555530548,-0.0498615618798226,-0.2765841484069824,-0.2409246265888214,-0.05916041545600592,-0.32283830642700195,-0.24096271395683289,-0.0659915771338433,-0.12426608800888062,-0.1721915602684021,-0.04333666004271208,-0.22063910961151123,-0.14576560258865356,-0.058332726732203355,-0.19247651100158691,-0.11914312839508057,-0.05216814614863097,-0.15588021278381348,-0.11861032247543335,-0.048969906196305146,-0.13577264547348022,-0.10055148601531982,-0.05257321931452452,-0.2183760404586792,-0.07994621992111206,-0.0671427365395516,-0.189827561378479,-0.05543297529220581,-0.050040007010409226,-0.15696781873703003,-0.05727285146713257,-0.039020114019820085,-0.14458072185516357,-0.02585577964782715,-0.06104306913942992,-0.20909833908081055,-0.020850062370300293,-0.07090865485400855,-0.1827988624572754,-0.004680931568145752,-0.05713366009325682,-0.15346264839172363,-0.0037761330604553223,-0.04609426520795523,skip forward
0.0,0.0,0.0,-0.02122485637664795,-0.10146194696426392,0.005456467013260635,-0.07490575313568115,-0.20016372203826904,0.0019568589920311297,-0.13097798824310303,-0.2681058645248413,-0.0013690328053996836,-0.17770624160766602,-0.30097079277038574,-0.006446209882000176,-0.11219155788421631,-0.23264116048812866,-0.03058558577353665,-0.21956300735473633,-0.2420603632926941,-0.04762876281196782,-0.27844667434692383,-0.23943090438842773,-0.05683562034423062,-0.32395339012145996,-0.23845499753952026,-0.06360368305499264,-0.12508904933929443,-0.1731131672859192,-0.04167577126676747,-0.2207433581352234,-0.1439439058303833,-0.056118833512613264,-0.19275009632110596,-0.11806356906890869,-0.050011972576925245,-0.15624582767486572,-0.11826074123382568,-0.046956463397094694,-0.13645237684249878,-0.10147213935852051,-0.05084639290029713,-0.2186254858970642,-0.07959902286529541,-0.06463815891797253,-0.19064390659332275,-0.05569249391555786,-0.047469644487449614,-0.15812504291534424,-0.05794799327850342,-0.03658612319881627,-0.14526581764221191,-0.026820063591003418,-0.05922310674245068,-0.2095983624458313,-0.021516084671020508,-0.06869532042796322,-0.18353557586669922,-0.005564391613006592,-0.05503503108079144,-0.15427285432815552,-0.005324125289916992,-0.04409907633120724,skip forward
0.0,0.0,0.0,-0.021757960319519043,-0.10191106796264648,0.006670476351274601,-0.07603347301483154,-0.19897395372390747,0.0033595074847028172,-0.13285517692565918,-0.26525694131851196,0.0001474019145746297,-0.1798955202102661,-0.30037111043930054,-0.00482935603301371,-0.1127050518989563,-0.23249781131744385,-0.03036704804341639,-0.21954280138015747,-0.24299442768096924,-0.04779257770221079,-0.2774522304534912,-0.23857617378234863,-0.057089967239306816,-0.32179751992225647,-0.23586693406105042,-0.06363389785926188,-0.12481188774108887,-0.1722312569618225,-0.04189288761060084,-0.22147220373153687,-0.1444268822669983,-0.05520193051140154,-0.19470351934432983,-0.11762362718582153,-0.0485051139775976,-0.158885657787323,-0.11718231439590454,-0.04553315188329066,-0.13564133644104004,-0.09982842206954956,-0.05142191942374552,-0.21971029043197632,-0.08066153526306152,-0.06431180383603419,-0.19190353155136108,-0.05619746446609497,-0.046503638434813865,-0.15948820114135742,-0.05764812231063843,-0.03560090209882105,-0.1439477801322937,-0.02484840154647827,-0.06001307960193003,-0.2095400094985962,-0.020641088485717773,-0.0689451038424238,-0.18346703052520752,-0.005568563938140869,-0.054773853677914985,-0.15426266193389893,-0.005197763442993164,-0.04367409046332682,skip forward
0.0,0.0,0.0,-0.02227330207824707,-0.1016736626625061,0.006835408165670742,-0.07650047540664673,-0.1991252899169922,0.003611327970020284,-0.13287204504013062,-0.2658640146255493,0.00010508291484256915,-0.18130958080291748,-0.29668453335762024,-0.005335495219014774,-0.11321347951889038,-0.23019343614578247,-0.02866535947509874,-0.21939212083816528,-0.240794837474823,-0.04498828888722528,-0.27684485912323,-0.23695826530456543,-0.05369587183781732,-0.3210675120353699,-0.23511478304862976,-0.05996183992215265,-0.12560516595840454,-0.17039048671722412,-0.040413598873101364,-0.2201080322265625,-0.1440160870552063,-0.05359693557807077,-0.19391494989395142,-0.11883461475372314,-0.047279297717295776,-0.15855538845062256,-0.11788254976272583,-0.04439813584872354,-0.13637733459472656,-0.09816467761993408,-0.05017339379378427,-0.21794259548187256,-0.07917642593383789,-0.06285276577659715,-0.19113296270370483,-0.05614149570465088,-0.045535392471037994,-0.15954840183258057,-0.05710756778717041,-0.03490220696517099,-0.1449190378189087,-0.023648738861083984,-0.059005826123438965,-0.20885062217712402,-0.020990729331970215,-0.06743874714561571,-0.1833500862121582,-0.00590890645980835,-0.053255732514344345,-0.15457886457443237,-0.0048528313636779785,-0.04224054084011186,skip forward
0.0,0.0,0.0,-0.02032691240310669,-0.10281103849411011,0.004843744066533873,-0.07206904888153076,-0.20500671863555908,0.0014588711447913738,-0.1314096450805664,-0.2705937623977661,-0.00118130169437336,-0.18327617645263672,-0.29620251059532166,-0.0056791639989342,-0.11223185062408447,-0.23142778873443604,-0.03185371720326202,-0.21966862678527832,-0.24097701907157898,-0.04895795920026558,-0.27757591009140015,-0.2365776002407074,-0.05797991939914482,-0.3216322958469391,-0.23496106266975403,-0.06419875138533371,-0.12541377544403076,-0.16995227336883545,-0.042284910018565824,-0.22144579887390137,-0.14285701513290405,-0.054919310296895674,-0.19483953714370728,-0.11674714088439941,-0.047941804314973524,-0.15890157222747803,-0.11603415012359619,-0.04471966290009277,-0.13654834032058716,-0.09701728820800781,-0.05076076501143234,-0.21929234266281128,-0.07937061786651611,-0.06349853837025421,-0.19187140464782715,-0.054373204708099365,-0.04598047995102661,-0.15986740589141846,-0.05514758825302124,-0.03513038941753166,-0.14502394199371338,-0.02165144681930542,-0.05839013719094055,-0.20983117818832397,-0.01976919174194336,-0.06690675431025284,-0.1839469075202942,-0.004101753234863281,-0.0525187742067601,-0.15503191947937012,-0.0026012063026428223,-0.041278310502889326,skip forward
0.0,0.0,0.0,-0.022234618663787842,-0.10013037919998169,0.009008491726262946,-0.07619130611419678,-0.19871008396148682,0.00690742054734983,-0.13312792778015137,-0.26428544521331787,0.0044264568366543244,-0.1819370985031128,-0.29225534200668335,-0.00012598019952747563,-0.11367398500442505,-0.22651225328445435,-0.028206089197055917,-0.219312846660614,-0.2354576289653778,-0.044448470382349115,-0.2767350673675537,-0.2302435040473938,-0.053256688325063806,-0.32048386335372925,-0.22721847891807556,-0.05954292943920336,-0.12563711404800415,-0.16516107320785522,-0.04065037301029406,-0.22102773189544678,-0.13982146978378296,-0.053128150908605676,-0.19414013624191284,-0.11531591415405273,-0.046365556924001794,-0.15818864107131958,-0.11364513635635376,-0.043440082727329354,-0.13573282957077026,-0.09263688325881958,-0.05080785757149897,-0.21905922889709473,-0.0747266411781311,-0.0628149897440835,-0.19129812717437744,-0.051438868045806885,-0.04496377116288386,-0.15908461809158325,-0.05161905288696289,-0.0342674941405221,-0.1435263752937317,-0.018006980419158936,-0.05977886697496615,-0.20897507667541504,-0.01553875207901001,-0.06769282525624476,-0.18291670083999634,-0.0009104609489440918,-0.0530987918957635,-0.15404361486434937,-0.0005745291709899902,-0.04207077032174311,skip forward
0.0,0.0,0.0,-0.018945276737213135,-0.10186845064163208,0.006896162377699966,-0.07087475061416626,-0.2032042145729065,0.00498651430945074,-0.12883907556533813,-0.27091437578201294,0.0034279690310654587,-0.1803860068321228,-0.29436296224594116,7.443760233627472e-05,-0.1111600399017334,-0.2303788959980011,-0.027994012022361403,-0.21681946516036987,-0.23837989568710327,-0.044364120373472815,-0.27392369508743286,-0.23364484310150146,-0.053760382840380316,-0.3172560930252075,-0.2313593327999115,-0.06026216925118888,-0.12391042709350586,-0.1693495512008667,-0.038782793590769415,-0.2195911407470703,-0.14316487312316895,-0.05087428868745292,-0.19281929731369019,-0.11726737022399902,-0.04460382045243705,-0.15683501958847046,-0.11547952890396118,-0.04175954640840018,-0.13491171598434448,-0.09717410802841187,-0.04755606085990394,-0.21781736612319946,-0.0798715353012085,-0.059761303970560675,-0.1903170943260193,-0.054479777812957764,-0.04299785898064101,-0.1579604148864746,-0.054354965686798096,-0.03262774229978049,-0.14350038766860962,-0.023141682147979736,-0.05523817569945777,-0.20818668603897095,-0.020624399185180664,-0.06297523857091392,-0.18235540390014648,-0.004337489604949951,-0.04877462566827262,-0.15326571464538574,-0.0030447840690612793,-0.03782775581811393,skip forward
0.0,0.0,0.0,-0.020938634872436523,-0.10144871473312378,0.006044579474291822,-0.0735480785369873,-0.20227760076522827,0.0035029356740778894,-0.1292462944984436,-0.2696302533149719,0.001367490543088934,-0.173386812210083,-0.3060692846775055,-0.0024140930827343254,-0.1140296459197998,-0.22749486565589905,-0.030235123550482967,-0.2197115421295166,-0.23422619700431824,-0.04741121522147296,-0.27840638160705566,-0.22879517078399658,-0.05692984229881404,-0.32307928800582886,-0.22569870948791504,-0.06367269224483607,-0.12616342306137085,-0.16567999124526978,-0.04120945251543162,-0.22241610288619995,-0.14007776975631714,-0.05502134255129931,-0.1943190097808838,-0.11522567272186279,-0.04889930105764506,-0.1572907567024231,-0.11443817615509033,-0.045864731734582165,-0.13645464181900024,-0.09408056735992432,-0.0502063824887955,-0.22034478187561035,-0.07592374086380005,-0.06399632311422465,-0.19152629375457764,-0.05281037092208862,-0.04716990581709979,-0.15816068649291992,-0.05405855178833008,-0.036362644946166256,-0.14391762018203735,-0.02011948823928833,-0.05819799072105525,-0.210069477558136,-0.017428278923034668,-0.06745866752225993,-0.18355244398117065,-0.0031774044036865234,-0.05356410211879847,-0.15378135442733765,-0.0025829672813415527,-0.0424868806358063,skip forward
0.0,0.0,0.0,-0.02172797918319702,-0.09867280721664429,0.006739695361972053,-0.07795864343643188,-0.1984301209449768,0.0017514268785419063,-0.12669646739959717,-0.27606314420700073,-0.003645646347507636,-0.14831727743148804,-0.34260064363479614,-0.01126944386291484,-0.11742323637008667,-0.2246989905834198,-0.0327668117441533,-0.22148138284683228,-0.2296004295349121,-0.050467867598712246,-0.27996885776519775,-0.22352495789527893,-0.06004481409567575,-0.3246201276779175,-0.2190496325492859,-0.06764445845860223,-0.12931609153747559,-0.16392147541046143,-0.044587664500653545,-0.22343945503234863,-0.1356508731842041,-0.05958197657841424,-0.19330543279647827,-0.11150604486465454,-0.05319828932064752,-0.1561768651008606,-0.11155068874359131,-0.05035734196084718,-0.13885873556137085,-0.09323662519454956,-0.05425898377674798,-0.21948271989822388,-0.07297241687774658,-0.06859039907234887,-0.1900293231010437,-0.04986679553985596,-0.05040631462711076,-0.15639281272888184,-0.05058455467224121,-0.03900324945229272,-0.14626336097717285,-0.019869506359100342,-0.06287678723114709,-0.21107715368270874,-0.015843510627746582,-0.07284424845951776,-0.18394321203231812,-0.0008724331855773926,-0.058447759792983334,-0.1546306610107422,-3.057718276977539e-05,-0.04716914911645631,skip forward
0.0,0.0,0.0,-0.025252938270568848,-0.10062259435653687,0.005434689507268331,-0.08258897066116333,-0.20006555318832397,-0.002356751892335751,-0.12698042392730713,-0.28260141611099243,-0.011029360886283257,-0.1445205807685852,-0.35395342111587524,-0.022531868029005864,-0.11937940120697021,-0.22432225942611694,-0.03368835810161386,-0.22410058975219727,-0.2300424575805664,-0.050630468014247754,-0.28227365016937256,-0.22633323073387146,-0.05883299100733552,-0.3269274830818176,-0.22473803162574768,-0.06587293657995019,-0.13184130191802979,-0.16666346788406372,-0.04567982915378366,-0.2241145372390747,-0.13703852891921997,-0.06234029594398294,-0.19406646490097046,-0.11159807443618774,-0.05603865820503984,-0.15743714570999146,-0.11129158735275269,-0.05254337850547586,-0.14118421077728271,-0.09706956148147583,-0.055531053874261715,-0.2199682593345642,-0.07551860809326172,-0.07080276224351678,-0.19069713354110718,-0.051474034786224365,-0.05227135408259187,-0.15732282400131226,-0.05241966247558594,-0.04017867061830316,-0.14795857667922974,-0.02403360605239868,-0.0645022979710177,-0.2118539810180664,-0.01908731460571289,-0.07564560237861429,-0.18464016914367676,-0.0026974081993103027,-0.06165764767266069,-0.15506500005722046,-0.0018912553787231445,-0.05031734991408143,skip forward
0.0,0.0,0.0,-0.026955604553222656,-0.10252469778060913,0.007186530157213156,-0.08429229259490967,-0.20195049047470093,-0.00046661490412702733,-0.12649089097976685,-0.2863597273826599,-0.009473811370099838,-0.1413358449935913,-0.35951101779937744,-0.021645641420747097,-0.12210416793823242,-0.2226184606552124,-0.033723704983259495,-0.22707128524780273,-0.22849535942077637,-0.04976299824264174,-0.2840039134025574,-0.2231740951538086,-0.056958962698246296,-0.32706695795059204,-0.22082209587097168,-0.06340959714796668,-0.13327819108963013,-0.16494524478912354,-0.04676745878603583,-0.22404509782791138,-0.1349186897277832,-0.06181764276769286,-0.19476383924484253,-0.11025577783584595,-0.054712843616272266,-0.1591181755065918,-0.1109241247177124,-0.05153091298487311,-0.14116144180297852,-0.0952751636505127,-0.05749491648819571,-0.2195584774017334,-0.07331794500350952,-0.07125493185665732,-0.19108814001083374,-0.05031472444534302,-0.052134398837353046,-0.15872979164123535,-0.05209857225418091,-0.04050760762837058,-0.1466497778892517,-0.0222700834274292,-0.0672259260907424,-0.2121853232383728,-0.017876505851745605,-0.07685513841059333,-0.18575698137283325,-0.0027505159378051758,-0.06208776356723433,-0.1564650535583496,-0.002863287925720215,-0.05087145092036849,skip forward
0.0,0.0,0.0,-0.025765061378479004,-0.10446512699127197,0.006868259616993555,-0.08032733201980591,-0.20571351051330566,-0.000738817107531986,-0.1196976900100708,-0.2918502688407898,-0.009751424092002026,-0.13300704956054688,-0.36516156792640686,-0.021787624704785458,-0.12207925319671631,-0.2274942398071289,-0.03181300488407146,-0.22630202770233154,-0.23464888334274292,-0.04780947593147289,-0.2836874723434448,-0.22980552911758423,-0.05551856932336818,-0.3272241950035095,-0.22772830724716187,-0.062346072766132465,-0.1342722773551941,-0.1704181432723999,-0.04453152221734058,-0.2232763171195984,-0.13937699794769287,-0.05949737307722103,-0.19348222017288208,-0.11393129825592041,-0.05275808823401462,-0.1576094627380371,-0.11513692140579224,-0.04953674403125774,-0.1427525281906128,-0.10064959526062012,-0.05513483462030422,-0.2192443609237671,-0.07819962501525879,-0.0684470812707616,-0.19051307439804077,-0.05471765995025635,-0.049496015432424656,-0.15825575590133667,-0.05702781677246094,-0.0378447416156007,-0.14789164066314697,-0.02739471197128296,-0.06488399756247532,-0.21043139696121216,-0.02256608009338379,-0.07382288378769886,-0.18359482288360596,-0.006986081600189209,-0.05890981284076702,-0.15457218885421753,-0.007191896438598633,-0.04745299172694217,skip forward
0.0,0.0,0.0,-0.02650129795074463,-0.1046636700630188,0.0074134052485703705,-0.07908612489700317,-0.20395970344543457,-0.0004439863330674143,-0.11675333976745605,-0.28967607021331787,-0.010378299026143623,-0.1298803687095642,-0.36263471841812134,-0.023452670058560443,-0.12687426805496216,-0.2247568666934967,-0.028922606936049533,-0.22875607013702393,-0.23150333762168884,-0.04498623751695163,-0.28575223684310913,-0.22630935907363892,-0.053418286821198535,-0.32956844568252563,-0.2237425446510315,-0.06078528307969577,-0.1386481523513794,-0.1679578423500061,-0.042299543252539706,-0.22665423154830933,-0.1364547610282898,-0.057373289695334506,-0.19653809070587158,-0.11220598220825195,-0.05135133185083873,-0.1606234312057495,-0.11328619718551636,-0.04865527593190677,-0.14552462100982666,-0.0982292890548706,-0.05368254028851993,-0.2218918800354004,-0.07414138317108154,-0.06752853908236034,-0.1931518316268921,-0.051866352558135986,-0.0492299541145087,-0.16083770990371704,-0.053796589374542236,-0.037850667467665744,-0.1489965319633484,-0.02488654851913452,-0.06417854197914608,-0.21287667751312256,-0.019693851470947266,-0.07352932610208995,-0.1863970160484314,-0.005093097686767578,-0.058721177956414294,-0.1571902632713318,-0.005334019660949707,-0.04723255403931148,skip forward
0.0,0.0,0.0,-0.025159478187561035,-0.10636603832244873,0.008087784638632911,-0.07823383808135986,-0.20753782987594604,0.0007729721302212056,-0.11590486764907837,-0.29424503445625305,-0.008740777494381291,-0.12949281930923462,-0.3681768774986267,-0.021436990583310944,-0.12404048442840576,-0.2254246473312378,-0.02715652936137758,-0.2262459397315979,-0.23295381665229797,-0.04133186989463411,-0.28299981355667114,-0.2275136113166809,-0.0482644712272986,-0.3260258734226227,-0.22514978051185608,-0.05455237382091127,-0.13624829053878784,-0.16830164194107056,-0.04046823957003198,-0.22489696741104126,-0.14033710956573486,-0.05438568570650659,-0.19540804624557495,-0.11655402183532715,-0.0483565045241221,-0.15899866819381714,-0.11634373664855957,-0.04548260324634157,-0.14405566453933716,-0.0986601710319519,-0.051594213927160126,-0.22093617916107178,-0.08100235462188721,-0.06379545235074602,-0.19251954555511475,-0.05859583616256714,-0.04516538360155664,-0.15993183851242065,-0.05847513675689697,-0.03366970025933824,-0.1488826870918274,-0.025698065757751465,-0.06183139362372003,-0.21269190311431885,-0.02598261833190918,-0.06947090976871095,-0.1868111491203308,-0.012101829051971436,-0.05404595040715776,-0.15794014930725098,-0.010756969451904297,-0.04230375343001924,skip forward
0.0,0.0,0.0,-0.02502959966659546,-0.10578906536102295,0.007747616202863128,-0.0789610743522644,-0.20590102672576904,0.00016329346416910084,-0.11903935670852661,-0.2922145128250122,-0.00950553589191827,-0.13376116752624512,-0.36703306436538696,-0.022386640726296037,-0.12401729822158813,-0.22576910257339478,-0.027598027555910676,-0.22739458084106445,-0.2321060597896576,-0.04210113961872253,-0.2845599055290222,-0.22650092840194702,-0.049130386157600014,-0.32773974537849426,-0.22418344020843506,-0.05533912633237037,-0.13616782426834106,-0.1682225465774536,-0.04059673328575286,-0.22467279434204102,-0.14080238342285156,-0.054629123254386514,-0.1957290768623352,-0.11711102724075317,-0.048631133927671044,-0.15943467617034912,-0.11647248268127441,-0.0457877725797573,-0.14425861835479736,-0.09830206632614136,-0.051426349623767464,-0.22050178050994873,-0.08014315366744995,-0.06394498650607261,-0.19304096698760986,-0.05699056386947632,-0.045546340240804284,-0.1608816385269165,-0.05641627311706543,-0.03414674703654441,-0.14983278512954712,-0.025596439838409424,-0.06130671729025039,-0.21365690231323242,-0.02496659755706787,-0.0690281376677433,-0.18812447786331177,-0.010655224323272705,-0.05374586810049209,-0.15926533937454224,-0.009739339351654053,-0.042085620059339135,skip forward
0.0,0.0,0.0,-0.02437877655029297,-0.10558319091796875,0.008522861784797442,-0.07675105333328247,-0.20648431777954102,0.0020857934453601956,-0.11828696727752686,-0.2906791567802429,-0.0065202711536471725,-0.13474535942077637,-0.36346012353897095,-0.018341438697177637,-0.12370377779006958,-0.22506996989250183,-0.02619531922181295,-0.2264426350593567,-0.23283979296684265,-0.040572989584404695,-0.28336626291275024,-0.22815832495689392,-0.04748653605719255,-0.32641273736953735,-0.2265763282775879,-0.05366095140715288,-0.1356412172317505,-0.16872018575668335,-0.03955446913977312,-0.22337841987609863,-0.1393309235572815,-0.053205232919651735,-0.19412672519683838,-0.11557894945144653,-0.04674215600033449,-0.15819871425628662,-0.11582636833190918,-0.04374328613420175,-0.14318442344665527,-0.09951084852218628,-0.05083595946570085,-0.21911007165908813,-0.07825231552124023,-0.06352334827323602,-0.19074082374572754,-0.055049002170562744,-0.04488618284602808,-0.15893781185150146,-0.055808842182159424,-0.03344983965297388,-0.1479339599609375,-0.02648073434829712,-0.06111585334082292,-0.2114323377609253,-0.023173093795776367,-0.06932904184003519,-0.18480044603347778,-0.008892059326171875,-0.05411661401529955,-0.1560238003730774,-0.008983254432678223,-0.042530305535990465,skip forward
0.0,0.0,0.0,-0.023839175701141357,-0.10501515865325928,0.007659981397097226,-0.07365906238555908,-0.20768189430236816,0.0017283248222668135,-0.11771750450134277,-0.28880447149276733,-0.006117117221350554,-0.13974827527999878,-0.35733819007873535,-0.01687400192290056,-0.12304377555847168,-0.22602814435958862,-0.024823853376204852,-0.2260957956314087,-0.2334703803062439,-0.03901668042212236,-0.28329336643218994,-0.22812646627426147,-0.0459176763918947,-0.3260676860809326,-0.22611317038536072,-0.051786852630669955,-0.1352948546409607,-0.16901397705078125,-0.03739245385199297,-0.22279572486877441,-0.1398707628250122,-0.05142090246349085,-0.19387853145599365,-0.11601191759109497,-0.0458825618055414,-0.15787070989608765,-0.11575376987457275,-0.04304362237721193,-0.14280414581298828,-0.10023802518844604,-0.04796218648820627,-0.21822446584701538,-0.07748579978942871,-0.06080436855822313,-0.1897302269935608,-0.05471867322921753,-0.043266439440543536,-0.15796256065368652,-0.05543506145477295,-0.032187202575499896,-0.14709752798080444,-0.02779531478881836,-0.0575778126743387,-0.20929187536239624,-0.02285069227218628,-0.06569656133919466,-0.1828244924545288,-0.008727431297302246,-0.05109215677052248,-0.15420591831207275,-0.009195268154144287,-0.03961800560622919,skip forward
0.0,0.0,0.0,-0.023690462112426758,-0.10491877794265747,0.007221472575452026,-0.07288467884063721,-0.20689356327056885,0.0032361784345766864,-0.12295860052108765,-0.28001177310943604,-0.002242887499619428,-0.1611310839653015,-0.33137890696525574,-0.010172029831323925,-0.12118542194366455,-0.22617626190185547,-0.02413753966322929,-0.2255231738090515,-0.23359131813049316,-0.038215072699699704,-0.28320449590682983,-0.22679871320724487,-0.04503016720047981,-0.326043963432312,-0.22377386689186096,-0.050252435603056256,-0.13408613204956055,-0.16971611976623535,-0.035925211259041134,-0.22214609384536743,-0.14011293649673462,-0.04879806364408523,-0.19519007205963135,-0.11657202243804932,-0.043266961225185696,-0.16023564338684082,-0.11680173873901367,-0.040533313401851956,-0.14252954721450806,-0.10112082958221436,-0.04581917250982315,-0.2190946340560913,-0.07742226123809814,-0.05748593980899841,-0.192002534866333,-0.05534082651138306,-0.040602443613920514,-0.16094529628753662,-0.05636417865753174,-0.030191225805197064,-0.14742982387542725,-0.0286329984664917,-0.05485432768693954,-0.21024709939956665,-0.02248847484588623,-0.06201428348651916,-0.18510419130325317,-0.008794546127319336,-0.047574760266456906,-0.15678459405899048,-0.00923079252243042,-0.03627338434091598,skip forward
0.0,0.0,0.0,-0.024677693843841553,-0.10171765089035034,0.00830397673104244,-0.07536828517913818,-0.20103555917739868,0.00620508717526036,-0.1293136477470398,-0.269065260887146,0.003512613588611657,-0.1773098111152649,-0.297029972076416,-0.00126256456445617,-0.12053805589675903,-0.2232995331287384,-0.024981882309873527,-0.22549593448638916,-0.23035943508148193,-0.0395882426559524,-0.2826964855194092,-0.2241409420967102,-0.04761577013726992,-0.3254756033420563,-0.2215278148651123,-0.05355328310128016,-0.13162213563919067,-0.1653725504875183,-0.03667184326644701,-0.22367972135543823,-0.13558363914489746,-0.04818080354328913,-0.1980767846107483,-0.11135774850845337,-0.042420428132970756,-0.16348755359649658,-0.11128419637680054,-0.040124367809255546,-0.1396670937538147,-0.09528899192810059,-0.04627006862159533,-0.22021818161010742,-0.07371532917022705,-0.05711320403810305,-0.19401216506958008,-0.051103055477142334,-0.04076612356897158,-0.16314047574996948,-0.05292201042175293,-0.03111120860870642,-0.1447318196296692,-0.022148966789245605,-0.054816260820587104,-0.20906800031661987,-0.016165733337402344,-0.061228413021524375,-0.18441873788833618,-0.002774178981781006,-0.04706658039089007,-0.15581434965133667,-0.0036154985427856445,-0.0363792962193088,skip forward
0.0,0.0,0.0,-0.02317911386489868,-0.10364973545074463,0.004676120848586152,-0.07256221771240234,-0.20870715379714966,0.00018735469885200473,-0.1320599913597107,-0.2742973566055298,-0.004031877937535455,-0.1868969202041626,-0.2818262577056885,-0.010615797686199357,-0.11614024639129639,-0.22485336661338806,-0.029504339183489492,-0.22206926345825195,-0.23220470547676086,-0.04567481667808693,-0.2789597511291504,-0.22632038593292236,-0.054816436926643064,-0.3218948245048523,-0.22317400574684143,-0.06126193047575157,-0.1282636523246765,-0.16472232341766357,-0.040186160216848066,-0.22222846746444702,-0.13821417093276978,-0.05270376146845024,-0.19574934244155884,-0.11312651634216309,-0.04701108948401611,-0.16027581691741943,-0.1114545464515686,-0.04444822014383476,-0.13723152875900269,-0.09287464618682861,-0.048830387155334165,-0.21869438886642456,-0.07598739862442017,-0.061013557920972517,-0.19205445051193237,-0.052439749240875244,-0.0441773393850724,-0.16058599948883057,-0.05233412981033325,-0.03381529540828865,-0.1436598300933838,-0.017754971981048584,-0.05663234085849922,-0.20858889818191528,-0.016476154327392578,-0.06385566012076538,-0.1838628053665161,-0.002032339572906494,-0.04893554092458885,-0.15517383813858032,-0.0006603598594665527,-0.03761852995566528,skip forward
0.0,0.0,0.0,-0.024030983448028564,-0.10264706611633301,0.0056121152450430145,-0.07374083995819092,-0.20817488431930542,0.0012892272646638503,-0.13308614492416382,-0.27365848422050476,-0.0030714910386961947,-0.18836724758148193,-0.28100088238716125,-0.009780808016927267,-0.11599510908126831,-0.22478801012039185,-0.028016674928636576,-0.22182178497314453,-0.23212695121765137,-0.04396396655616286,-0.2793620228767395,-0.22667264938354492,-0.0528081559019995,-0.3221415877342224,-0.2239941656589508,-0.05908171612796309,-0.12808609008789062,-0.16535943746566772,-0.039361146874995256,-0.2225157618522644,-0.1409621238708496,-0.05211915601071837,-0.1969296932220459,-0.11617761850357056,-0.04637640867409232,-0.16150450706481934,-0.11407738924026489,-0.043577761985631014,-0.1366126537322998,-0.09428507089614868,-0.048723971136183764,-0.21936851739883423,-0.07687121629714966,-0.06090829301652434,-0.19309157133102417,-0.05442154407501221,-0.044158031828970934,-0.16129499673843384,-0.0547332763671875,-0.03382677365121367,-0.14244598150253296,-0.019979119300842285,-0.05720505271133902,-0.2075778841972351,-0.017388582229614258,-0.06441891346153739,-0.18321675062179565,-0.003532230854034424,-0.04982664961394789,-0.1546611189842224,-0.0029892325401306152,-0.038766855038971926,skip forward
0.0,0.0,0.0,-0.02350485324859619,-0.10259312391281128,0.005267002592120207,-0.07269090414047241,-0.2083035707473755,0.0008204940546079342,-0.13256561756134033,-0.27451619505882263,-0.003317485823970401,-0.18894332647323608,-0.2815897464752197,-0.00974706004348036,-0.11518329381942749,-0.2246118187904358,-0.029493066509928667,-0.22170209884643555,-0.23225349187850952,-0.04589698187049862,-0.27950453758239746,-0.22540640830993652,-0.05511356241044041,-0.32276254892349243,-0.22170740365982056,-0.06154685190853115,-0.12790489196777344,-0.16525697708129883,-0.040421516662206614,-0.22229653596878052,-0.1409245729446411,-0.05231727010544773,-0.19715601205825806,-0.11546933650970459,-0.045946140801277124,-0.16210776567459106,-0.11308211088180542,-0.04314037880834576,-0.13729500770568848,-0.09416443109512329,-0.04941028079923626,-0.219887375831604,-0.0769205093383789,-0.06060008800562855,-0.19361579418182373,-0.05370008945465088,-0.0434544207805061,-0.16203469038009644,-0.053816795349121094,-0.03332435063060757,-0.14387506246566772,-0.020060956478118896,-0.057588302558031046,-0.2087191939353943,-0.01720285415649414,-0.06413871145781513,-0.18412798643112183,-0.003260970115661621,-0.049343687509860956,-0.15561437606811523,-0.0029408931732177734,-0.0383628281110191,skip forward
0.0,0.0,0.0,-0.0235024094581604,-0.10188382863998413,0.004469444508316656,-0.07199740409851074,-0.2075037956237793,-0.0005455401855272157,-0.13127267360687256,-0.27385616302490234,-0.0053693722014998,-0.18798083066940308,-0.28109851479530334,-0.012441609056082825,-0.11516880989074707,-0.22398364543914795,-0.028798664921311,-0.2212316393852234,-0.23151499032974243,-0.045387626626876454,-0.279249370098114,-0.22566062211990356,-0.054771029391673665,-0.3228985667228699,-0.22250255942344666,-0.061333713122991185,-0.127907395362854,-0.16523784399032593,-0.0396434301523243,-0.22225219011306763,-0.14256107807159424,-0.052757815459159474,-0.19632601737976074,-0.11680662631988525,-0.04708765167870865,-0.1609458327293396,-0.11394768953323364,-0.04422137234487877,-0.13709628582000732,-0.09480684995651245,-0.048618857750085454,-0.21979588270187378,-0.07821613550186157,-0.060915012845185856,-0.19295603036880493,-0.0549892783164978,-0.04391411785164223,-0.16096776723861694,-0.05521523952484131,-0.0333626130608593,-0.14369052648544312,-0.021059513092041016,-0.05685716588178025,-0.20879840850830078,-0.0187838077545166,-0.06410291511693345,-0.184015154838562,-0.004431426525115967,-0.049279847183612446,-0.15509355068206787,-0.003936409950256348,-0.03801160771527634,skip forward
0.0,0.0,0.0,-0.022972702980041504,-0.10157865285873413,0.003956321300137233,-0.07172966003417969,-0.20661795139312744,-0.0009647903855523055,-0.13080275058746338,-0.2725493907928467,-0.005686054798644591,-0.18747013807296753,-0.27865105867385864,-0.012638649298679638,-0.11501920223236084,-0.2227136790752411,-0.028525987966787625,-0.22047048807144165,-0.23096084594726562,-0.04510334725571852,-0.2782464623451233,-0.22500202059745789,-0.054616822256576825,-0.321902871131897,-0.22138762474060059,-0.061272608443033505,-0.12804323434829712,-0.16441643238067627,-0.0390817433138011,-0.22103208303451538,-0.14201253652572632,-0.05260601858688574,-0.1946195363998413,-0.11724984645843506,-0.04738037134600859,-0.1591818928718567,-0.11449259519577026,-0.04464642549945097,-0.1372198462486267,-0.09442418813705444,-0.04784411410881262,-0.21860527992248535,-0.07743561267852783,-0.06046581487251501,-0.19109171628952026,-0.054951369762420654,-0.043874124391805935,-0.15898460149765015,-0.05538672208786011,-0.03339693914247732,-0.14363855123519897,-0.021147310733795166,-0.055932054622900296,-0.20778363943099976,-0.01919400691986084,-0.06346935252739172,-0.182547926902771,-0.0049433112144470215,-0.04889567787839155,-0.15345114469528198,-0.00415271520614624,-0.03766868482424002,skip forward
0.0,0.0,0.0,-0.02044987678527832,-0.10198217630386353,0.004871405045349775,-0.06931763887405396,-0.20810329914093018,0.0004862786981618683,-0.12963002920150757,-0.2736821472644806,-0.0037306010827080627,-0.18662816286087036,-0.27912139892578125,-0.01029961664337975,-0.11190629005432129,-0.22542738914489746,-0.02933659419525725,-0.2187907099723816,-0.23232132196426392,-0.046022575498710694,-0.27726835012435913,-0.225683331489563,-0.05574109792817694,-0.32144051790237427,-0.2214491367340088,-0.06270417213548285,-0.1252535581588745,-0.1664401888847351,-0.03998487457741362,-0.2192063331604004,-0.14200854301452637,-0.05389563754309279,-0.19193148612976074,-0.11832016706466675,-0.04878282934535605,-0.15595608949661255,-0.11617136001586914,-0.04626263693083388,-0.13524162769317627,-0.09588116407394409,-0.048588544280420365,-0.21777397394180298,-0.07828819751739502,-0.061728689969669404,-0.18941587209701538,-0.05570429563522339,-0.04491001755107504,-0.15659481287002563,-0.055807292461395264,-0.034277569652687134,-0.14264070987701416,-0.022038519382476807,-0.05634947508681876,-0.20679539442062378,-0.019981563091278076,-0.06486905008662802,-0.18074023723602295,-0.004989743232727051,-0.05059458330381972,-0.15140080451965332,-0.004209458827972412,-0.03946603104580504,skip forward
0.0,0.0,0.0,-0.022398054599761963,-0.10180968046188354,0.004914520240845377,-0.07131540775299072,-0.2080187201499939,0.0003994634514583595,-0.1315898895263672,-0.27387160062789917,-0.003953635760126417,-0.18848830461502075,-0.28270748257637024,-0.010620359864560669,-0.11436021327972412,-0.22343391180038452,-0.029463575754789417,-0.22106808423995972,-0.23017901182174683,-0.04618203786435515,-0.27938348054885864,-0.22286146879196167,-0.05574979407015235,-0.3226960003376007,-0.2187199592590332,-0.062374436829713886,-0.12684577703475952,-0.16399145126342773,-0.0402726508420983,-0.2205159068107605,-0.14005506038665771,-0.05301766243997008,-0.19462507963180542,-0.11539798974990845,-0.047376868848232334,-0.15887880325317383,-0.1135019063949585,-0.044856333707002705,-0.13610893487930298,-0.09377825260162354,-0.04913973209681899,-0.21817296743392944,-0.07583761215209961,-0.06048904878321082,-0.19147098064422607,-0.0525890588760376,-0.0434927358967343,-0.15924835205078125,-0.05291205644607544,-0.03341034201207549,-0.1429506540298462,-0.020438790321350098,-0.05733653304400832,-0.2068583369255066,-0.015987932682037354,-0.06407502067509085,-0.18213629722595215,-0.0015015602111816406,-0.04964612198295981,-0.1532554030418396,-0.001816868782043457,-0.03884256405058295,skip forward
0.0,0.0,0.0,-0.022578060626983643,-0.10267370939254761,0.006183803315366276,-0.07179105281829834,-0.2074803113937378,0.002133683302531608,-0.13170456886291504,-0.27274125814437866,-0.001986413028930656,-0.18800580501556396,-0.28056856989860535,-0.008480001472776166,-0.11416810750961304,-0.22391963005065918,-0.02770155039513611,-0.2208845019340515,-0.23042821884155273,-0.043529284418468706,-0.2791728973388672,-0.22310349345207214,-0.05257777613485359,-0.3227480947971344,-0.21885108947753906,-0.05897278454983734,-0.12699782848358154,-0.16489022970199585,-0.0388882022806456,-0.221136212348938,-0.14067131280899048,-0.05055784177864098,-0.19515419006347656,-0.11596500873565674,-0.044289515585546724,-0.15951597690582275,-0.11400151252746582,-0.04147812467897438,-0.13642233610153198,-0.09435999393463135,-0.048060150117521516,-0.21883583068847656,-0.07673829793930054,-0.05856319633210205,-0.19200271368026733,-0.05352818965911865,-0.041142591507082216,-0.15994131565093994,-0.05378240346908569,-0.030954716027622453,-0.14323532581329346,-0.020638644695281982,-0.0564270999738028,-0.20799541473388672,-0.01713782548904419,-0.06254060310209297,-0.18300628662109375,-0.0026139020919799805,-0.04763766494477295,-0.15407198667526245,-0.002588033676147461,-0.03666677069747948,skip forward
0.0,0.0,0.0,-0.021249592304229736,-0.10246473550796509,0.004855110060333345,-0.06985193490982056,-0.20826059579849243,0.00022417150964315624,-0.12962907552719116,-0.2739790081977844,-0.004003919910729792,-0.18592065572738647,-0.2808988690376282,-0.010557406365961697,-0.11181581020355225,-0.2245054543018341,-0.031072117172271874,-0.21851664781570435,-0.23185104131698608,-0.0480919068382093,-0.27688896656036377,-0.22473502159118652,-0.05787597947576728,-0.32097485661506653,-0.2198074758052826,-0.0647595708892652,-0.12453824281692505,-0.16506439447402954,-0.04168879964211669,-0.2188919186592102,-0.13964354991912842,-0.05471269019702163,-0.192368745803833,-0.11510789394378662,-0.048874903254301216,-0.1566469669342041,-0.11313509941101074,-0.046331438951284554,-0.13412243127822876,-0.09430783987045288,-0.05023458950975623,-0.21666467189788818,-0.07583892345428467,-0.0626473461911985,-0.18932735919952393,-0.0526999831199646,-0.04558426865199294,-0.15697836875915527,-0.05295640230178833,-0.03520121031263557,-0.14133381843566895,-0.020559489727020264,-0.057918764434845116,-0.2061976194381714,-0.01770108938217163,-0.0657669191882917,-0.1807226538658142,-0.002744734287261963,-0.05120546721676078,-0.1515091061592102,-0.0021167993545532227,-0.040146320842296745,skip forward
0.0,0.0,0.0,-0.02214914560317993,-0.10382723808288574,0.004033926625567119,-0.06954681873321533,-0.21010157465934753,-0.0004232376391826165,-0.12897735834121704,-0.27568596601486206,-0.004144451829773743,-0.18618708848953247,-0.2795972526073456,-0.010039227332157452,-0.11244738101959229,-0.22279739379882812,-0.030971735964698155,-0.2197575569152832,-0.2301681935787201,-0.04799689191131051,-0.2782658338546753,-0.22300302982330322,-0.058145629490894635,-0.32232046127319336,-0.21881192922592163,-0.06519149827508386,-0.12471878528594971,-0.16330236196517944,-0.04131448852567132,-0.21827614307403564,-0.14008253812789917,-0.053662745530886014,-0.1930856704711914,-0.11578673124313354,-0.04815990688948091,-0.1582058072090149,-0.11311089992523193,-0.04597421946672853,-0.13405466079711914,-0.09275931119918823,-0.04975173833517488,-0.21591711044311523,-0.07536906003952026,-0.061495902265590985,-0.18910342454910278,-0.05235755443572998,-0.04508252280501779,-0.15737658739089966,-0.0528796911239624,-0.03528228985814508,-0.1409711241722107,-0.019140243530273438,-0.0574760234609073,-0.20617705583572388,-0.01673305034637451,-0.06451972412614282,-0.1810716986656189,-0.0025829672813415527,-0.049893794830126126,-0.15179073810577393,-0.0021533966064453125,-0.03893861013202127,skip forward
0.0,0.0,0.0,-0.02281975746154785,-0.10349243879318237,0.005498779811119903,-0.07176405191421509,-0.20859932899475098,0.0010439754595665818,-0.1317826509475708,-0.272498220205307,-0.0032293853683711404,-0.18822169303894043,-0.2787395417690277,-0.009879543106848132,-0.11360275745391846,-0.22332486510276794,-0.030289525758320224,-0.22151052951812744,-0.22948506474494934,-0.04720048106818808,-0.27955901622772217,-0.22242245078086853,-0.05672196916847838,-0.3229227662086487,-0.21812587976455688,-0.06318989641576422,-0.12578707933425903,-0.16381609439849854,-0.04129211477547301,-0.21913647651672363,-0.13921672105789185,-0.05420570320993079,-0.19368046522140503,-0.11470651626586914,-0.048565721731478106,-0.15906858444213867,-0.11184501647949219,-0.045993095856005084,-0.13507449626922607,-0.09306681156158447,-0.050193185578876864,-0.21630269289016724,-0.07511675357818604,-0.06286750979333533,-0.18938571214675903,-0.0518762469291687,-0.046518525700861346,-0.15797537565231323,-0.05198472738265991,-0.036367538045936953,-0.14220094680786133,-0.018739640712738037,-0.05810211844354285,-0.2076578140258789,-0.016514301300048828,-0.0658459389916004,-0.18167030811309814,-0.001600801944732666,-0.05109925068526877,-0.15220826864242554,-0.0010204911231994629,-0.03978803999333991,skip forward
0.0,0.0,0.0,-0.023745596408843994,-0.10370248556137085,0.007679859110993448,-0.07504868507385254,-0.20631659030914307,0.005781202046108547,-0.13284814357757568,-0.2702021598815918,0.0039198882224980025,-0.18612241744995117,-0.27695193886756897,8.310335417149872e-05,-0.11801296472549438,-0.22241699695587158,-0.024966397387998995,-0.22340446710586548,-0.22792500257492065,-0.04013839463712543,-0.280303955078125,-0.2202327847480774,-0.04931296880366176,-0.32292115688323975,-0.21530714631080627,-0.05568982015373081,-0.1308109164237976,-0.1621416211128235,-0.03603920440198749,-0.22256940603256226,-0.1351374387741089,-0.047124070180672106,-0.1959381103515625,-0.11193358898162842,-0.04160318623306125,-0.1608991026878357,-0.11106044054031372,-0.039310486121195254,-0.14060652256011963,-0.09151482582092285,-0.045072299493568835,-0.21973466873168945,-0.07220727205276489,-0.05548782001258701,-0.19265741109848022,-0.05023038387298584,-0.03961063648583263,-0.1613227128982544,-0.05194091796875,-0.03019433381976455,-0.14752638339996338,-0.018496394157409668,-0.0531169148814854,-0.210013747215271,-0.014316558837890625,-0.058840521676557955,-0.1844649314880371,0.00023686885833740234,-0.044455577684658465,-0.15561723709106445,-0.00015741586685180664,-0.033698589606302676,skip forward
0.0,0.0,0.0,-0.02317291498184204,-0.10296052694320679,0.0065400200726628555,-0.07355546951293945,-0.20529544353485107,0.0035657308360725892,-0.13311892747879028,-0.27007821202278137,0.0013035870686337603,-0.18773120641708374,-0.2726582884788513,-0.0029062749055981385,-0.11838597059249878,-0.2188255786895752,-0.029796138329601263,-0.22488224506378174,-0.22308829426765442,-0.04677275560626981,-0.28236812353134155,-0.21487957239151,-0.0575428194535732,-0.32631009817123413,-0.20963940024375916,-0.06499548993835447,-0.13041841983795166,-0.1569560170173645,-0.040286671294069265,-0.22209292650222778,-0.12903118133544922,-0.05182475216517446,-0.19398921728134155,-0.10592466592788696,-0.04606330014595983,-0.15852266550064087,-0.10541653633117676,-0.044013712478971456,-0.13957947492599487,-0.08549576997756958,-0.048592396004295324,-0.21949273347854614,-0.06777787208557129,-0.05962841577658651,-0.19091451168060303,-0.04553276300430298,-0.04311292610893247,-0.15868079662322998,-0.04725593328475952,-0.03334055088291166,-0.14574211835861206,-0.01231604814529419,-0.05588718868622777,-0.20868951082229614,-0.010078072547912598,-0.06193650133738515,-0.18236732482910156,0.004257619380950928,-0.046885635627603506,-0.15311813354492188,0.004353642463684082,-0.03570945180783269,skip forward
0.0,0.0,0.0,-0.021376371383666992,-0.09989780187606812,0.007474386631457719,-0.07250159978866577,-0.2008056640625,0.005380956022946748,-0.13186603784561157,-0.2652941346168518,0.0042502614994930354,-0.18494951725006104,-0.26467835903167725,0.0013089514430077998,-0.11753714084625244,-0.2149466872215271,-0.03119006004655489,-0.2227553129196167,-0.21925088763237,-0.04830167253041395,-0.27974438667297363,-0.20898184180259705,-0.05890742872381338,-0.32240790128707886,-0.20114096999168396,-0.06612343151593336,-0.1285419464111328,-0.15286284685134888,-0.04136675779247412,-0.2198236584663391,-0.12385034561157227,-0.0516756903054727,-0.1920318603515625,-0.10090106725692749,-0.04479595829272398,-0.15642142295837402,-0.10042226314544678,-0.04257692579651007,-0.1373249888420105,-0.08165264129638672,-0.04923521910333761,-0.21620887517929077,-0.061710894107818604,-0.05945515815639624,-0.1877996325492859,-0.039676547050476074,-0.04280675385618338,-0.15572547912597656,-0.04143553972244263,-0.033542105895520535,-0.14386218786239624,-0.009363293647766113,-0.05590379793667921,-0.2062441110610962,-0.0036842823028564453,-0.061325600338221875,-0.179521381855011,0.010896503925323486,-0.046401532334328977,-0.15042930841445923,0.010005772113800049,-0.03586771149659285,skip forward
0.0,0.0,0.0,-0.020152509212493896,-0.10093808174133301,0.00786985028230447,-0.07081753015518188,-0.2012658417224884,0.006627846413039151,-0.13088762760162354,-0.26603537797927856,0.006578150109135095,-0.18462806940078735,-0.26730313897132874,0.004843439810656491,-0.11652880907058716,-0.21660077571868896,-0.02947998475588065,-0.22279059886932373,-0.2209736704826355,-0.04590013679421645,-0.28058648109436035,-0.2110934853553772,-0.056355469490654286,-0.3230589032173157,-0.20387232303619385,-0.06320016142285567,-0.1281936764717102,-0.15403413772583008,-0.038668867762453374,-0.22065716981887817,-0.1267898678779602,-0.04746237080848914,-0.1929197907447815,-0.10234349966049194,-0.04017998706854087,-0.1569395661354065,-0.10059374570846558,-0.037544556523926076,-0.13781678676605225,-0.0824543833732605,-0.045502354021436986,-0.21816307306289673,-0.06495130062103271,-0.054942705299026784,-0.18944793939590454,-0.04118829965591431,-0.038720504011280354,-0.15674448013305664,-0.04133021831512451,-0.02949057389355403,-0.14487016201019287,-0.010158240795135498,-0.05089063253558379,-0.20858144760131836,-0.007662713527679443,-0.05535190981186133,-0.18170195817947388,0.007969081401824951,-0.039955009336836156,-0.15215080976486206,0.00880664587020874,-0.028935265357858952,skip forward
0.0,0.0,0.0,-0.022069573402404785,-0.099220871925354,0.007172071402919755,-0.0735282301902771,-0.19944262504577637,0.004596928162527547,-0.13380342721939087,-0.2635413408279419,0.0029674971290205576,-0.18729406595230103,-0.2631356716156006,-0.0005563822644489846,-0.11783140897750854,-0.21381869912147522,-0.031074982574182286,-0.22367829084396362,-0.2173713743686676,-0.04812589517791821,-0.2813800573348999,-0.2082195281982422,-0.05872840664346768,-0.32503175735473633,-0.2014980912208557,-0.06601143485863759,-0.12904542684555054,-0.15208423137664795,-0.041104464298086896,-0.22154343128204346,-0.12394440174102783,-0.05164268470366551,-0.19314581155776978,-0.10076314210891724,-0.04457410282452656,-0.1571689248085022,-0.09994304180145264,-0.0418938011582668,-0.13776665925979614,-0.08097690343856812,-0.048819603836136594,-0.21786916255950928,-0.061243653297424316,-0.059440033948021664,-0.18916720151901245,-0.03904920816421509,-0.04270752004345013,-0.1568196415901184,-0.04066556692123413,-0.03304623669941975,-0.14406049251556396,-0.008597135543823242,-0.05529062679966046,-0.20806777477264404,-0.003954827785491943,-0.06086734539826466,-0.1814950704574585,0.010635912418365479,-0.0457213245983894,-0.15226143598556519,0.010000467300415039,-0.03487055233676983,skip forward
0.0,0.0,0.0,-0.02024257183074951,-0.09833794832229614,0.007449969172085957,-0.07179242372512817,-0.19701474905014038,0.005826085328664021,-0.13140660524368286,-0.26049524545669556,0.005671275302375989,-0.18322116136550903,-0.2660658657550812,0.003916249133254723,-0.11563807725906372,-0.2131710946559906,-0.0333721763570054,-0.22216272354125977,-0.215731680393219,-0.0512264198739274,-0.28003454208374023,-0.20770496129989624,-0.06244726247379617,-0.3240419030189514,-0.20215880870819092,-0.07002034551689462,-0.12691521644592285,-0.1505422592163086,-0.04265624798128442,-0.21953541040420532,-0.12271350622177124,-0.05358711398432092,-0.19076210260391235,-0.10017633438110352,-0.04631286255309419,-0.1543794870376587,-0.09956586360931396,-0.043430832691882415,-0.13657087087631226,-0.07939326763153076,-0.049455245502684875,-0.2164994478225708,-0.06090611219406128,-0.061030854948256774,-0.187097430229187,-0.03827059268951416,-0.04446594930479364,-0.15386033058166504,-0.03962242603302002,-0.034508803405259414,-0.14383447170257568,-0.0073966383934021,-0.054762279160712524,-0.2064095139503479,-0.0037085413932800293,-0.061326534964535995,-0.17853999137878418,0.01121300458908081,-0.04640167719909982,-0.1485919952392578,0.010930776596069336,-0.03534117109367685,skip forward
0.0,0.0,0.0,-0.02077096700668335,-0.0997125506401062,0.0069846040308050306,-0.07222497463226318,-0.19878488779067993,0.005449869178193012,-0.1326981782913208,-0.26236820220947266,0.005358020283239284,-0.18565702438354492,-0.26773369312286377,0.0036909491493872792,-0.11710834503173828,-0.21524757146835327,-0.030581363968593678,-0.22352135181427002,-0.21777427196502686,-0.04700323150311192,-0.2815369963645935,-0.20942580699920654,-0.057271480120761,-0.3255223035812378,-0.20435115694999695,-0.06428822831068715,-0.12921357154846191,-0.15330398082733154,-0.039655435390812954,-0.2208796739578247,-0.12413609027862549,-0.04975037232790669,-0.1926954984664917,-0.10100984573364258,-0.042603943057400784,-0.15666836500167847,-0.10105210542678833,-0.03965275690708836,-0.13928157091140747,-0.08223050832748413,-0.04639828161154469,-0.2178139090538025,-0.062196552753448486,-0.05678413764391621,-0.18876785039901733,-0.03928929567337036,-0.04030258164559086,-0.15636879205703735,-0.04167395830154419,-0.030528977073771557,-0.1463795304298401,-0.010083377361297607,-0.051843236692292294,-0.20705705881118774,-0.0053501129150390625,-0.05720079273734768,-0.17944717407226562,0.009939193725585938,-0.04221963093434056,-0.15027016401290894,0.008754253387451172,-0.03116887018833836,skip forward
0.0,0.0,0.0,-0.02066934108734131,-0.1000673770904541,0.007450207577164747,-0.07102906703948975,-0.20093828439712524,0.0059434273029523865,-0.1311848759651184,-0.26582491397857666,0.0052898702892321126,-0.1851898431777954,-0.2646659314632416,0.0026212646375256554,-0.11709421873092651,-0.2155706286430359,-0.027594279057268523,-0.22191780805587769,-0.21996518969535828,-0.04277022138882103,-0.27937376499176025,-0.21212533116340637,-0.052427373385910414,-0.3227541446685791,-0.20748212933540344,-0.05929543033886375,-0.12897968292236328,-0.15543007850646973,-0.03725343898582878,-0.2192745804786682,-0.12549042701721191,-0.046761661327366255,-0.19170469045639038,-0.10162985324859619,-0.040078527784828566,-0.1563166379928589,-0.10088330507278442,-0.03759309605408134,-0.1379464864730835,-0.08470487594604492,-0.044613584435467146,-0.21588265895843506,-0.06330949068069458,-0.054111066765074156,-0.18732202053070068,-0.04026871919631958,-0.037718236005787276,-0.15533530712127686,-0.04202163219451904,-0.02839232005823078,-0.14398956298828125,-0.012083232402801514,-0.050767410105947874,-0.20508015155792236,-0.005525052547454834,-0.05559363544631424,-0.17818373441696167,0.009216010570526123,-0.040713924474005125,-0.14904481172561646,0.007744193077087402,-0.030007116055969618,skip forward
0.0,0.0,0.0,-0.020338475704193115,-0.10009801387786865,0.0075296582230919284,-0.07029616832733154,-0.2015133500099182,0.005759872453808157,-0.13055264949798584,-0.2654491066932678,0.0049205310219520015,-0.18523067235946655,-0.26373833417892456,0.0021987759550654573,-0.11676466464996338,-0.21519088745117188,-0.028628741898984345,-0.2213503122329712,-0.22032174468040466,-0.044964607381672295,-0.27862703800201416,-0.21056509017944336,-0.05534330340609017,-0.32144230604171753,-0.2036069929599762,-0.06249028029426995,-0.12804561853408813,-0.1541234850883484,-0.038538742387146385,-0.21960198879241943,-0.12471336126327515,-0.04860493498429719,-0.19145894050598145,-0.10072064399719238,-0.04188096108421746,-0.15579169988632202,-0.10013818740844727,-0.03948235841974679,-0.13694995641708374,-0.08326953649520874,-0.04621572377666894,-0.21640294790267944,-0.06192219257354736,-0.05611046361312333,-0.1869039535522461,-0.038945019245147705,-0.03939254912123147,-0.154555082321167,-0.04109865427017212,-0.02992635736748639,-0.14319485425949097,-0.011002540588378906,-0.05269334795460168,-0.20537418127059937,-0.004697024822235107,-0.057733162814230354,-0.17789411544799805,0.010459482669830322,-0.04269181522116128,-0.14867174625396729,0.008997142314910889,-0.031980782323927315,skip forward
0.0,0.0,0.0,-0.02147984504699707,-0.10075700283050537,0.007572124394982893,-0.07171511650085449,-0.20216742157936096,0.005575547608941633,-0.1325816512107849,-0.2654200792312622,0.00441935673302396,-0.18735182285308838,-0.2639726996421814,0.0013067357097042986,-0.11769139766693115,-0.21542951464653015,-0.027915330920905035,-0.22235214710235596,-0.2203497290611267,-0.0436841662419738,-0.2792701721191406,-0.21076929569244385,-0.053667858560174864,-0.3218006491661072,-0.20411348342895508,-0.06054775821098701,-0.12904542684555054,-0.1545114517211914,-0.03778497161397354,-0.2206290364265442,-0.12563633918762207,-0.047227409054130476,-0.19245272874832153,-0.10188299417495728,-0.04029022561439888,-0.1568564772605896,-0.10119712352752686,-0.037745841164678495,-0.13760429620742798,-0.08367997407913208,-0.04539999397525207,-0.21728652715682983,-0.06277406215667725,-0.054951649476379316,-0.18810784816741943,-0.04045957326889038,-0.03832171889075653,-0.1559494137763977,-0.042295634746551514,-0.028904177565664213,-0.14359277486801147,-0.01125800609588623,-0.05176957355865852,-0.20655721426010132,-0.006186544895172119,-0.05653994189628975,-0.17951637506484985,0.008291482925415039,-0.04138524117001907,-0.15049564838409424,0.007030785083770752,-0.030604128111690443,skip forward
0.0,0.0,0.0,-0.020955324172973633,-0.10064595937728882,0.008047805442970457,-0.0722152590751648,-0.20160704851150513,0.006288541756134691,-0.13303393125534058,-0.2652261257171631,0.005216780859541359,-0.1875300407409668,-0.2635011374950409,0.0020949312444145107,-0.11724680662155151,-0.2158656120300293,-0.027898680143493948,-0.2222893238067627,-0.22047528624534607,-0.04368701922192031,-0.27944105863571167,-0.21025705337524414,-0.05353562133802825,-0.3221847116947174,-0.20287340879440308,-0.06042242022647315,-0.12883174419403076,-0.15531450510025024,-0.03804884450926238,-0.22032225131988525,-0.12414544820785522,-0.04761995720161849,-0.19242417812347412,-0.10033529996871948,-0.04050166504873687,-0.1572626829147339,-0.10029304027557373,-0.03799710767759734,-0.13763117790222168,-0.08429783582687378,-0.04593839468850547,-0.2170630693435669,-0.061378538608551025,-0.0554014329840129,-0.1879136562347412,-0.038925230503082275,-0.03837177129878455,-0.15590840578079224,-0.041024744510650635,-0.028877330668706236,-0.14375406503677368,-0.011697590351104736,-0.052626114063400564,-0.20578265190124512,-0.004124462604522705,-0.05757968472732955,-0.17863482236862183,0.010533034801483154,-0.0425859835971778,-0.14976125955581665,0.008675217628479004,-0.031990103148359594,skip forward
0.0,0.0,0.0,-0.021568715572357178,-0.10006541013717651,0.008287148793158394,-0.07173359394073486,-0.20130640268325806,0.006228616704163414,-0.13184481859207153,-0.26527076959609985,0.004885088895377976,-0.18627256155014038,-0.26375898718833923,0.0014972856835697712,-0.11664485931396484,-0.21540620923042297,-0.028729120026412147,-0.2218349575996399,-0.22028160095214844,-0.04470977162856116,-0.2788565158843994,-0.210290789604187,-0.05477850487369551,-0.3218020796775818,-0.20327132940292358,-0.06188552057284369,-0.12788397073745728,-0.15479189157485962,-0.03917998423713698,-0.2199895977973938,-0.12423205375671387,-0.04874708851713194,-0.1918162703514099,-0.10031825304031372,-0.041761848832550186,-0.15645647048950195,-0.10010641813278198,-0.03952448418277754,-0.136430561542511,-0.0838358998298645,-0.04723070910114302,-0.21670061349868774,-0.061564087867736816,-0.05648117115634932,-0.18726348876953125,-0.038799822330474854,-0.039202008153381485,-0.15492689609527588,-0.04086911678314209,-0.0297227480812694,-0.14234358072280884,-0.011248588562011719,-0.054060023034992355,-0.20542007684707642,-0.004061281681060791,-0.058859858418884414,-0.17824476957321167,0.010674893856048584,-0.0435776074780847,-0.14916783571243286,0.008841931819915771,-0.03286409353751196,skip forward
0.0,0.0,0.0,-0.02163022756576538,-0.10009616613388062,0.00746678233252851,-0.07132798433303833,-0.2012045979499817,0.005140501056928315,-0.13124775886535645,-0.26461029052734375,0.003561418951619544,-0.18566805124282837,-0.2630390524864197,-4.486701374162294e-05,-0.11622202396392822,-0.21457397937774658,-0.028468973952215038,-0.221809983253479,-0.22026929259300232,-0.04421078042952331,-0.2790387272834778,-0.2113332450389862,-0.053885299729984126,-0.32202547788619995,-0.20498576760292053,-0.060680430400054775,-0.12759166955947876,-0.15465033054351807,-0.03862679378954681,-0.21952617168426514,-0.12445533275604248,-0.04855675252048286,-0.19137239456176758,-0.10065889358520508,-0.04174269365040573,-0.1558658480644226,-0.10029411315917969,-0.039311196672599635,-0.1362575888633728,-0.08394968509674072,-0.046483650821130595,-0.21611005067825317,-0.0615534782409668,-0.056314893084447704,-0.18684756755828857,-0.03892332315444946,-0.03935498373476776,-0.1547279953956604,-0.0409085750579834,-0.029743846523444972,-0.1424241065979004,-0.011150240898132324,-0.05316001178590568,-0.20531606674194336,-0.004183053970336914,-0.05847600476710113,-0.1782664656639099,0.01045161485671997,-0.04343743624059471,-0.149269700050354,0.009028255939483643,-0.03267183901635917,skip forward
0.0,0.0,0.0,-0.01971149444580078,-0.09874743223190308,0.006650779085873637,-0.06949567794799805,-0.2010250687599182,0.004026564924686227,-0.13047164678573608,-0.2651742398738861,0.002340120884298358,-0.1854737401008606,-0.2615519165992737,-0.0012318385609546567,-0.1154596209526062,-0.2136848270893097,-0.02952995322021934,-0.22044259309768677,-0.21987617015838623,-0.04636054656776878,-0.2778870463371277,-0.2106531858444214,-0.05710900373134109,-0.3208422064781189,-0.20348107814788818,-0.06454070455703231,-0.12716728448867798,-0.15316927433013916,-0.03918735853704902,-0.21826547384262085,-0.12361222505569458,-0.05014509133371803,-0.18976819515228271,-0.10051608085632324,-0.044031703689427104,-0.15416383743286133,-0.10003513097763062,-0.04195612467202636,-0.13618505001068115,-0.08272230625152588,-0.04662161118659469,-0.2149181365966797,-0.060620248317718506,-0.057325428196520534,-0.18520021438598633,-0.03814572095870972,-0.04098462484154197,-0.15263819694519043,-0.04023087024688721,-0.03162126041326019,-0.1431613564491272,-0.01092064380645752,-0.05289816654595825,-0.20394366979599,-0.004056990146636963,-0.058649400093884196,-0.17625951766967773,0.01150655746459961,-0.04407938740524742,-0.1471574902534485,0.010075569152832031,-0.03361032328876945,skip forward
0.0,0.0,0.0,-0.021184206008911133,-0.100242018699646,0.006278871860445179,-0.07214641571044922,-0.20306921005249023,0.0037402483393407238,-0.13309311866760254,-0.26677098870277405,0.002177104888573922,-0.18783819675445557,-0.2627621591091156,-0.0014230163543516028,-0.1168069839477539,-0.21783429384231567,-0.02895358733451303,-0.22239452600479126,-0.22181004285812378,-0.045053077559828125,-0.2803831696510315,-0.21235787868499756,-0.05502325452482637,-0.32349973917007446,-0.20613238215446472,-0.06193459935104784,-0.1279529333114624,-0.15805000066757202,-0.03842200867450174,-0.21979868412017822,-0.12549054622650146,-0.04871894947802957,-0.19211351871490479,-0.10059547424316406,-0.04209505922710832,-0.15708088874816895,-0.10017114877700806,-0.03957443840420183,-0.13679921627044678,-0.08739018440246582,-0.0457620748094314,-0.2167641520500183,-0.06369155645370483,-0.05636593110477861,-0.1878994107246399,-0.04006987810134888,-0.04024140692865785,-0.1559041142463684,-0.04181039333343506,-0.030866935547351204,-0.1435677409172058,-0.014432251453399658,-0.05196091316258844,-0.20602428913116455,-0.007893681526184082,-0.057945063035845124,-0.17919212579727173,0.007537722587585449,-0.0435502656511062,-0.15037935972213745,0.006731927394866943,-0.03302309073126253,skip forward
0.0,0.0,0.0,-0.021220743656158447,-0.09964412450790405,0.006251654727748246,-0.07152032852172852,-0.20270836353302002,0.003122505173450918,-0.13240927457809448,-0.2665257453918457,0.000771907647504122,-0.18767911195755005,-0.26158279180526733,-0.0036489096000877907,-0.11692595481872559,-0.21569833159446716,-0.02961211265028396,-0.22148603200912476,-0.22088992595672607,-0.04637811877728382,-0.2783336043357849,-0.2106485366821289,-0.05685733058453479,-0.3205036222934723,-0.20319020748138428,-0.06406704136134067,-0.1277955174446106,-0.15565592050552368,-0.039608260476597934,-0.21839362382888794,-0.12232577800750732,-0.049921652162083774,-0.19060200452804565,-0.09756946563720703,-0.043369306111344486,-0.15598255395889282,-0.09728133678436279,-0.041246833139666705,-0.1360376477241516,-0.08511638641357422,-0.0475332307159988,-0.21517640352249146,-0.060237348079681396,-0.057737344735869556,-0.18613594770431519,-0.03724104166030884,-0.04135667704940715,-0.15433228015899658,-0.03928595781326294,-0.032276602321871906,-0.14230358600616455,-0.012484371662139893,-0.05443519526124874,-0.20420491695404053,-0.004288315773010254,-0.06017063357830921,-0.1771831512451172,0.01075887680053711,-0.04563351147771755,-0.148420512676239,0.009589970111846924,-0.03527280860544124,skip forward
0.0,0.0,0.0,-0.0009828805923461914,-0.09896677732467651,0.007801925762407791,-0.022701144218444824,-0.17615485191345215,0.0064474111412096136,-0.037482500076293945,-0.2451830506324768,0.003490541594885599,-0.037194013595581055,-0.29942238330841064,0.00015460362084240842,-0.10192418098449707,-0.18325847387313843,0.006241425405107748,-0.17483091354370117,-0.2042641043663025,0.00950196804370762,-0.20656591653823853,-0.21143382787704468,0.012207536491416704,-0.22272467613220215,-0.21551752090454102,0.014931392389200937,-0.12390026450157166,-0.13495665788650513,0.001342780887000572,-0.19578850269317627,-0.16013944149017334,0.010176456997953665,-0.21831998229026794,-0.17020153999328613,0.01819591829445244,-0.2268139123916626,-0.18152159452438354,0.023604661690853845,-0.1374184787273407,-0.08395862579345703,-0.00289086857918619,-0.19933170080184937,-0.11428117752075195,0.00652860058363558,-0.21928852796554565,-0.1309126615524292,0.017776173072718393,-0.22755029797554016,-0.14501464366912842,0.024369808378480684,-0.14400288462638855,-0.035649120807647705,-0.007029937581307877,-0.19008997082710266,-0.07122564315795898,0.0030047986645627134,-0.2057952880859375,-0.09059959650039673,0.015514201949201833,-0.21489346027374268,-0.10786157846450806,0.02510943123962761,mute
0.0,0.0,0.0,-0.0009443759918212891,-0.09910851716995239,0.006962553070721356,-0.02393949031829834,-0.17615675926208496,0.0058153275715682184,-0.03970372676849365,-0.24683403968811035,0.00326210137815508,-0.03952598571777344,-0.30241164565086365,0.000378639608484832,-0.1030130386352539,-0.182140052318573,0.007750628920135227,-0.1754852533340454,-0.20418810844421387,0.012139769675073353,-0.20777082443237305,-0.21118736267089844,0.014888224596020905,-0.22487729787826538,-0.21519523859024048,0.017318476395544735,-0.1251610517501831,-0.133775532245636,0.003636376172167388,-0.19636711478233337,-0.1596730351448059,0.014227377654847828,-0.21966040134429932,-0.16998761892318726,0.022141565041479794,-0.22955799102783203,-0.1815810203552246,0.026981801198658673,-0.13851279020309448,-0.0826459527015686,3.8454189294157004e-05,-0.1996188461780548,-0.11300557851791382,0.010779484579202858,-0.2202536165714264,-0.12984317541122437,0.02145742106610271,-0.22953498363494873,-0.14390820264816284,0.027163710849222866,-0.1446714699268341,-0.034519314765930176,-0.0035843784605589235,-0.18973243236541748,-0.06944406032562256,0.007775119909879891,-0.20498603582382202,-0.08842766284942627,0.020347420530256954,-0.21410641074180603,-0.10547125339508057,0.029543376000461308,mute
0.0,0.0,0.0,-0.0019484758377075195,-0.09850454330444336,0.007735625575321592,-0.02433675527572632,-0.17526239156723022,0.006526360954183019,-0.039830684661865234,-0.24444684386253357,0.003761076335820235,-0.03907674551010132,-0.2989824712276459,0.0005348330270749102,-0.10266965627670288,-0.18203312158584595,0.00693540947048632,-0.17501917481422424,-0.20315569639205933,0.010855335476833261,-0.20750975608825684,-0.2099035382270813,0.013647172334628976,-0.22479522228240967,-0.21394306421279907,0.016169965001779474,-0.12452155351638794,-0.1336612105369568,0.0020725272735830913,-0.19603374600410461,-0.15926098823547363,0.011593032362895883,-0.2195243239402771,-0.1696116328239441,0.019469396877127565,-0.2293439507484436,-0.18149417638778687,0.024537656190830148,-0.1377999484539032,-0.0825837254524231,-0.0021399311115715136,-0.1998145580291748,-0.11350148916244507,0.00747830720155207,-0.22037094831466675,-0.13065505027770996,0.018244987088280595,-0.22958946228027344,-0.145433247089386,0.024347031223612703,-0.14430630207061768,-0.034243106842041016,-0.006242703911823355,-0.1909170150756836,-0.07021462917327881,0.003639266793641127,-0.2069827914237976,-0.08976078033447266,0.015780502664881624,-0.21680983901023865,-0.10770589113235474,0.024988040062623895,mute
0.0,0.0,0.0,-0.0008868575096130371,-0.09771281480789185,0.00791899437894017,-0.023792564868927002,-0.1751476526260376,0.0077180773659506485,-0.03940087556838989,-0.24533569812774658,0.006037460145250861,-0.03890103101730347,-0.2999374270439148,0.004086026427046363,-0.10384863615036011,-0.1824347972869873,0.008826852281288211,-0.17597725987434387,-0.20387506484985352,0.013722773146525924,-0.2080094814300537,-0.21117103099822998,0.01726066457916886,-0.22454902529716492,-0.21545088291168213,0.020406020310417716,-0.1255127191543579,-0.13438481092453003,0.004596686427191798,-0.19610118865966797,-0.16020113229751587,0.015086558152631824,-0.2194596529006958,-0.17076683044433594,0.023770652216569488,-0.22890174388885498,-0.1825810670852661,0.029590112593666618,-0.1384108066558838,-0.08357411623001099,0.0008846609561601326,-0.1992436647415161,-0.11388951539993286,0.011092984554068153,-0.22002413868904114,-0.13095802068710327,0.02214367451955468,-0.22918662428855896,-0.14560234546661377,0.02866048502613694,-0.14469033479690552,-0.03550177812576294,-0.002746582758902605,-0.19028973579406738,-0.07030534744262695,0.007925854501024787,-0.20674514770507812,-0.08943736553192139,0.020134102058307235,-0.21686986088752747,-0.10711365938186646,0.029456305754081313,mute
0.0,0.0,0.0,-0.001298069953918457,-0.09713500738143921,0.008538464015202862,-0.023865163326263428,-0.1747010350227356,0.008000183781462056,-0.03922480344772339,-0.24397173523902893,0.005872604833768946,-0.038293540477752686,-0.29879695177078247,0.003306589253099901,-0.1025581955909729,-0.1824062466621399,0.007649586001264197,-0.17574751377105713,-0.20371580123901367,0.011809077976124627,-0.20810472965240479,-0.21078479290008545,0.014937019837873322,-0.2247636318206787,-0.21512097120285034,0.017868050305025918,-0.1246379017829895,-0.13446784019470215,0.0029021677801779333,-0.1966489553451538,-0.1593010425567627,0.012851529685633523,-0.2196395993232727,-0.16920685768127441,0.02136165734924589,-0.22801905870437622,-0.18093377351760864,0.026981835184471947,-0.13813170790672302,-0.08357656002044678,-0.0011694541425981697,-0.19987595081329346,-0.11341744661331177,0.009159617056923253,-0.22020849585533142,-0.12997955083847046,0.02050367270209108,-0.2284388244152069,-0.14478498697280884,0.02702344108917032,-0.14494743943214417,-0.035265982151031494,-0.005104894818884986,-0.19083276391029358,-0.07007521390914917,0.005933791329937321,-0.20675519108772278,-0.08924037218093872,0.018584175897615296,-0.21599256992340088,-0.106972336769104,0.028072836739795548,mute
0.0,0.0,0.0,-0.0019009709358215332,-0.09783923625946045,0.006969047725021937,-0.025058090686798096,-0.17548096179962158,0.005807741559863189,-0.040335237979888916,-0.24568873643875122,0.0032458587231189995,-0.039631009101867676,-0.30058369040489197,0.00031863320344882595,-0.10318011045455933,-0.1823161244392395,0.007122400697141984,-0.17576581239700317,-0.2033650279045105,0.010981467567205527,-0.2083522379398346,-0.21031934022903442,0.013548979550421336,-0.22557514905929565,-0.21453744173049927,0.015946951709508994,-0.12504208087921143,-0.13396286964416504,0.00275301119853566,-0.19655457139015198,-0.1590065360069275,0.012270765393793681,-0.21976470947265625,-0.16924864053726196,0.020003198660731414,-0.22899538278579712,-0.18098217248916626,0.025001275367856124,-0.13843941688537598,-0.08289283514022827,-0.0011248815424664826,-0.19997638463974,-0.11311459541320801,0.0085839675886632,-0.2205885946750641,-0.1302451491355896,0.019055613331318,-0.229575514793396,-0.14498615264892578,0.02493336891365061,-0.14524364471435547,-0.034872472286224365,-0.005002938196241757,-0.19055825471878052,-0.07022583484649658,0.005342675387680629,-0.20583057403564453,-0.08967733383178711,0.0174802011026145,-0.2147235870361328,-0.10768061876296997,0.026570911533951858,mute
0.0,0.0,0.0,-0.002354919910430908,-0.09831172227859497,0.007733019454676082,-0.025075912475585938,-0.17521125078201294,0.006629105577516725,-0.040617942810058594,-0.24499887228012085,0.004098684447157552,-0.0394207239151001,-0.3001294434070587,0.0011155155154796148,-0.10260048508644104,-0.18137723207473755,0.006632514218139818,-0.1751335859298706,-0.20288002490997314,0.010887849064815214,-0.20724117755889893,-0.20955508947372437,0.01395816999887245,-0.22420167922973633,-0.21339166164398193,0.016694911675799062,-0.12441092729568481,-0.13287347555160522,0.0020938945601614023,-0.19544470310211182,-0.1587556004524231,0.0121386190078141,-0.2191992998123169,-0.16883474588394165,0.0202521783432843,-0.22913533449172974,-0.17982834577560425,0.025388835849511793,-0.13757827877998352,-0.08169066905975342,-0.0017551463895557617,-0.19854289293289185,-0.11217504739761353,0.008676799865710905,-0.21977603435516357,-0.12906324863433838,0.01934100772653835,-0.2296661138534546,-0.14328938722610474,0.025146524342048338,-0.14409220218658447,-0.03356713056564331,-0.005498390724611113,-0.18971681594848633,-0.06824910640716553,0.005442281173813512,-0.20596927404403687,-0.08730459213256836,0.017667424785244634,-0.21616968512535095,-0.10481643676757812,0.026690834122049978,mute
0.0,0.0,0.0,-0.001773059368133545,-0.09885430335998535,0.008500279139298073,-0.02469921112060547,-0.17577826976776123,0.007929874795991054,-0.04086041450500488,-0.24529197812080383,0.005782507106232515,-0.040594518184661865,-0.299879252910614,0.003205943133252731,-0.10353374481201172,-0.1817394495010376,0.0076077321800767095,-0.17557966709136963,-0.2025620937347412,0.01235996114792215,-0.20740953087806702,-0.20905935764312744,0.015940839636641613,-0.22403359413146973,-0.21268105506896973,0.01896053387554275,-0.12509003281593323,-0.13329088687896729,0.002695648910048476,-0.19617915153503418,-0.15845942497253418,0.012785769279616943,-0.21991699934005737,-0.16840070486068726,0.02105323991509067,-0.2299187183380127,-0.1797594428062439,0.026320686775761715,-0.1379741132259369,-0.08199787139892578,-0.0014707806030855863,-0.19945815205574036,-0.11186432838439941,0.008639726999717823,-0.22055771946907043,-0.1285771131515503,0.01939175857933151,-0.23021766543388367,-0.14280211925506592,0.02537748797567474,-0.14395606517791748,-0.03329676389694214,-0.005443638910037407,-0.19033655524253845,-0.06768196821212769,0.005098396658468118,-0.20687150955200195,-0.08633643388748169,0.01725220328899013,-0.21717628836631775,-0.10348844528198242,0.026311021510082355,mute
0.0,0.0,0.0,-0.002175629138946533,-0.09815841913223267,0.007463861094052504,-0.024580180644989014,-0.17573529481887817,0.005883660935992907,-0.04003971815109253,-0.2453564703464508,0.002794318436841081,-0.040489017963409424,-0.30005544424057007,-0.000671274366126795,-0.10296094417572021,-0.18130826950073242,0.005225679208720635,-0.17621183395385742,-0.20211100578308105,0.00857503090539069,-0.20812445878982544,-0.2090131640434265,0.011675217491770695,-0.22439658641815186,-0.21319150924682617,0.014615875971699666,-0.12461197376251221,-0.13296294212341309,0.000324255333012502,-0.19690513610839844,-0.1584189534187317,0.009001424838984917,-0.2203693687915802,-0.16899633407592773,0.01725097217151017,-0.22960326075553894,-0.18106460571289062,0.022846646909798096,-0.13781186938285828,-0.08198398351669312,-0.003907527006035139,-0.2002151608467102,-0.11233013868331909,0.005135871772850464,-0.22088056802749634,-0.1293664574623108,0.01641731180735917,-0.22974035143852234,-0.14420920610427856,0.023129253019774865,-0.14434915781021118,-0.03341507911682129,-0.008057070593153526,-0.191386878490448,-0.06866848468780518,0.00158532727529348,-0.20798957347869873,-0.08789390325546265,0.013895653491104554,-0.21810168027877808,-0.10567760467529297,0.023396984045589875,mute
0.0,0.0,0.0,-0.0018469691276550293,-0.09831070899963379,0.00810856711692054,-0.024001121520996094,-0.1751950979232788,0.007293486638133118,-0.03923135995864868,-0.243735671043396,0.004916852010552475,-0.039031028747558594,-0.2980090081691742,0.002090431653101632,-0.10237020254135132,-0.18165236711502075,0.007180933045361826,-0.17520415782928467,-0.20243042707443237,0.010963185360793659,-0.2075212597846985,-0.20909076929092407,0.013665678581361362,-0.224124014377594,-0.21309924125671387,0.01621161740845878,-0.12443265318870544,-0.13305050134658813,0.0023246339020772666,-0.19637241959571838,-0.1579580307006836,0.011853799825672695,-0.21939381957054138,-0.16810649633407593,0.01993735101646621,-0.22801581025123596,-0.17996186017990112,0.0251646001321717,-0.13776785135269165,-0.08187800645828247,-0.0019022892032296568,-0.20000922679901123,-0.1123763918876648,0.007775087511305401,-0.22033554315567017,-0.12904155254364014,0.01871146601266105,-0.22873276472091675,-0.14378505945205688,0.024953357545797417,-0.1441763937473297,-0.03384369611740112,-0.005987595630671194,-0.19072982668876648,-0.06930112838745117,0.004165433483336756,-0.20664915442466736,-0.08846372365951538,0.016493018387023994,-0.21587219834327698,-0.10622507333755493,0.02579580586976249,mute
0.0,0.0,0.0,-0.001910567283630371,-0.09817004203796387,0.008578794477728025,-0.025017499923706055,-0.17510771751403809,0.008040067209151402,-0.041194140911102295,-0.2438022792339325,0.006017343541827813,-0.04102814197540283,-0.29819196462631226,0.0035542584305972014,-0.10313311219215393,-0.18199747800827026,0.006347306007739917,-0.17659732699394226,-0.20306074619293213,0.010714039607194081,-0.20879751443862915,-0.2101483941078186,0.014429881638136521,-0.22542208433151245,-0.214344322681427,0.01772954913809599,-0.12472009658813477,-0.1336115598678589,0.0014936626471921954,-0.1971617341041565,-0.15877819061279297,0.011329872934368268,-0.2203735113143921,-0.16904407739639282,0.020255694566515103,-0.22904816269874573,-0.18040567636489868,0.026200119806674138,-0.13780319690704346,-0.08223080635070801,-0.002567780734750613,-0.19996881484985352,-0.11244535446166992,0.00754211603685917,-0.22072085738182068,-0.12931764125823975,0.019033028213527814,-0.2295646071434021,-0.14351874589920044,0.02564629766180815,-0.1441398561000824,-0.033459365367889404,-0.006427059946361169,-0.19055941700935364,-0.06821268796920776,0.004233881766197101,-0.20654606819152832,-0.08718222379684448,0.016851326851394788,-0.21611294150352478,-0.10438978672027588,0.026331307767179624,mute
0.0,0.0,0.0,-0.0025333166122436523,-0.09697890281677246,0.009763772805811755,-0.026176154613494873,-0.1740783452987671,0.009786676821889273,-0.042266666889190674,-0.242792546749115,0.007993962822141043,-0.0418434739112854,-0.29705536365509033,0.00570067038911759,-0.10402727127075195,-0.1819964051246643,0.00794499760645806,-0.17833638191223145,-0.20295357704162598,0.012312409674407832,-0.2105514407157898,-0.21025359630584717,0.01592328792590081,-0.2271079123020172,-0.21485882997512817,0.019170224873008124,-0.1253761351108551,-0.13424599170684814,0.0023667642116862453,-0.19865640997886658,-0.15914320945739746,0.012183372137727133,-0.22169187664985657,-0.16939711570739746,0.02113437673229157,-0.2302584946155548,-0.18119961023330688,0.027141491157593123,-0.13868820667266846,-0.08316981792449951,-0.0024109762426149928,-0.20168808102607727,-0.11362862586975098,0.007621635423632256,-0.22202110290527344,-0.13026666641235352,0.01945823637920796,-0.2304883599281311,-0.14459866285324097,0.026382705403150908,-0.14553362131118774,-0.03431272506713867,-0.006939959505913862,-0.19294333457946777,-0.06990939378738403,0.0033692095630186714,-0.20886707305908203,-0.08911550045013428,0.016106404570521704,-0.2182771861553192,-0.1066046953201294,0.025792584029616705,mute
0.0,0.0,0.0,-0.002810239791870117,-0.09761691093444824,0.010085046802856823,-0.026113688945770264,-0.17452514171600342,0.010294206020631691,-0.04154789447784424,-0.24287950992584229,0.008654455234506031,-0.04055577516555786,-0.29667872190475464,0.0063792984459780655,-0.10445168614387512,-0.1820334792137146,0.0081677013535284,-0.17807480692863464,-0.20289301872253418,0.012568248947360416,-0.20981764793395996,-0.20938557386398315,0.015958179299929043,-0.22611844539642334,-0.21297675371170044,0.019000638787844082,-0.12586230039596558,-0.13409137725830078,0.002468980428972145,-0.1984425187110901,-0.15874284505844116,0.012456307699181934,-0.22118282318115234,-0.16812145709991455,0.02097198418269386,-0.2295040488243103,-0.1785982847213745,0.026480727409222027,-0.1390019953250885,-0.0826946496963501,-0.0023784872151679792,-0.20167407393455505,-0.11278975009918213,0.007772001483687063,-0.22174286842346191,-0.1289927363395691,0.018959651281335255,-0.23005065321922302,-0.14256441593170166,0.02526665716359844,-0.1454751193523407,-0.03357976675033569,-0.006891957904002766,-0.1926240622997284,-0.06873214244842529,0.003485177922271987,-0.20802897214889526,-0.08782923221588135,0.015922975306608578,-0.21693027019500732,-0.10506170988082886,0.02523773028443088,mute
0.0,0.0,0.0,-0.0033179521560668945,-0.0974113941192627,0.009528497708117811,-0.026471376419067383,-0.17409414052963257,0.009339856457984297,-0.04171067476272583,-0.24207442998886108,0.0074343760582564755,-0.041604697704315186,-0.2956273555755615,0.00496813842011079,-0.10454148054122925,-0.18111473321914673,0.006847507794475405,-0.1788298785686493,-0.20189368724822998,0.010747300935065596,-0.21078962087631226,-0.20862847566604614,0.014074641754007189,-0.2271815538406372,-0.21268272399902344,0.017205616002058832,-0.12587183713912964,-0.13279223442077637,0.0013483228479458376,-0.19923317432403564,-0.1579437255859375,0.010786886801099627,-0.22209972143173218,-0.1682957410812378,0.019455292736267893,-0.2302839159965515,-0.1797122359275818,0.02525998233733162,-0.1388879120349884,-0.08133053779602051,-0.0033041811463476733,-0.20210155844688416,-0.11148297786712646,0.006425303415483086,-0.22230112552642822,-0.1283779740333557,0.017922337641095964,-0.23043888807296753,-0.1428014039993286,0.02464197902855858,-0.1452261507511139,-0.03232228755950928,-0.007662972426885517,-0.19265401363372803,-0.06747031211853027,0.002435449286451785,-0.2081747055053711,-0.08690255880355835,0.01506543206897959,-0.2169971466064453,-0.10464608669281006,0.024687572856521456,mute
0.0,0.0,0.0,-0.0029039978981018066,-0.09840661287307739,0.010036721553163375,-0.025275826454162598,-0.17560690641403198,0.009894418257729853,-0.040805280208587646,-0.24338030815124512,0.007853794570522155,-0.04077327251434326,-0.29728245735168457,0.005159850891189421,-0.1034000813961029,-0.18240582942962646,0.007638975705461348,-0.17725366353988647,-0.2029840350151062,0.011606313947098101,-0.20879432559013367,-0.2093403935432434,0.014888862806813563,-0.22466689348220825,-0.21301257610321045,0.01791987261499628,-0.12484034895896912,-0.1337982416152954,0.0016031966847123158,-0.19776883721351624,-0.15903842449188232,0.01096670767988428,-0.2204945981502533,-0.16915416717529297,0.019215373981253947,-0.2286846935749054,-0.18015992641448975,0.024592171150700892,-0.1378958523273468,-0.08212786912918091,-0.0035733178188337433,-0.20118990540504456,-0.11303073167800903,0.005728994689391698,-0.22120460867881775,-0.1301613450050354,0.01687806351806387,-0.22939172387123108,-0.14470797777175903,0.02330142884279951,-0.14422523975372314,-0.03298455476760864,-0.008370567385597383,-0.19189369678497314,-0.06925421953201294,0.0012323712766857398,-0.20725786685943604,-0.08935004472732544,0.01369892499174341,-0.21616685390472412,-0.1077074408531189,0.023142804119245852,mute
0.0,0.0,0.0,-0.003414750099182129,-0.09704428911209106,0.00865773223971189,-0.026776492595672607,-0.17372047901153564,0.007967375411439548,-0.04224872589111328,-0.24223661422729492,0.005626954796511541,-0.0418434739112854,-0.2965630888938904,0.002688134980175505,-0.10489371418952942,-0.18044602870941162,0.006884940626818548,-0.17858874797821045,-0.2010999321937561,0.010771821445572982,-0.2107524871826172,-0.20775651931762695,0.013627669966567169,-0.22774556279182434,-0.21184182167053223,0.016160783550489555,-0.1262328028678894,-0.13215112686157227,0.001458451810080419,-0.19869396090507507,-0.15658420324325562,0.011035944527733932,-0.22164273262023926,-0.1664867401123047,0.019047134748447547,-0.23051732778549194,-0.17797917127609253,0.024015358841765533,-0.13929012417793274,-0.0804891586303711,-0.0032714938681834838,-0.20201042294502258,-0.11033892631530762,0.0063086610350495675,-0.22234302759170532,-0.12701159715652466,0.01705908142660917,-0.23103615641593933,-0.1417587399482727,0.022941687336910377,-0.14572209119796753,-0.031330764293670654,-0.007800348376136412,-0.1927114725112915,-0.06648111343383789,0.001867037342648814,-0.2082003951072693,-0.08565723896026611,0.013912804617334018,-0.21735745668411255,-0.10358625650405884,0.022885398200500617,mute
0.0,0.0,0.0,-0.0031778812408447266,-0.09709656238555908,0.009196889361433591,-0.025498688220977783,-0.17431640625,0.008346004186265077,-0.03994172811508179,-0.24249348044395447,0.005587989704750385,-0.039245784282684326,-0.2961880564689636,0.0022235170547588723,-0.10395562648773193,-0.18138015270233154,0.006708637120269145,-0.17703258991241455,-0.2020047903060913,0.00951434556215247,-0.2086092233657837,-0.20863527059555054,0.011908481603555288,-0.22470146417617798,-0.21287453174591064,0.014389801545135583,-0.1251714825630188,-0.13320499658584595,0.0007909631315357046,-0.19718343019485474,-0.15780484676361084,0.008949960356645192,-0.2202579379081726,-0.1681191325187683,0.016461104860596265,-0.229214608669281,-0.1803341507911682,0.02146186191409072,-0.13813826441764832,-0.0818907618522644,-0.0043658872525469405,-0.2002803087234497,-0.11161381006240845,0.004220799783311691,-0.22072148323059082,-0.128817617893219,0.015105998849563207,-0.2293393313884735,-0.14435029029846191,0.021526247968964185,-0.1444922685623169,-0.03259187936782837,-0.009268513174660598,-0.19171518087387085,-0.06765586137771606,-4.891890725389203e-06,-0.2081051468849182,-0.08747720718383789,0.012251437416367139,-0.21784698963165283,-0.10612243413925171,0.02168783616095027,mute
0.0,0.0,0.0,-0.003326416015625,-0.09804695844650269,0.008461141716196607,-0.027024567127227783,-0.17554819583892822,0.007836598660304617,-0.042369544506073,-0.2449251413345337,0.005435979216798614,-0.04253441095352173,-0.29946696758270264,0.0025005678082550276,-0.10616210103034973,-0.18210065364837646,0.008704329598202776,-0.17799469828605652,-0.20181429386138916,0.012724979537978243,-0.2099081575870514,-0.2082597017288208,0.015214975680663656,-0.2268938422203064,-0.2123037576675415,0.017448279764010977,-0.1273619830608368,-0.133761465549469,0.003230575229480337,-0.19808223843574524,-0.1573338508605957,0.012769339363529753,-0.22119301557540894,-0.1672493815422058,0.020267212520792555,-0.2307026982307434,-0.17869716882705688,0.02498211501116998,-0.1401844024658203,-0.08195251226425171,-0.0016915759868254554,-0.20156538486480713,-0.1113961935043335,0.007639217413469623,-0.2218906283378601,-0.12812983989715576,0.018265865500524114,-0.23091524839401245,-0.1428530216217041,0.024283548574402403,-0.14623621106147766,-0.03235018253326416,-0.00648517465268128,-0.19270572066307068,-0.06742280721664429,0.003124656378730606,-0.2081875503063202,-0.08677506446838379,0.015324326920762132,-0.2174014151096344,-0.10492885112762451,0.02456564804489858,mute
0.0,0.0,0.0,-0.0032582879066467285,-0.09651178121566772,0.010608143211157994,-0.025488078594207764,-0.17350119352340698,0.010761836581679063,-0.03976321220397949,-0.2414873242378235,0.008942152411492543,-0.037838101387023926,-0.2952982187271118,0.006450825408848004,-0.10374221205711365,-0.18140774965286255,0.007890230082722383,-0.17763882875442505,-0.20271074771881104,0.011912684925647454,-0.20969995856285095,-0.20946049690246582,0.015283024907859044,-0.22602742910385132,-0.21392494440078735,0.018409531601520257,-0.12494269013404846,-0.13346970081329346,0.0019184666832927633,-0.197645902633667,-0.15821737051010132,0.011408987493069844,-0.2211117148399353,-0.16823148727416992,0.01991064664051123,-0.2297176718711853,-0.17999356985092163,0.025542266704889016,-0.13765734434127808,-0.0823899507522583,-0.0031392618168126774,-0.20018187165260315,-0.11220657825469971,0.0065786852881331015,-0.22097989916801453,-0.1289098858833313,0.0177993178747613,-0.22959402203559875,-0.14401686191558838,0.024326043241472917,-0.14394134283065796,-0.033665478229522705,-0.00781367529108934,-0.191468745470047,-0.06870687007904053,0.002170173023642974,-0.20830383896827698,-0.087948739528656,0.01444675497785397,-0.21842306852340698,-0.10601609945297241,0.023818722032757478,mute
0.0,0.0,0.0,-0.0038442015647888184,-0.09722989797592163,0.009099219090998645,-0.02639847993850708,-0.174848735332489,0.008337785586476798,-0.04046058654785156,-0.24354985356330872,0.005904048312217469,-0.03911930322647095,-0.29787755012512207,0.0028780431987200927,-0.10394138097763062,-0.18124234676361084,0.00600481462082314,-0.1781080663204193,-0.2017558217048645,0.009746752775967593,-0.21018213033676147,-0.20840537548065186,0.013032845318079467,-0.22647729516029358,-0.21250927448272705,0.016142954215169425,-0.12544161081314087,-0.13300931453704834,0.0006516244413745653,-0.19834905862808228,-0.15764570236206055,0.010315793663025374,-0.22071313858032227,-0.167533278465271,0.01908447137451219,-0.2279791235923767,-0.17878472805023193,0.024798317909002776,-0.13861411809921265,-0.08174902200698853,-0.003856860470264678,-0.2013896107673645,-0.11141282320022583,0.006221673082322354,-0.2211645543575287,-0.12796920537948608,0.01791640473878431,-0.2283465564250946,-0.1425350308418274,0.0245724069920783,-0.14525064826011658,-0.032925426959991455,-0.008149531573295121,-0.19197311997413635,-0.0679323673248291,0.002126843532309408,-0.20744016766548157,-0.08744776248931885,0.014774995952606673,-0.21609851717948914,-0.10559934377670288,0.0243131286499505,mute
0.0,0.0,0.0,-0.0031847357749938965,-0.09762591123580933,0.009313508076871813,-0.02605736255645752,-0.1750861406326294,0.009078760771359384,-0.04033392667770386,-0.24320939183235168,0.0070394823796107175,-0.038897156715393066,-0.296172559261322,0.004374241596366346,-0.10358649492263794,-0.18190819025039673,0.0069671060427083376,-0.1771067976951599,-0.20190280675888062,0.010467720357979715,-0.20931550860404968,-0.20844393968582153,0.013168906001652658,-0.22597438097000122,-0.2123192548751831,0.015830974234546602,-0.124930739402771,-0.13324379920959473,0.0014296655080272558,-0.19746315479278564,-0.15759503841400146,0.010658789566065252,-0.21999222040176392,-0.1673048734664917,0.018834092794264734,-0.22784602642059326,-0.17810457944869995,0.024213657854403436,-0.13797929883003235,-0.08203089237213135,-0.003303501615022242,-0.200630784034729,-0.1121174693107605,0.006216742703969658,-0.22037944197654724,-0.12866729497909546,0.017313049314822138,-0.2280339002609253,-0.14278638362884521,0.023713967902864397,-0.1444370150566101,-0.033697307109832764,-0.007792549533490956,-0.19102734327316284,-0.06963050365447998,0.0019827798477365377,-0.20604082942008972,-0.0891573429107666,0.0144148787020697,-0.21442514657974243,-0.10679829120635986,0.02388633522232908,mute
0.0,0.0,0.0,-0.0028297901153564453,-0.09739315509796143,0.007772914673537912,-0.025449514389038086,-0.17515242099761963,0.006653120815158786,-0.03974193334579468,-0.2445680797100067,0.004073892328293027,-0.03830909729003906,-0.29881590604782104,0.001012732814402284,-0.10260829329490662,-0.18193060159683228,0.0054400158853837866,-0.17717105150222778,-0.20182043313980103,0.009128943625242414,-0.20995879173278809,-0.2085402011871338,0.01217683644905776,-0.22674071788787842,-0.212751567363739,0.015072271767408552,-0.124504953622818,-0.13320595026016235,0.0008301377104231733,-0.1976618468761444,-0.15762537717819214,0.010478296856732072,-0.2204408049583435,-0.16757190227508545,0.018988158162088098,-0.22834789752960205,-0.17918330430984497,0.024515607933849992,-0.13803166151046753,-0.08225494623184204,-0.0030663338682046515,-0.2010006308555603,-0.11240512132644653,0.006988391354084911,-0.22110873460769653,-0.12912070751190186,0.01813649533256978,-0.228744775056839,-0.14372169971466064,0.02439993767008275,-0.14498969912528992,-0.03432875871658325,-0.006871009637265502,-0.19133254885673523,-0.07010054588317871,0.0033424974692621845,-0.2067711353302002,-0.08959949016571045,0.015617021899075212,-0.2154969871044159,-0.10741192102432251,0.024866193141193094,mute
0.0,0.0,0.0,-0.002243220806121826,-0.09793967008590698,0.007895559163202392,-0.025028228759765625,-0.17515724897384644,0.007131551948745596,-0.03883594274520874,-0.2439786195755005,0.004892328844775307,-0.03653454780578613,-0.297759085893631,0.0020650791445717687,-0.10298720002174377,-0.18229615688323975,0.0058928417017654056,-0.1768016815185547,-0.20269066095352173,0.009410285481621372,-0.2088170051574707,-0.20981156826019287,0.011781429031302082,-0.22533822059631348,-0.2144508957862854,0.014092790984918224,-0.12458279728889465,-0.13310623168945312,0.0012646183347300166,-0.19696131348609924,-0.15769702196121216,0.01103517049681102,-0.21970775723457336,-0.1683645248413086,0.0189026418117777,-0.22768455743789673,-0.18008649349212646,0.023747579285313236,-0.1375769078731537,-0.08194887638092041,-0.0026935191383614665,-0.199543297290802,-0.11199790239334106,0.007229216021855223,-0.2203008532524109,-0.129389226436615,0.017301221468855488,-0.22889059782028198,-0.14437848329544067,0.022708143198300945,-0.14403218030929565,-0.034572720527648926,-0.006494876837919605,-0.18982642889022827,-0.06995612382888794,0.0035820001246378297,-0.20550769567489624,-0.08906280994415283,0.015267217622508156,-0.21470364928245544,-0.10653150081634521,0.023940320217420208,mute
0.0,0.0,0.0,-0.0028403401374816895,-0.09717005491256714,0.008117412994124606,-0.026091039180755615,-0.17450273036956787,0.007585123492845014,-0.04046916961669922,-0.2439223825931549,0.005636491192944959,-0.03888005018234253,-0.2981988191604614,0.0032468953490933927,-0.10458219051361084,-0.18109506368637085,0.007290447442301229,-0.17806875705718994,-0.20166730880737305,0.011915066125311569,-0.21005988121032715,-0.20876777172088623,0.015158086860992626,-0.22670316696166992,-0.2131686806678772,0.018052754769541934,-0.12614446878433228,-0.13259470462799072,0.0028315133736214193,-0.19814467430114746,-0.15742146968841553,0.01356256365261288,-0.2206973433494568,-0.1676754355430603,0.022042589107968524,-0.22888129949569702,-0.17885750532150269,0.027384977633573726,-0.13922950625419617,-0.0815240740776062,-0.0009260592428290693,-0.20111671090126038,-0.11147534847259521,0.00990257303647013,-0.22100034356117249,-0.1282891035079956,0.020863616684891895,-0.2289530634880066,-0.1423128843307495,0.026879139090397075,-0.14570662379264832,-0.03336954116821289,-0.00456451966010718,-0.19150853157043457,-0.06836283206939697,0.0064081501536747965,-0.2063206136226654,-0.08740192651748657,0.01887041873715134,-0.2147413194179535,-0.10464423894882202,0.028128690863468364,mute
0.0,0.0,0.0,-0.002586662769317627,-0.09768044948577881,0.01010984560275574,-0.025377273559570312,-0.1744384765625,0.01027408433878918,-0.03934377431869507,-0.24185711145401,0.008486790636425212,-0.03751564025878906,-0.2943227291107178,0.006050068007652953,-0.10302406549453735,-0.18226945400238037,0.007933160344009593,-0.17720705270767212,-0.20217537879943848,0.01150022545630236,-0.2093963623046875,-0.2089080810546875,0.014345407539849475,-0.22579973936080933,-0.2132229208946228,0.017165254855399326,-0.1244468092918396,-0.13385283946990967,0.0021469276937295945,-0.19758906960487366,-0.1580684781074524,0.011383569853251174,-0.22020620107650757,-0.168304443359375,0.01965366495574017,-0.22791993618011475,-0.18001335859298706,0.025201510691886142,-0.13755083084106445,-0.08269184827804565,-0.0028481161614308803,-0.20067092776298523,-0.11255848407745361,0.006590814849232629,-0.22088536620140076,-0.12947458028793335,0.017648233154659465,-0.2287345826625824,-0.14435803890228271,0.024169944280629352,-0.14411666989326477,-0.034263432025909424,-0.007511500680948302,-0.19142800569534302,-0.06965184211730957,0.002221687517931059,-0.207376629114151,-0.08955490589141846,0.014454795101528362,-0.21638056635856628,-0.1079525351524353,0.023854227790479854,mute
0.0,0.0,0.0,-0.0019202828407287598,-0.0982239842414856,0.008752468184852091,-0.025448501110076904,-0.17513227462768555,0.008355086812102286,-0.04121679067611694,-0.24485072493553162,0.00635463153319904,-0.041707515716552734,-0.29963594675064087,0.003902527180784432,-0.10420030355453491,-0.18278753757476807,0.007768782929801432,-0.17809632420539856,-0.20300114154815674,0.01236394620808312,-0.21037620306015015,-0.20994937419891357,0.01575297131510922,-0.22709131240844727,-0.2140849232673645,0.018769025945388762,-0.12620827555656433,-0.1342669129371643,0.00285398392314562,-0.19851189851760864,-0.1583644151687622,0.013476178192817656,-0.2208436131477356,-0.16832351684570312,0.02223512544604489,-0.22888579964637756,-0.17963892221450806,0.027837507569515196,-0.13958656787872314,-0.08267897367477417,-0.0013409910925616941,-0.20200762152671814,-0.11252284049987793,0.00932330838712403,-0.22173723578453064,-0.12915503978729248,0.020933168151699988,-0.22950205206871033,-0.14317935705184937,0.027437659123265234,-0.1459529995918274,-0.0338284969329834,-0.00537210595486215,-0.1921805739402771,-0.06905543804168701,0.0054412476283545175,-0.20689424872398376,-0.08851051330566406,0.018316770115220038,-0.2151145339012146,-0.10612457990646362,0.027963597470247237,mute
0.0,0.0,0.0,-0.0032584071159362793,-0.0973128080368042,0.009915498421449342,-0.027077436447143555,-0.17428964376449585,0.010002209209758917,-0.041766583919525146,-0.24313437938690186,0.008235588074583688,-0.04060429334640503,-0.297232449054718,0.0057959885903784425,-0.1049547791481018,-0.18166422843933105,0.00852946225639073,-0.17853331565856934,-0.20201963186264038,0.012819839977581182,-0.21068602800369263,-0.20847249031066895,0.015658288598913828,-0.22765570878982544,-0.2125791311264038,0.018238476813692728,-0.126554936170578,-0.13318616151809692,0.002868217286575714,-0.19925743341445923,-0.15728211402893066,0.013052497395236173,-0.2219039797782898,-0.1672317385673523,0.02121253438379256,-0.22996386885643005,-0.17804741859436035,0.02635154254819838,-0.13974055647850037,-0.08143347501754761,-0.0019950216068735926,-0.20269420742988586,-0.11125177145004272,0.008173439056534448,-0.22276923060417175,-0.128010094165802,0.01912437692369906,-0.23072534799575806,-0.1421642303466797,0.025221576318998018,-0.14608576893806458,-0.032633960247039795,-0.006549038588147482,-0.19285881519317627,-0.06806713342666626,0.003836618141193071,-0.2074839174747467,-0.08763128519058228,0.016383034513253847,-0.21548861265182495,-0.10542875528335571,0.025755004362125078,mute
0.0,0.0,0.0,-0.0028799772262573242,-0.09744566679000854,0.010743146099358114,-0.025909483432769775,-0.1755182147026062,0.011754152633457693,-0.03995603322982788,-0.2445961833000183,0.010934098892121824,-0.03848600387573242,-0.2983287274837494,0.00952017427256635,-0.10522547364234924,-0.18290507793426514,0.010325419053643259,-0.17771881818771362,-0.20291322469711304,0.016326074756889852,-0.20916855335235596,-0.2093583345413208,0.020538295887618574,-0.22529107332229614,-0.21368777751922607,0.02395436473956636,-0.12634411454200745,-0.1344085931777954,0.004776615917890581,-0.1979943811893463,-0.15802282094955444,0.016302309267430815,-0.22025126218795776,-0.16839855909347534,0.025298944942861112,-0.2281275987625122,-0.1803586483001709,0.03094608270397714,-0.13891980051994324,-0.08287745714187622,9.236868858408798e-05,-0.20113825798034668,-0.11223429441452026,0.01110747576525739,-0.22092026472091675,-0.12990182638168335,0.02240196362903646,-0.22860395908355713,-0.14540845155715942,0.02872501247396997,-0.144991934299469,-0.03419339656829834,-0.004216897964269606,-0.1919386386871338,-0.0691344141960144,0.006719278905748638,-0.20737329125404358,-0.08925026655197144,0.019300583087115797,-0.21589738130569458,-0.1078992486000061,0.02868349783888391,mute
0.0,0.0,0.0,-0.003035604953765869,-0.0974692702293396,0.009947177157712872,-0.02592688798904419,-0.17491614818572998,0.010166489654196198,-0.039766132831573486,-0.24336934089660645,0.00863796579183429,-0.03814214468002319,-0.29734331369400024,0.006567478314948971,-0.10509565472602844,-0.18179047107696533,0.008173319646132882,-0.17901915311813354,-0.2022160291671753,0.013232574001861508,-0.21067467331886292,-0.20900768041610718,0.017146537215424473,-0.2265336513519287,-0.21314525604248047,0.020502261952472622,-0.12668326497077942,-0.13327330350875854,0.0027524357614794326,-0.19962462782859802,-0.15832197666168213,0.013676480525148804,-0.2214491367340088,-0.16897183656692505,0.022959338636113102,-0.2283303439617157,-0.1804155707359314,0.028883716226530964,-0.13955450057983398,-0.08198297023773193,-0.001832503108332162,-0.20296290516853333,-0.11271935701370239,0.008662363649321492,-0.2222890853881836,-0.13022005558013916,0.02019793553741067,-0.2290828824043274,-0.14496314525604248,0.026733361319614346,-0.14578485488891602,-0.0335884690284729,-0.006095543368743961,-0.19315016269683838,-0.06985455751419067,0.004002512101990874,-0.2084517776966095,-0.09018158912658691,0.01634940518529504,-0.21673381328582764,-0.10849142074584961,0.025687676058126385,mute
0.0,0.0,0.0,-0.0032835006713867188,-0.09767162799835205,0.011974365365404083,-0.026251375675201416,-0.17423087358474731,0.013439181175726844,-0.03979688882827759,-0.24146932363510132,0.01291214666207452,-0.03898841142654419,-0.2933269739151001,0.011718642812866165,-0.10472440719604492,-0.18188852071762085,0.009748375889557792,-0.1780681014060974,-0.2024574875831604,0.015084906396168662,-0.20927560329437256,-0.20900839567184448,0.01910331464250703,-0.22493958473205566,-0.2129949927330017,0.022577624682980968,-0.1260317862033844,-0.13340270519256592,0.0036497366695584788,-0.1986757218837738,-0.15817749500274658,0.01452203365852256,-0.22112679481506348,-0.16865640878677368,0.023515168492394878,-0.22879290580749512,-0.1799924373626709,0.029268970627981616,-0.13879913091659546,-0.08185392618179321,-0.0014124595013527141,-0.2018221616744995,-0.11277484893798828,0.009075174023109867,-0.22188913822174072,-0.13050627708435059,0.020305581305819942,-0.22971731424331665,-0.14534133672714233,0.026678875003653957,-0.14491432905197144,-0.03334856033325195,-0.005897748369079636,-0.19240480661392212,-0.0695769190788269,0.004435481884229375,-0.2079823613166809,-0.08971428871154785,0.016927063380080654,-0.21652519702911377,-0.1077263355255127,0.02635303503711839,mute
0.0,0.0,0.0,-0.004002273082733154,-0.09735107421875,0.010029271475929136,-0.027428269386291504,-0.17473584413528442,0.010210857026237363,-0.04207777976989746,-0.24336129426956177,0.008713646091479177,-0.04219740629196167,-0.29696571826934814,0.006680272284853572,-0.10601252317428589,-0.18098008632659912,0.007176208075094337,-0.1799643635749817,-0.20145004987716675,0.01212006551023137,-0.21109670400619507,-0.20822417736053467,0.01631881319727313,-0.22676658630371094,-0.21260666847229004,0.019946404032367582,-0.12691804766654968,-0.13240885734558105,0.001547058227430398,-0.20027294754981995,-0.15726631879806519,0.011674147330182905,-0.2226768136024475,-0.16834300756454468,0.020818609975236768,-0.23023545742034912,-0.18000632524490356,0.026865842051762456,-0.1394815444946289,-0.08075302839279175,-0.0031409610547541433,-0.20334327220916748,-0.11163103580474854,0.00666884495686304,-0.22306254506111145,-0.129916250705719,0.01819097087528121,-0.23065781593322754,-0.14502090215682983,0.02493942552055728,-0.14567533135414124,-0.03217315673828125,-0.007439470153343564,-0.19356167316436768,-0.06881564855575562,0.0022982531208128876,-0.2083955705165863,-0.08945614099502563,0.014807472236412877,-0.21647301316261292,-0.10805147886276245,0.02438521594550025,mute
0.0,0.0,0.0,-0.0031008124351501465,-0.09811949729919434,0.010957752292313216,-0.02633720636367798,-0.17606037855148315,0.01169226126120293,-0.039453983306884766,-0.24486151337623596,0.010333713081934093,-0.03781461715698242,-0.2975804805755615,0.008383315925755142,-0.10346457362174988,-0.1834557056427002,0.009888379772462486,-0.17659884691238403,-0.20368510484695435,0.01446287979678118,-0.20811983942985535,-0.21076887845993042,0.01766968139753544,-0.22416764497756958,-0.21524113416671753,0.0206344704453727,-0.12479376792907715,-0.13498955965042114,0.0038468960516979678,-0.19722968339920044,-0.15980476140975952,0.013891814214446185,-0.21938937902450562,-0.17048859596252441,0.022325135705330013,-0.22689956426620483,-0.1819329857826233,0.027963172582246898,-0.1378636360168457,-0.08380019664764404,-0.0013413144664013998,-0.20097750425338745,-0.11510998010635376,0.008604823549546836,-0.22041675448417664,-0.1327095627784729,0.019915524808027385,-0.22752255201339722,-0.14731484651565552,0.026660943341710208,-0.1446189284324646,-0.035680532455444336,-0.006130308440617682,-0.19233167171478271,-0.07217293977737427,0.0039141885314961655,-0.20768901705741882,-0.09244489669799805,0.01651982956872189,-0.21567901968955994,-0.11047273874282837,0.02627714717135632,mute
0.0,0.0,0.0,-0.003322124481201172,-0.09657347202301025,0.009317449006886136,-0.027192115783691406,-0.17368125915527344,0.009449649315030229,-0.04190051555633545,-0.24282675981521606,0.008051475222856652,-0.04034709930419922,-0.29711416363716125,0.006042842466086995,-0.10464000701904297,-0.18112939596176147,0.007487323779315602,-0.17902404069900513,-0.20141804218292236,0.012533291887194764,-0.21153706312179565,-0.20856833457946777,0.016205960597545754,-0.22867357730865479,-0.21344619989395142,0.019320090945512902,-0.12627869844436646,-0.13246482610702515,0.0025636951361605043,-0.19923201203346252,-0.1571841835975647,0.013442231055051934,-0.22193166613578796,-0.16766923666000366,0.022502941723615777,-0.22990119457244873,-0.17937809228897095,0.02827347227528776,-0.13948136568069458,-0.08095955848693848,-0.0015284609359866863,-0.20231711864471436,-0.11133736371994019,0.009308031473011624,-0.2221212387084961,-0.12852448225021362,0.020671892624051225,-0.22968244552612305,-0.14304256439208984,0.026974957149178636,-0.14617007970809937,-0.03237950801849365,-0.005366812281607736,-0.1928001046180725,-0.06815856695175171,0.005387424204201352,-0.2076532244682312,-0.08781355619430542,0.017904802869708192,-0.2158525288105011,-0.1057271957397461,0.027219216983468186,mute
0.0,0.0,0.0,-0.002803802490234375,-0.09757602214813232,0.009921963396053002,-0.02610182762145996,-0.17504990100860596,0.010372765431682751,-0.03991866111755371,-0.24350309371948242,0.009028000826518223,-0.03823983669281006,-0.29666614532470703,0.007159100914876149,-0.10423651337623596,-0.18302011489868164,0.00886631391433923,-0.17723864316940308,-0.20350009202957153,0.013478714110831902,-0.208745539188385,-0.21053218841552734,0.016788168879728005,-0.2246733009815216,-0.2150191068649292,0.01976640250025241,-0.12579107284545898,-0.13456618785858154,0.0034004692682430004,-0.1976647675037384,-0.15980541706085205,0.01332161209968774,-0.21996045112609863,-0.17048251628875732,0.021597039955238984,-0.22755765914916992,-0.18218106031417847,0.027059230091552422,-0.1388864517211914,-0.08339989185333252,-0.0012502490314290071,-0.20109480619430542,-0.11502349376678467,0.008587130414824173,-0.22084033489227295,-0.13262337446212769,0.01942250418899505,-0.22842222452163696,-0.14761662483215332,0.02572527814147918,-0.14542144536972046,-0.0352252721786499,-0.005564124719668939,-0.19249075651168823,-0.07216191291809082,0.00425913517786114,-0.20827198028564453,-0.09261113405227661,0.01642029646275489,-0.2170552909374237,-0.11123114824295044,0.025761698442082093,mute
0.0,0.0,0.0,-0.003543376922607422,-0.0962594747543335,0.008665441223001835,-0.026946663856506348,-0.17353790998458862,0.007838689409709332,-0.041765451431274414,-0.24265840649604797,0.00545220092362797,-0.040462374687194824,-0.297359824180603,0.0025440835529479955,-0.10391035676002502,-0.18135327100753784,0.0062704837550882075,-0.17798253893852234,-0.20190900564193726,0.010193652160978672,-0.21035748720169067,-0.20868611335754395,0.013152047679341194,-0.2272852063179016,-0.21318131685256958,0.015877597652888653,-0.12574386596679688,-0.1330588459968567,0.0011357363914612506,-0.19906935095787048,-0.15793544054031372,0.0107358793397907,-0.22206684947013855,-0.16801172494888306,0.01910099076530969,-0.2303566038608551,-0.17932510375976562,0.024524756394839642,-0.13939663767814636,-0.0817384123802185,-0.003173810975113156,-0.2028331160545349,-0.11259657144546509,0.006779862255370972,-0.22262662649154663,-0.12921196222305298,0.018103067450738308,-0.2302703857421875,-0.14343029260635376,0.02455806235275304,-0.1464879810810089,-0.03321319818496704,-0.007274426832282188,-0.19399428367614746,-0.06947624683380127,0.002935714241630194,-0.20943209528923035,-0.08902716636657715,0.015544958100235817,-0.21819686889648438,-0.10682094097137451,0.025077352919197438,mute
0.0,0.0,0.0,-0.005770444869995117,-0.09881693124771118,0.00788357388849903,-0.04970043897628784,-0.20039457082748413,0.003913660074282177,-0.08474737405776978,-0.27734583616256714,-0.0007352762560586257,-0.09616100788116455,-0.33884674310684204,-0.007346794934314005,-0.07907027006149292,-0.21942013502120972,-0.029192364768427126,-0.1709597110748291,-0.2633631229400635,-0.043377953575294725,-0.21219408512115479,-0.2594794034957886,-0.04794121812407326,-0.22872287034988403,-0.24631333351135254,-0.04787529538695168,-0.10381948947906494,-0.1642533540725708,-0.03889258112136673,-0.19969362020492554,-0.2110036015510559,-0.04787519852940392,-0.2294292151927948,-0.20392107963562012,-0.044753204093616716,-0.23278376460075378,-0.18757879734039307,-0.041963103221100084,-0.12848514318466187,-0.1005963683128357,-0.04618582780782532,-0.21693691611289978,-0.15039008855819702,-0.0491206562084372,-0.23934069275856018,-0.14655524492263794,-0.03795724268380951,-0.23799815773963928,-0.13432341814041138,-0.03068616706256222,-0.15038812160491943,-0.03261762857437134,-0.052327136502903215,-0.21635758876800537,-0.08562618494033813,-0.05188694130007576,-0.2362111210823059,-0.09792017936706543,-0.041039361612241976,-0.24058610200881958,-0.10219556093215942,-0.03235382865492653,background
0.0,0.0,0.0,-0.0010094642639160156,-0.10899144411087036,0.017576718145022596,-0.03036564588546753,-0.19399487972259521,0.022666492872843946,-0.05466282367706299,-0.2612849473953247,0.024797925167689527,-0.05953681468963623,-0.31279295682907104,0.025996811130056585,-0.0941932201385498,-0.20932143926620483,0.004357368127415384,-0.16908469796180725,-0.25719666481018066,0.0019057821724288715,-0.20421481132507324,-0.2731183171272278,0.002041924419785346,-0.2231176793575287,-0.2765299081802368,0.004432539363364185,-0.12318488955497742,-0.1599474549293518,-0.004828778653433119,-0.20240026712417603,-0.2161596417427063,-0.005693842283477579,-0.22600224614143372,-0.2302507758140564,-0.0011272538444302427,-0.229665607213974,-0.2311018705368042,0.004110956472317184,-0.14455640316009521,-0.10816055536270142,-0.011625615506460463,-0.21415740251541138,-0.16340595483779907,-0.008593150972416197,-0.23146826028823853,-0.18144214153289795,0.0015829400168456687,-0.231973797082901,-0.1870991587638855,0.009491386265466417,-0.1571546196937561,-0.05651503801345825,-0.016839333436479365,-0.20796728134155273,-0.11205512285232544,-0.010364992170622145,-0.22178637981414795,-0.13633090257644653,0.0020899015022166623,-0.22311875224113464,-0.1509019136428833,0.013067413494894708,background
0.0,0.0,0.0,0.005108356475830078,-0.1023935079574585,0.015345230270568777,-0.015976369380950928,-0.18297046422958374,0.018131884318236757,-0.032704949378967285,-0.2491956353187561,0.0185676222112221,-0.033058226108551025,-0.3022086024284363,0.018686313685421396,-0.09259957075119019,-0.2093977928161621,0.007171939164791752,-0.16229534149169922,-0.2573145627975464,0.008892338294927526,-0.1949954330921173,-0.2697508931159973,0.011690021064524103,-0.2128782868385315,-0.2732166647911072,0.015138825904969622,-0.1219642162322998,-0.16435480117797852,-0.0004590302329319229,-0.1927887201309204,-0.21597588062286377,0.0046549616757971535,-0.21622195839881897,-0.23121803998947144,0.012289822604898859,-0.2246963381767273,-0.23933082818984985,0.018476624545101572,-0.14173415303230286,-0.11423808336257935,-0.006263647190834831,-0.2027023434638977,-0.1641029715538025,0.001912656044979144,-0.22162127494812012,-0.1842501163482666,0.013927126806621004,-0.227728009223938,-0.1943753957748413,0.02165345711672728,-0.15222463011741638,-0.06478571891784668,-0.011078093628938745,-0.1932770013809204,-0.11210978031158447,-0.0004397715007229408,-0.2070179283618927,-0.13787055015563965,0.012943844814245153,-0.21263259649276733,-0.1562606692314148,0.02352901039684241,background
0.0,0.0,0.0,0.008872389793395996,-0.09553903341293335,0.00992118683693377,-0.009978652000427246,-0.17985576391220093,0.01222033822027413,-0.020048916339874268,-0.24780261516571045,0.012376344064747968,-0.013916730880737305,-0.2965150475502014,0.01238033757594792,-0.0895388126373291,-0.20981979370117188,0.010047164047634283,-0.15607136487960815,-0.2536790370941162,0.011769506382321993,-0.1896558403968811,-0.27029478549957275,0.01240729191390244,-0.21081486344337463,-0.2786438465118408,0.013757735724126974,-0.11779561638832092,-0.1689329743385315,0.00414135237274138,-0.1834522783756256,-0.2193131446838379,0.011272236006831804,-0.21094843745231628,-0.23936504125595093,0.016686606454229036,-0.225965678691864,-0.25382912158966064,0.020189731615161577,-0.1376838982105255,-0.12272107601165771,-0.001099003478387317,-0.1934691071510315,-0.17116117477416992,0.007991040358817258,-0.21514731645584106,-0.19421452283859253,0.016318186419582048,-0.22448614239692688,-0.20841240882873535,0.020670534344887415,-0.15060767531394958,-0.07524818181991577,-0.006270967656249127,-0.18986573815345764,-0.1205565333366394,0.0035096106590088993,-0.20528236031532288,-0.14600104093551636,0.014035227941846529,-0.21307623386383057,-0.16501528024673462,0.021924083354448953,background
0.0,0.0,0.0,0.010622203350067139,-0.09774106740951538,0.010111288066212865,-0.0053144097328186035,-0.17803430557250977,0.011025895263259144,-0.009446799755096436,-0.24416393041610718,0.009513021345441075,0.0034596920013427734,-0.2918604612350464,0.007716777167473765,-0.08075708150863647,-0.2057805061340332,0.008122246611122819,-0.1460120975971222,-0.2511776089668274,0.008814189481739731,-0.18065699934959412,-0.271060585975647,0.009202286499743195,-0.2034970223903656,-0.2819433808326721,0.010363876718287202,-0.11098051071166992,-0.16754716634750366,0.0015369691105604488,-0.1759951412677765,-0.2199859619140625,0.006760412725810738,-0.20327478647232056,-0.2416079044342041,0.011863857406382294,-0.2180238962173462,-0.2569667100906372,0.015860800530020924,-0.132465660572052,-0.12397551536560059,-0.004183509488399295,-0.18815189599990845,-0.17132949829101562,0.004319794374708863,-0.2091597616672516,-0.19626712799072266,0.0127087700098798,-0.21801218390464783,-0.21308690309524536,0.017501138980691167,-0.1458229422569275,-0.07889443635940552,-0.009823528219754962,-0.18482562899589539,-0.1213231086730957,0.00039880447783957607,-0.19911152124404907,-0.14599281549453735,0.011605746011440488,-0.20497766137123108,-0.16442489624023438,0.020158233951036664,background
0.0,0.0,0.0,0.014876782894134521,-0.09472298622131348,0.012009296750264298,0.0014568567276000977,-0.17100995779037476,0.015237135065333973,-0.0014706254005432129,-0.2322216033935547,0.01592822950108541,0.012859046459197998,-0.2757575511932373,0.016126286422448288,-0.07569831609725952,-0.20261800289154053,0.011025818248825203,-0.1374160349369049,-0.2473161816596985,0.013310440068678986,-0.1711602807044983,-0.2664376497268677,0.014816453864412438,-0.19355469942092896,-0.2765864133834839,0.016636537571983467,-0.10675156116485596,-0.1651087999343872,0.004473040995733868,-0.16783317923545837,-0.21808111667633057,0.011048154158132206,-0.1936436891555786,-0.23941344022750854,0.01704655606074823,-0.20754706859588623,-0.2535514235496521,0.021672936340408455,-0.12857237458229065,-0.12184524536132812,-0.0010749236004556906,-0.1807834804058075,-0.16988509893417358,0.008515651521818768,-0.19972699880599976,-0.19468796253204346,0.017386669477062355,-0.20761322975158691,-0.2104271650314331,0.022461591472463738,-0.14193826913833618,-0.0763540267944336,-0.006373720525218118,-0.17808514833450317,-0.11726987361907959,0.00539676816909207,-0.1903775930404663,-0.14053142070770264,0.01730358432753576,-0.19446206092834473,-0.15596455335617065,0.026098039185242783,background
0.0,0.0,0.0,0.016154170036315918,-0.09297055006027222,0.009633122643435854,0.004701852798461914,-0.17024856805801392,0.013370420483852286,0.004125714302062988,-0.2299717664718628,0.014963188840056318,0.018265604972839355,-0.2715482711791992,0.01618730246832456,-0.07684716582298279,-0.2016148567199707,0.012854634484256167,-0.1359705924987793,-0.24638092517852783,0.0169272587429532,-0.16798055171966553,-0.2667042016983032,0.018929900301600355,-0.18929556012153625,-0.27846360206604004,0.020819067655111212,-0.10692489147186279,-0.1640194058418274,0.007673162667060751,-0.16514897346496582,-0.21631550788879395,0.016482796220088858,-0.19062688946723938,-0.23853671550750732,0.02211914554050054,-0.20495307445526123,-0.25332337617874146,0.026112921236062903,-0.1272105574607849,-0.12091439962387085,0.0030743630397864763,-0.17646872997283936,-0.16821229457855225,0.013711547179127592,-0.19521787762641907,-0.19363248348236084,0.020592890379930395,-0.20370817184448242,-0.21028351783752441,0.024019742084647078,-0.13957789540290833,-0.07622087001800537,-0.0015243815230405744,-0.17280679941177368,-0.11648863554000854,0.009901944247985739,-0.1846795380115509,-0.13961845636367798,0.01995983131041612,-0.18884947896003723,-0.15506327152252197,0.02732133090307798,background
0.0,0.0,0.0,0.017710506916046143,-0.09288161993026733,0.007575320935870877,0.009777188301086426,-0.16933441162109375,0.010024523287142983,0.012911319732666016,-0.22712886333465576,0.010704574099804631,0.02762162685394287,-0.26743996143341064,0.011139689869310132,-0.07320785522460938,-0.20179516077041626,0.010057015269126168,-0.13157284259796143,-0.24897050857543945,0.013543476275231114,-0.1628410518169403,-0.2705591917037964,0.01546104244800972,-0.18314695358276367,-0.28280550241470337,0.017449918127681485,-0.10401815176010132,-0.16351759433746338,0.00552295280533599,-0.16245800256729126,-0.21688205003738403,0.01332804646256136,-0.18710631132125854,-0.23931604623794556,0.0186549657202022,-0.20025914907455444,-0.25403255224227905,0.022656476981069318,-0.1247715950012207,-0.12006920576095581,0.0015337012420104656,-0.1734347641468048,-0.16846555471420288,0.011672350502635709,-0.19078975915908813,-0.19338542222976685,0.01841157760384249,-0.19805145263671875,-0.20959770679473877,0.021874488256003133,-0.1371382474899292,-0.07553201913833618,-0.0026390502051754083,-0.1692677140235901,-0.11647486686706543,0.008184519521023503,-0.17919951677322388,-0.13847702741622925,0.018190895131851903,-0.1815018355846405,-0.15237587690353394,0.025716229266549817,background
0.0,0.0,0.0,0.017071306705474854,-0.090656578540802,0.006421610420716206,0.012669801712036133,-0.1667218804359436,0.00795019388772289,0.01946347951889038,-0.22433823347091675,0.00793901522285978,0.03543645143508911,-0.26456910371780396,0.007717383267504374,-0.07103034853935242,-0.2009689211845398,0.009067968173098961,-0.12931057810783386,-0.2500288486480713,0.012213834269118706,-0.15962719917297363,-0.27186667919158936,0.013807090638351838,-0.1789848804473877,-0.2845025658607483,0.015672623818886677,-0.10197833180427551,-0.16340166330337524,0.00496862426973621,-0.1596885621547699,-0.21730834245681763,0.012929316317809025,-0.18426594138145447,-0.24040836095809937,0.017844965389144818,-0.19683492183685303,-0.25468170642852783,0.021416069647443692,-0.12248623371124268,-0.11993062496185303,0.0012460433050591746,-0.17073273658752441,-0.16774117946624756,0.011395146777999798,-0.18916171789169312,-0.19384878873825073,0.017214657446515957,-0.19696080684661865,-0.21075457334518433,0.02001039654589931,-0.1346338391304016,-0.07533013820648193,-0.0026941318659510216,-0.16679814457893372,-0.11435717344284058,0.00844227493382732,-0.1769523024559021,-0.13623464107513428,0.018006857192290227,-0.17913982272148132,-0.15062642097473145,0.02507454686440269,background
0.0,0.0,0.0,0.017181456089019775,-0.08759409189224243,0.006309559400477838,0.015453100204467773,-0.16052860021591187,0.006294461730220746,0.02509462833404541,-0.21684551239013672,0.00467545894841237,0.04055505990982056,-0.2574949860572815,0.0028694419370083324,-0.06765952706336975,-0.19875788688659668,0.007171315438398551,-0.12674522399902344,-0.24800628423690796,0.009064397606351804,-0.15810531377792358,-0.2703457474708557,0.0101347033114223,-0.17787909507751465,-0.28386300802230835,0.011895751412311029,-0.0993853509426117,-0.1615161895751953,0.0029842216235635988,-0.1582573652267456,-0.214286208152771,0.00981247501383109,-0.1829105019569397,-0.23645395040512085,0.014802404511073064,-0.19475805759429932,-0.2518291473388672,0.018658837135234307,-0.12076032161712646,-0.11886328458786011,-0.000659077421943266,-0.16880682110786438,-0.1670997142791748,0.00903300365368409,-0.18697574734687805,-0.193525493144989,0.016515197064080667,-0.1940256953239441,-0.21177786588668823,0.02076296864012761,-0.13332563638687134,-0.07487636804580688,-0.004534278698912431,-0.16545391082763672,-0.11595439910888672,0.007074985950538348,-0.17631375789642334,-0.13954102993011475,0.018382932822504472,-0.17936187982559204,-0.1562213897705078,0.02700246108631177,background
0.0,0.0,0.0,0.018589437007904053,-0.08598780632019043,0.0062457787067558,0.019606590270996094,-0.15614241361618042,0.006355000027355118,0.03005915880203247,-0.21043968200683594,0.004650859461065693,0.045463740825653076,-0.24969440698623657,0.002693796596389575,-0.0658794641494751,-0.19773656129837036,0.009990239814754887,-0.12451693415641785,-0.24448072910308838,0.012657192834552689,-0.15637141466140747,-0.26542848348617554,0.013684597165223522,-0.17647004127502441,-0.27744758129119873,0.015265142843958301,-0.09642156958580017,-0.1606050729751587,0.006125685592081709,-0.154147207736969,-0.20869231224060059,0.014217683412965698,-0.17931070923805237,-0.22773730754852295,0.01905178215437786,-0.1917654275894165,-0.24132144451141357,0.02231605287724392,-0.11717700958251953,-0.11791384220123291,0.0025333045710738133,-0.16417977213859558,-0.1615169644355774,0.01290365617805378,-0.18302732706069946,-0.18531829118728638,0.01962490689092533,-0.19114696979522705,-0.20215332508087158,0.022967341654833717,-0.129839688539505,-0.074290931224823,-0.0013927405738343168,-0.16023579239845276,-0.11112165451049805,0.010912276171978874,-0.17050930857658386,-0.13159596920013428,0.02171982389026539,-0.17354929447174072,-0.1466020941734314,0.029524046295222206,background
0.0,0.0,0.0,0.01840156316757202,-0.08525246381759644,0.0034832645636697634,0.018584012985229492,-0.154779851436615,0.001800100757805012,0.02829432487487793,-0.21002525091171265,-0.0007220215899224058,0.043231070041656494,-0.2503177523612976,-0.0032546835988114253,-0.06695482134819031,-0.19717955589294434,0.004920713692968093,-0.1279011368751526,-0.24228119850158691,0.00664492100111147,-0.16010743379592896,-0.26216912269592285,0.007584991954331599,-0.17960411310195923,-0.27326130867004395,0.009398840457265578,-0.09682410955429077,-0.1574576497077942,0.0027877712585677727,-0.15708613395690918,-0.2058531641960144,0.010579982861941062,-0.18016356229782104,-0.22522568702697754,0.016846062704985343,-0.19008862972259521,-0.23950988054275513,0.021402673885290824,-0.11683347821235657,-0.11385631561279297,0.0008966546469082459,-0.16541415452957153,-0.15806883573532104,0.010489690207009517,-0.18246757984161377,-0.18256092071533203,0.01896808305389186,-0.1884695291519165,-0.20008116960525513,0.023946723058884345,-0.12848636507987976,-0.0705825686454773,-0.0014597436216945425,-0.15974828600883484,-0.10884696245193481,0.009923324078386031,-0.16914740204811096,-0.1305750608444214,0.021558472976153098,-0.17146223783493042,-0.14663100242614746,0.03037604139751693,background
0.0,0.0,0.0,0.01828867197036743,-0.08598697185516357,0.004556303842406351,0.018868744373321533,-0.15533006191253662,0.004128245169709999,0.027271032333374023,-0.21119087934494019,0.0025190121945399824,0.041631340980529785,-0.2520903944969177,0.0009469473720002952,-0.06723728775978088,-0.19935345649719238,0.01009108126018532,-0.12563616037368774,-0.23992347717285156,0.013263146391551572,-0.15766984224319458,-0.25901585817337036,0.014671618117432672,-0.17725616693496704,-0.2704184055328369,0.016630797645490247,-0.09653234481811523,-0.1593274474143982,0.007623722309659797,-0.15440621972084045,-0.2037927508354187,0.0169709613532234,-0.17842382192611694,-0.22222387790679932,0.023507091215293485,-0.19053441286087036,-0.23781627416610718,0.028043867087404806,-0.1161859929561615,-0.11596029996871948,0.005180578677396852,-0.16262370347976685,-0.15671789646148682,0.01623355317715891,-0.17957082390785217,-0.1799442172050476,0.025294014251272756,-0.1861802041530609,-0.1970258355140686,0.03051769453887232,-0.1280304193496704,-0.07274943590164185,0.0021013850331712547,-0.15836527943611145,-0.10899335145950317,0.014427612534205991,-0.16818201541900635,-0.13120532035827637,0.026246408930461484,-0.1708906590938568,-0.14844179153442383,0.03516661096219309,background
0.0,0.0,0.0,0.01650172472000122,-0.08768612146377563,0.00472702779438805,0.014927327632904053,-0.15702581405639648,0.004808894773987049,0.02382713556289673,-0.21235793828964233,0.0038300242238165083,0.03857237100601196,-0.2518715262413025,0.0028528596237720194,-0.06936180591583252,-0.1989898681640625,0.011238040817943329,-0.12605929374694824,-0.2361818552017212,0.016427656119731182,-0.15714788436889648,-0.2536001205444336,0.018694688981440777,-0.17641586065292358,-0.263996422290802,0.020746631031897778,-0.09807208180427551,-0.15843504667282104,0.009144357821014637,-0.15273749828338623,-0.20196211338043213,0.020388245066669697,-0.1747996211051941,-0.22064924240112305,0.027696089303162807,-0.1855248510837555,-0.23657619953155518,0.0324107105341227,-0.11728805303573608,-0.11469727754592896,0.007043858008501047,-0.1612934172153473,-0.15531504154205322,0.019167687227991337,-0.17800313234329224,-0.1797388792037964,0.027728506779340023,-0.1846468150615692,-0.19776839017868042,0.03219381668236565,-0.12843462824821472,-0.07171672582626343,0.004363520486322159,-0.15666985511779785,-0.10924559831619263,0.016969290977385754,-0.16599500179290771,-0.131869375705719,0.028271806841758007,-0.16873395442962646,-0.14883631467819214,0.0364930438306601,background
0.0,0.0,0.0,0.016463398933410645,-0.0877266526222229,0.003160189596997043,0.014569520950317383,-0.15534478425979614,0.0016414991040392124,0.023647189140319824,-0.20879536867141724,-0.00103430997853593,0.03724777698516846,-0.2482234239578247,-0.0034227257202701367,-0.06949102878570557,-0.19395357370376587,0.010224501362131377,-0.1267196536064148,-0.2314574122428894,0.01340145966230466,-0.15700003504753113,-0.24777597188949585,0.014049985205815574,-0.17469558119773865,-0.2559850811958313,0.015204840099499961,-0.09846588969230652,-0.15353137254714966,0.007959170026765605,-0.15388783812522888,-0.19692790508270264,0.0167501221802695,-0.17485976219177246,-0.21424800157546997,0.022042513584779044,-0.18491843342781067,-0.22862249612808228,0.025643699562237998,-0.11788669228553772,-0.11043858528137207,0.005542253835187694,-0.16247957944869995,-0.15293246507644653,0.01587424310116603,-0.17787426710128784,-0.17599260807037354,0.02374802040128543,-0.1840265989303589,-0.1923208236694336,0.028000320067690154,-0.12851914763450623,-0.06832718849182129,0.0024550245069576704,-0.1563262939453125,-0.1068425178527832,0.013929659260497829,-0.1647481620311737,-0.12932825088500977,0.025103623738573333,-0.16696679592132568,-0.1456090807914734,0.0334272559192641,background
0.0,0.0,0.0,0.014574646949768066,-0.08794230222702026,0.0027303164153238413,0.0124281644821167,-0.15535497665405273,0.0012422630590265271,0.02186763286590576,-0.2080233097076416,-0.0014214086785102609,0.03611403703689575,-0.24690961837768555,-0.003913890404732001,-0.07430768013000488,-0.1930127739906311,0.012451608830957639,-0.12834510207176208,-0.22697317600250244,0.01636613642600082,-0.15722578763961792,-0.24139559268951416,0.01683014927235149,-0.17350053787231445,-0.24786394834518433,0.01775542011287712,-0.10218864679336548,-0.1510114073753357,0.010537746528058278,-0.15449437499046326,-0.19065600633621216,0.021383074277906644,-0.17318090796470642,-0.20584768056869507,0.02721182366636299,-0.18127280473709106,-0.21839773654937744,0.030687910670309293,-0.119727224111557,-0.10685694217681885,0.008141273798315751,-0.1620330810546875,-0.14613181352615356,0.019508452320366132,-0.1759016513824463,-0.16744107007980347,0.02745642063942455,-0.1809578239917755,-0.18229293823242188,0.031431130299239385,-0.12876805663108826,-0.06388139724731445,0.00493791250315212,-0.15494772791862488,-0.1000015139579773,0.01617836316850685,-0.1632302701473236,-0.12261664867401123,0.026565292084484327,-0.16594260931015015,-0.1401047706604004,0.03419447986212276,background
0.0,0.0,0.0,0.012935876846313477,-0.08743643760681152,0.002638342333057153,0.00977247953414917,-0.1545965075492859,0.0008787682829733967,0.01998668909072876,-0.20659887790679932,-0.001943678121051562,0.035202741622924805,-0.24462509155273438,-0.004606417371860516,-0.07463020086288452,-0.1899436116218567,0.01064012153915428,-0.12864288687705994,-0.2234448790550232,0.014099969071367013,-0.15563783049583435,-0.23570477962493896,0.014616621200957525,-0.16880261898040771,-0.24018853902816772,0.01573350607327484,-0.10180264711380005,-0.14718282222747803,0.008988170427301156,-0.1538962721824646,-0.1842031478881836,0.01927894308141731,-0.17041313648223877,-0.1963542103767395,0.02523558913640045,-0.1752070188522339,-0.20584255456924438,0.028866471265473592,-0.11887466907501221,-0.10219061374664307,0.006894324448921907,-0.16154250502586365,-0.14050757884979248,0.01770702517501377,-0.175001859664917,-0.15994524955749512,0.025124348242798078,-0.17927676439285278,-0.17280036211013794,0.028773676146784055,-0.12744951248168945,-0.0590592622756958,0.004146277447262037,-0.15302017331123352,-0.09469878673553467,0.014958781664290655,-0.16024336218833923,-0.11567771434783936,0.024846894209304082,-0.1616462767124176,-0.1311403512954712,0.03208977869621776,background
0.0,0.0,0.0,0.011564493179321289,-0.08910501003265381,0.002733997977401259,0.0060828328132629395,-0.15518182516098022,-0.00010631343459976961,0.015028417110443115,-0.20612061023712158,-0.0038647572742149805,0.030927419662475586,-0.24451172351837158,-0.00757008583744323,-0.07384690642356873,-0.19087523221969604,0.005767454602818134,-0.12962502241134644,-0.22157394886016846,0.007382802874843719,-0.15546494722366333,-0.23050737380981445,0.006804505107055547,-0.16661491990089417,-0.23141765594482422,0.00713894397492254,-0.10213294625282288,-0.14770573377609253,0.003714901371921542,-0.15695083141326904,-0.18174105882644653,0.011856645089636686,-0.16894686222076416,-0.19155001640319824,0.01719973862643087,-0.16782090067863464,-0.19686239957809448,0.02041038752074087,-0.12019810080528259,-0.10143041610717773,0.001652565295870545,-0.16504880785942078,-0.1376773715019226,0.010892254044364336,-0.17551088333129883,-0.15655219554901123,0.01803170957143152,-0.17583411931991577,-0.16730326414108276,0.021378743206213358,-0.12884360551834106,-0.05730700492858887,-0.0008184676640041744,-0.1546824872493744,-0.09220576286315918,0.007892009546111467,-0.15931516885757446,-0.11299031972885132,0.016987857152770403,-0.15816617012023926,-0.1273992657661438,0.023800299246858003,background
0.0,0.0,0.0,0.009806394577026367,-0.08815944194793701,0.0033935670187617006,0.0011734962463378906,-0.15497088432312012,0.0009641045151198568,0.009303867816925049,-0.20728033781051636,-0.0025313223334109125,0.025150179862976074,-0.2453622817993164,-0.006049889055461222,-0.0746690034866333,-0.19100481271743774,0.0047611539164478245,-0.1334269940853119,-0.21728426218032837,0.007056411905765003,-0.158189058303833,-0.22207337617874146,0.0077362289564604225,-0.16742542386054993,-0.22027426958084106,0.008813380813776917,-0.10235604643821716,-0.14831650257110596,0.002372827465265459,-0.15940642356872559,-0.17802178859710693,0.010471546641170448,-0.1714329719543457,-0.18529635667800903,0.016273292331575817,-0.1695229411125183,-0.1887616515159607,0.01960668022799439,-0.12135165929794312,-0.1015806794166565,0.0002063730760397675,-0.16694945096969604,-0.1352367401123047,0.00905882156509108,-0.1758975386619568,-0.15172165632247925,0.01609761509168095,-0.17412149906158447,-0.16010797023773193,0.01917524318265862,-0.1314486861228943,-0.0555378794670105,-0.0022505239205514727,-0.15491193532943726,-0.0882568359375,0.005266861608802742,-0.15620797872543335,-0.1061931848526001,0.01372565011548943,-0.15191933512687683,-0.11793386936187744,0.020164924292444653,background
0.0,0.0,0.0,0.0041847825050354,-0.08683979511260986,0.008541789747887663,-0.007823705673217773,-0.15460515022277832,0.010107101783269457,-0.0002365708351135254,-0.20468145608901978,0.010021493680888227,0.01863914728164673,-0.24097353219985962,0.009403048925214819,-0.07341781258583069,-0.1954110860824585,0.008765563279503397,-0.13454845547676086,-0.21407032012939453,0.012972177848332933,-0.1600675880908966,-0.2119174599647522,0.015433680176847986,-0.16992664337158203,-0.20699816942214966,0.017343391575032285,-0.09992644190788269,-0.15440553426742554,0.004675415255242399,-0.16055676341056824,-0.1732308268547058,0.014498950824254564,-0.17386505007743835,-0.17101871967315674,0.02128562042873483,-0.17217016220092773,-0.17049682140350342,0.024943887166791967,-0.119940847158432,-0.10690343379974365,0.0013603106179473912,-0.1666792631149292,-0.13233089447021484,0.011481259860211424,-0.17409786581993103,-0.13910961151123047,0.01962265642743688,-0.17058581113815308,-0.14344948530197144,0.023151873521619848,-0.13202312588691711,-0.05710399150848389,-0.0018217733324306096,-0.15564438700675964,-0.08331280946731567,0.005334589075410179,-0.15546733140945435,-0.09373772144317627,0.013811991460734419,-0.1500023603439331,-0.10051316022872925,0.020399729631954244,background
0.0,0.0,0.0,0.0029608607292175293,-0.0855492353439331,0.018829479085624712,-0.01403355598449707,-0.15656441450119019,0.024894791858613985,-0.0158083438873291,-0.20966178178787231,0.027873571234167116,0.003013908863067627,-0.24659967422485352,0.029009533318102854,-0.06822067499160767,-0.2057010531425476,0.008238578418612974,-0.13384610414505005,-0.21501833200454712,0.011565748805523413,-0.1631399691104889,-0.20590686798095703,0.014340463297784822,-0.17712172865867615,-0.19824481010437012,0.016250130923808115,-0.09326896071434021,-0.17023342847824097,-0.000821269030339522,-0.16322734951972961,-0.1756749153137207,0.008096075820148485,-0.17728668451309204,-0.1600816249847412,0.016702878492296236,-0.17378681898117065,-0.15189939737319946,0.021243271621287363,-0.11450603604316711,-0.12517249584197998,-0.0074595825575585195,-0.16841265559196472,-0.1310611367225647,0.002143369026825326,-0.169857919216156,-0.1193426251411438,0.013638047704816358,-0.15849488973617554,-0.1128387451171875,0.01924873815697481,-0.1305408477783203,-0.07357978820800781,-0.01304827237653683,-0.16250354051589966,-0.09126240015029907,-0.006179369317024452,-0.15782135725021362,-0.08564841747283936,0.004522975271910923,-0.14649111032485962,-0.08103710412979126,0.012667889910161989,background
0.0,0.0,0.0,0.005322396755218506,-0.08531135320663452,0.025260681900704185,-0.011899769306182861,-0.15423792600631714,0.0324742911938074,-0.020035624504089355,-0.20555132627487183,0.034812950212085525,-0.011440157890319824,-0.24299997091293335,0.035135057437742034,-0.052368879318237305,-0.21392220258712769,0.010591412577355186,-0.122934490442276,-0.221713125705719,0.009784475583160201,-0.15858757495880127,-0.20748144388198853,0.00963136056395797,-0.17986148595809937,-0.19266873598098755,0.009781660195017139,-0.07627794146537781,-0.18964606523513794,-0.0024454303462562166,-0.15224334597587585,-0.1818389892578125,0.0020828285809102454,-0.17405328154563904,-0.15385061502456665,0.007227244469845573,-0.17875581979751587,-0.1355147361755371,0.008836622964167873,-0.09976810216903687,-0.15238350629806519,-0.01260985186365815,-0.1622304916381836,-0.1378052830696106,-0.006092888154512366,-0.16780942678451538,-0.11205333471298218,0.003544746348211447,-0.1598837971687317,-0.0961882472038269,0.007444898280823509,-0.12108799815177917,-0.10472607612609863,-0.021120342743074616,-0.16340693831443787,-0.09695041179656982,-0.015012052227234562,-0.16225457191467285,-0.07785266637802124,-0.004798698090439757,-0.15330716967582703,-0.06571996212005615,0.002491078720936457,background
0.0,0.0,0.0,0.006157040596008301,-0.09996265172958374,0.02135900281533054,-0.010525166988372803,-0.17439931631088257,0.02519172489806465,-0.03449690341949463,-0.21460109949111938,0.02511700116261295,-0.05480670928955078,-0.2251223921775818,0.023698188962185895,-0.024174869060516357,-0.2302754521369934,0.003216836035022652,-0.10049307346343994,-0.2342308759689331,0.0050459263303821444,-0.13863831758499146,-0.21678096055984497,0.007114213092023647,-0.1651259958744049,-0.20080268383026123,0.007883052007997549,-0.05128711462020874,-0.2150801420211792,-0.009401693342482531,-0.12817490100860596,-0.2044927477836609,-0.0014927417349497318,-0.15639585256576538,-0.17670118808746338,0.0018231622099449396,-0.17311164736747742,-0.15462124347686768,0.00016078002332164942,-0.07954251766204834,-0.18614792823791504,-0.018492610527431452,-0.14518803358078003,-0.16413354873657227,-0.0063909868320877194,-0.16262874007225037,-0.13834375143051147,-0.00034465467510358394,-0.17016920447349548,-0.11757481098175049,-0.002031367372950399,-0.10815215110778809,-0.1445288062095642,-0.02646390288904854,-0.15471503138542175,-0.1280544400215149,-0.018346683455860102,-0.16513961553573608,-0.11036783456802368,-0.01163260206416794,-0.17140641808509827,-0.09426409006118774,-0.008266720323121035,background
0.0,0.0,0.0,0.01206737756729126,-0.09390884637832642,0.009791775085290055,-0.00309830904006958,-0.171359121799469,0.005816476829608064,-0.05104410648345947,-0.2057734727859497,-0.0005036938211162578,-0.0940420925617218,-0.20821070671081543,-0.007690180148671288,0.01517176628112793,-0.2140904664993286,-0.014772624298672099,-0.07114303112030029,-0.24753057956695557,-0.026097567341963668,-0.1170005202293396,-0.23085075616836548,-0.028521911762396712,-0.14093327522277832,-0.21115601062774658,-0.028459589518348594,-0.00844794511795044,-0.20233255624771118,-0.025065280087034125,-0.09966453909873962,-0.23403096199035645,-0.031255309991280456,-0.13647836446762085,-0.20348113775253296,-0.029678370393554587,-0.15600037574768066,-0.17431408166885376,-0.029900550432245154,-0.03920811414718628,-0.1823919415473938,-0.03349514078323068,-0.12179368734359741,-0.20685654878616333,-0.036725876442829986,-0.1512516736984253,-0.17665958404541016,-0.03331598039690675,-0.16676869988441467,-0.14479011297225952,-0.03312067832771959,-0.07563996315002441,-0.15371572971343994,-0.040797652266661544,-0.13497582077980042,-0.16243451833724976,-0.04473539214555444,-0.1586839258670807,-0.14872628450393677,-0.043662352077404876,-0.17604553699493408,-0.13341903686523438,-0.04291373636547746,background
0.0,0.0,0.0,0.0227816104888916,-0.0744626522064209,0.012065808763665586,0.0214654803276062,-0.15703612565994263,0.011238225279313951,-0.010577201843261719,-0.21078050136566162,0.007945149680537611,-0.04396158456802368,-0.23604804277420044,0.003791000237626463,0.04924976825714111,-0.19172203540802002,-0.0026379388198876086,-0.0028238296508789062,-0.2674442529678345,-0.014035572754281134,-0.04054129123687744,-0.30148178339004517,-0.02063590613200006,-0.06604772806167603,-0.3187139630317688,-0.023287124456899733,0.027702033519744873,-0.18200016021728516,-0.013627594793277353,-0.030793845653533936,-0.25998377799987793,-0.01957752321852979,-0.06576192378997803,-0.28629541397094727,-0.020061943205135435,-0.08984783291816711,-0.30120187997817993,-0.02056106504990396,-0.002105236053466797,-0.17000484466552734,-0.023783493312137693,-0.05548053979873657,-0.2431923747062683,-0.026599904047387213,-0.08419600129127502,-0.2682734727859497,-0.022101317988770575,-0.10334372520446777,-0.28283339738845825,-0.0197025979776555,-0.0388873815536499,-0.15242815017700195,-0.03291176770819959,-0.0791691243648529,-0.21396076679229736,-0.03443373133434591,-0.09977862238883972,-0.24298620223999023,-0.030122477086322874,-0.11621654033660889,-0.266740620136261,-0.026409117030041784,background
0.0,0.0,0.0,0.021631896495819092,-0.06669658422470093,0.024580092091383676,0.024479925632476807,-0.13913625478744507,0.031643121425332765,0.013100206851959229,-0.1923874020576477,0.03302075985473607,-0.006965339183807373,-0.22455638647079468,0.03237929094237302,0.05665719509124756,-0.16530197858810425,0.01017144966525052,0.025928914546966553,-0.26113277673721313,0.0028746856062582538,-0.00296938419342041,-0.3046172857284546,-0.0004808064747692242,-0.026294708251953125,-0.3311115503311157,-0.0014265405095272854,0.043388187885284424,-0.16912353038787842,-0.007536346636442204,0.010077238082885742,-0.27486759424209595,-0.012253607701239844,-0.01915651559829712,-0.3198103606700897,-0.013025238256631155,-0.0439181923866272,-0.3481403589248657,-0.0130724805255511,0.017303287982940674,-0.1664658784866333,-0.023729226629910727,-0.01064234972000122,-0.2734801769256592,-0.028743174936352034,-0.03563249111175537,-0.31706804037094116,-0.02859568510550048,-0.057219862937927246,-0.34749075770378113,-0.027976627539572974,-0.01986020803451538,-0.15693700313568115,-0.037298069413481016,-0.040315210819244385,-0.24646306037902832,-0.042784256007252,-0.055646657943725586,-0.2870650887489319,-0.04081082817512538,-0.07031738758087158,-0.3178805410861969,-0.038019985969839354,background
0.0,0.0,0.0,0.03421163558959961,-0.06763565540313721,0.026085939050272344,0.04041934013366699,-0.12868666648864746,0.0345057470505985,0.030985116958618164,-0.1724674105644226,0.03641875812466466,0.011374235153198242,-0.19998472929000854,0.035924829334572195,0.0526348352432251,-0.153103768825531,0.019811352506831525,0.040220558643341064,-0.24029159545898438,0.014769562312022089,0.02474355697631836,-0.2884944677352905,0.01159871069397056,0.00963294506072998,-0.32485148310661316,0.010087150872305273,0.0395275354385376,-0.16288995742797852,0.001620532736733793,0.030018925666809082,-0.26407086849212646,-0.0021649361340401185,0.013635754585266113,-0.31597161293029785,-0.004072204440280558,-0.003273606300354004,-0.35236287117004395,-0.005105634428009154,0.015581727027893066,-0.16625118255615234,-0.015464553817555071,0.006939888000488281,-0.26460790634155273,-0.018207790538117052,-0.007868409156799316,-0.31596630811691284,-0.02123719660882628,-0.02150106430053711,-0.35305169224739075,-0.02329122295920527,-0.018137753009796143,-0.1646093726158142,-0.030139748215123774,-0.021709024906158447,-0.24695926904678345,-0.03207967451159632,-0.028320908546447754,-0.29237866401672363,-0.03130649051015055,-0.03547424077987671,-0.3282633423805237,-0.030354974999472262,background
0.0,0.0,0.0,0.03668344020843506,-0.07231283187866211,0.023025160830691505,0.040276944637298584,-0.13564050197601318,0.030557261955216575,0.027986764907836914,-0.1780800223350525,0.03178841265685861,0.008432745933532715,-0.2041648030281067,0.030513573613241363,0.04812341928482056,-0.16127872467041016,0.019677767705395866,0.04086732864379883,-0.23992490768432617,0.015245351184383082,0.03212440013885498,-0.2869722843170166,0.011268972594514537,0.02270185947418213,-0.3244273066520691,0.00893183815129106,0.03187263011932373,-0.16909587383270264,0.002981153492108035,0.026485145092010498,-0.262140691280365,0.00046266790082682974,0.01763463020324707,-0.31333643198013306,-0.0015550760428979515,0.0074574947357177734,-0.3513031005859375,-0.002884027838483405,0.006335437297821045,-0.16918283700942993,-0.012965909030064893,0.0010958313941955566,-0.26151135563850403,-0.014019526365920854,-0.0066748857498168945,-0.3119884133338928,-0.016567056823298287,-0.013299405574798584,-0.35070696473121643,-0.018819955933615518,-0.028590619564056396,-0.16295939683914185,-0.026975178915783715,-0.02903163433074951,-0.23593896627426147,-0.026824049476310563,-0.03069937229156494,-0.2782670557498932,-0.024914873588606667,-0.03262096643447876,-0.3135000467300415,-0.023546211246177506,background
0.0,0.0,0.0,0.03629803657531738,-0.06662029027938843,0.02108492916109128,0.03993260860443115,-0.1254056692123413,0.027393803276439144,0.02852994203567505,-0.16231423616409302,0.02788553041996522,0.010692417621612549,-0.18559694290161133,0.025875354461689426,0.04733699560165405,-0.15551155805587769,0.01396383838387294,0.04413563013076782,-0.23647958040237427,0.008386614077110721,0.03854018449783325,-0.2844194173812866,0.004892107375283672,0.03244823217391968,-0.3226543664932251,0.003009082326983048,0.029840409755706787,-0.16502755880355835,-0.0022712386712981925,0.02840721607208252,-0.26084035634994507,-0.006307310614417361,0.02139812707901001,-0.3143124580383301,-0.008777627445439862,0.014141857624053955,-0.35375097393989563,-0.010297746121565865,0.004563391208648682,-0.1663036346435547,-0.017563067100624608,0.004126906394958496,-0.25735992193222046,-0.020043963290433453,-0.0020146965980529785,-0.3098147511482239,-0.024038983232955502,-0.007005274295806885,-0.3497083783149719,-0.027138430349211262,-0.028615891933441162,-0.16027384996414185,-0.03094918439505534,-0.025525689125061035,-0.2328507900238037,-0.03305744352159934,-0.0262337327003479,-0.2757377326488495,-0.032995033733229207,-0.027902305126190186,-0.31158918142318726,-0.03268950404940085,background
0.0,0.0,0.0,0.03470909595489502,-0.06981992721557617,0.021358108915123353,0.03965193033218384,-0.12896472215652466,0.028175993658337006,0.028301715850830078,-0.16825354099273682,0.028776445261868844,0.011212646961212158,-0.19411855936050415,0.027007001287969956,0.05115926265716553,-0.15083229541778564,0.018848658375176797,0.04672056436538696,-0.22998732328414917,0.013582918628785023,0.0382654070854187,-0.28001949191093445,0.009601256645950684,0.029305994510650635,-0.3212864398956299,0.0068881780129999015,0.03412967920303345,-0.16254019737243652,0.002228318083766112,0.03533124923706055,-0.2568626403808594,-0.0019188481860652473,0.029223978519439697,-0.3091130256652832,-0.004996352061894527,0.02255016565322876,-0.34813010692596436,-0.006969851140198102,0.00848686695098877,-0.16652530431747437,-0.013789639041092983,0.010397553443908691,-0.2579852044582367,-0.016302018590536704,0.006689608097076416,-0.30921313166618347,-0.019751572214332214,0.004374027252197266,-0.34642207622528076,-0.02250317593690454,-0.02628040313720703,-0.1643020510673523,-0.02808961195525228,-0.02133554220199585,-0.235118567943573,-0.02923630287524759,-0.019645214080810547,-0.27760452032089233,-0.02848871161815225,-0.017252981662750244,-0.31283605098724365,-0.027990774415698638,background
0.0,0.0,0.0,0.03460848331451416,-0.06854033470153809,0.027549445658451077,0.04000139236450195,-0.12426656484603882,0.03938896770728206,0.030757606029510498,-0.16252613067626953,0.04395120780122852,0.015165388584136963,-0.18682074546813965,0.04562940265191173,0.05236011743545532,-0.141268789768219,0.030936813011294362,0.04646944999694824,-0.21738046407699585,0.030290728464251515,0.037317872047424316,-0.2648257315158844,0.02912414635670757,0.029205024242401123,-0.30435532331466675,0.02813522893143272,0.03729134798049927,-0.15683048963546753,0.013045574567740914,0.04162740707397461,-0.24846214056015015,0.012642992689734456,0.037751615047454834,-0.2964339256286621,0.011552418611472604,0.03470796346664429,-0.33291900157928467,0.011124085664278027,0.012485206127166748,-0.16480135917663574,-0.004280101478570941,0.016699552536010742,-0.2550758719444275,-0.004609253228181842,0.015093088150024414,-0.30400338768959045,-0.007587958563590291,0.016125202178955078,-0.34082168340682983,-0.009857298776978496,-0.022498011589050293,-0.16732454299926758,-0.019315397337550166,-0.01626032590866089,-0.2411215901374817,-0.01946194466995621,-0.012757062911987305,-0.28313490748405457,-0.018248129606718066,-0.00796586275100708,-0.3188333809375763,-0.01729863320338154,background
0.0,0.0,0.0,0.03478473424911499,-0.06147134304046631,0.024475157069122844,0.04038870334625244,-0.11463016271591187,0.03529705646828418,0.03183877468109131,-0.15376770496368408,0.0394096242208839,0.0175667405128479,-0.17880100011825562,0.04087934065059429,0.05062657594680786,-0.13323146104812622,0.026885855751192622,0.04484742879867554,-0.21008169651031494,0.024130163522517734,0.0357089638710022,-0.2588873505592346,0.02240159529641872,0.02814537286758423,-0.29861027002334595,0.021359629737293773,0.038906872272491455,-0.1492505669593811,0.009770376416003757,0.04417139291763306,-0.24353396892547607,0.006592790404415183,0.03975379467010498,-0.29371392726898193,0.005204494850790553,0.03565269708633423,-0.33040690422058105,0.005079271545714192,0.016404449939727783,-0.15828967094421387,-0.007084751693451352,0.021596908569335938,-0.2502436935901642,-0.01020087972834105,0.01964890956878662,-0.29885974526405334,-0.013362008338713594,0.01978224515914917,-0.3341132700443268,-0.015022006077611394,-0.01782238483428955,-0.16241848468780518,-0.021859126357281156,-0.010124027729034424,-0.23642027378082275,-0.02397468705281014,-0.0056874752044677734,-0.2789384722709656,-0.023516884265387006,-0.00047594308853149414,-0.3149981200695038,-0.02285369504793877,background
0.0,0.0,0.0,0.032117366790771484,-0.06419628858566284,0.023471039240689606,0.036397695541381836,-0.11848312616348267,0.032629782786102624,0.027183234691619873,-0.15584462881088257,0.035280520548553795,0.012592315673828125,-0.18085694313049316,0.03530273817989382,0.04615437984466553,-0.13539975881576538,0.023439409663410515,0.0412982702255249,-0.2120484709739685,0.01888230115685019,0.03339415788650513,-0.25951340794563293,0.016133811776967377,0.027024924755096436,-0.29843831062316895,0.014465041910739274,0.03561890125274658,-0.14834529161453247,0.006064598900707097,0.0401686429977417,-0.24285531044006348,0.0012036402341664143,0.03612971305847168,-0.2933177351951599,-0.0011095747021272473,0.032280564308166504,-0.33147132396698,-0.0019287382154971056,0.014353573322296143,-0.1552615761756897,-0.011054216431944042,0.01790595054626465,-0.24647337198257446,-0.015537018435566097,0.016533970832824707,-0.2945358157157898,-0.01945063799109903,0.017242431640625,-0.33057913184165955,-0.021646262625722557,-0.01824086904525757,-0.15805691480636597,-0.026108972276119857,-0.011469841003417969,-0.22985702753067017,-0.029373686308531433,-0.007224917411804199,-0.27118366956710815,-0.029665585155157714,-0.0022236108779907227,-0.306479811668396,-0.02962955601003614,background
0.0,0.0,0.0,0.03162956237792969,-0.06284171342849731,0.02527442664225177,0.03583264350891113,-0.11725366115570068,0.03771951325554923,0.027779221534729004,-0.15555012226104736,0.04339747779388503,0.01536107063293457,-0.1811237335205078,0.046763262677384176,0.04580312967300415,-0.1335729956626892,0.030184616300655165,0.04177123308181763,-0.20863193273544312,0.02857882432956771,0.034893691539764404,-0.2577679753303528,0.027530622634483137,0.028826773166656494,-0.29775285720825195,0.026711157489014425,0.0369570255279541,-0.14705246686935425,0.013243937830818453,0.04188334941864014,-0.23959845304489136,0.01011882346440629,0.03959357738494873,-0.28909188508987427,0.008370700258208075,0.03772735595703125,-0.3263726830482483,0.007816616411698618,0.0169561505317688,-0.1555141806602478,-0.003641669206874809,0.02222985029220581,-0.24413985013961792,-0.007630710524129114,0.022378742694854736,-0.29245132207870483,-0.012633984942542753,0.02401900291442871,-0.3275814652442932,-0.015472525764810285,-0.015034317970275879,-0.16088664531707764,-0.018307591822551927,-0.007222414016723633,-0.23163586854934692,-0.02199122406225129,-0.0031384825706481934,-0.2735271751880646,-0.023872702416586122,0.0012159943580627441,-0.30898165702819824,-0.02500127724986001,background
0.0,0.0,0.0,0.029644906520843506,-0.05884504318237305,0.024171646832463978,0.03229475021362305,-0.1131930947303772,0.03586300291025424,0.023037850856781006,-0.1518385410308838,0.04109528861844325,0.010702967643737793,-0.1784784197807312,0.044063298179743526,0.04370337724685669,-0.13379472494125366,0.026111195011971233,0.038636207580566406,-0.20809608697891235,0.0230841042091825,0.03182154893875122,-0.256161093711853,0.021415507568953274,0.027462542057037354,-0.295519083738327,0.020125342681048153,0.03539818525314331,-0.14700889587402344,0.009220259412167309,0.038754284381866455,-0.24087023735046387,0.00391427209505224,0.036795973777770996,-0.2906160354614258,0.0013581918636091928,0.03624981641769409,-0.32797086238861084,0.0006153697930031399,0.015648245811462402,-0.15493929386138916,-0.0074338618116698285,0.01583099365234375,-0.24334228038787842,-0.01341188404804683,0.01541680097579956,-0.2928723394870758,-0.019000062570931675,0.01753854751586914,-0.3303683400154114,-0.021889347434999706,-0.015838146209716797,-0.158899188041687,-0.021822070554854633,-0.011834859848022461,-0.22998744249343872,-0.026692896933319332,-0.009194135665893555,-0.2711772918701172,-0.028738971651556255,-0.005154728889465332,-0.30636167526245117,-0.029825258852007153,background
0.0,0.0,0.0,0.029774785041809082,-0.058219194412231445,0.025450816493195916,0.0324321985244751,-0.11310571432113647,0.03785358008341255,0.0227852463722229,-0.1538701057434082,0.04389730107383194,0.010332942008972168,-0.1811842918395996,0.047694329287571335,0.04503971338272095,-0.13616812229156494,0.025642793740791703,0.0392720103263855,-0.21125179529190063,0.02380305167631569,0.032452166080474854,-0.25861334800720215,0.023473616804642106,0.028176546096801758,-0.2972595691680908,0.023241231333178902,0.03618413209915161,-0.15002191066741943,0.008613146025401974,0.037596166133880615,-0.24558889865875244,0.004344509564054633,0.03549915552139282,-0.2953954339027405,0.0035733837854987627,0.03452754020690918,-0.33089321851730347,0.004454027045232678,0.016323566436767578,-0.15780091285705566,-0.007865909371810531,0.014645934104919434,-0.24826252460479736,-0.012169715833204364,0.013421118259429932,-0.2991025745868683,-0.015966616455751037,0.014916300773620605,-0.33770525455474854,-0.017584532384114837,-0.015169620513916016,-0.15995031595230103,-0.02198123361571369,-0.013662278652191162,-0.2340366244316101,-0.024804517511563873,-0.011324107646942139,-0.2753121852874756,-0.024934034679370498,-0.007496953010559082,-0.3095013499259949,-0.02456098783417282,background
0.0,0.0,0.0,0.027407467365264893,-0.05753505229949951,0.02807384086019482,0.029501914978027344,-0.11366236209869385,0.04254326139754738,0.01955050230026245,-0.15612447261810303,0.05042957057423081,0.006346523761749268,-0.1849226951599121,0.056192900139755864,0.0462302565574646,-0.14432138204574585,0.030133846301502842,0.03399181365966797,-0.22377926111221313,0.030774728480643887,0.024354755878448486,-0.2737540602684021,0.03197976117200341,0.018136203289031982,-0.3149041533470154,0.032564058054155964,0.039739906787872314,-0.15833061933517456,0.012968931432730813,0.03323566913604736,-0.25699669122695923,0.01094152786946978,0.026670217514038086,-0.3090810775756836,0.0110271583235928,0.022828519344329834,-0.3464197516441345,0.012352041054434437,0.01999211311340332,-0.16677284240722656,-0.0033565973007014804,0.010667622089385986,-0.26016783714294434,-0.0059107028954556995,0.005415022373199463,-0.31278806924819946,-0.008691203694873195,0.004559159278869629,-0.3530988097190857,-0.009784317489796024,-0.013227581977844238,-0.1706964373588562,-0.017171342771582943,-0.01702880859375,-0.24707931280136108,-0.01893943446510349,-0.017347216606140137,-0.28946518898010254,-0.01828725161784206,-0.015078127384185791,-0.3247145414352417,-0.017256083812647205,background
0.0,0.0,0.0,0.02291971445083618,-0.0624544620513916,0.0361137526780837,0.022723257541656494,-0.12093204259872437,0.054729385927366536,0.014184534549713135,-0.16261684894561768,0.06501464422051839,0.0011017918586730957,-0.19065797328948975,0.07273498053853444,0.04612535238265991,-0.15275907516479492,0.04161287720506124,0.02644658088684082,-0.23499441146850586,0.04601963485782079,0.012247025966644287,-0.28604745864868164,0.048663853362249654,0.0026189684867858887,-0.32774555683135986,0.04976530621950559,0.04142332077026367,-0.16417646408081055,0.020998547479557317,0.027457833290100098,-0.26452183723449707,0.023584187656688016,0.01660078763961792,-0.31776517629623413,0.024492262557195943,0.009296178817749023,-0.3571145534515381,0.025370406612800878,0.021795809268951416,-0.1707499623298645,0.0015066640191250258,0.006345510482788086,-0.2662191390991211,0.0025163334068381005,-0.0033420920372009277,-0.3198170065879822,0.0004902758957356923,-0.0077402591705322266,-0.36286407709121704,-0.001151682299514789,-0.011928141117095947,-0.1749129295349121,-0.014977913655293662,-0.02064615488052368,-0.2536463141441345,-0.015109377287281234,-0.023427605628967285,-0.29653894901275635,-0.013962692886543948,-0.022855401039123535,-0.33352112770080566,-0.013076968796504218,background
0.0,0.0,0.0,0.013340175151824951,-0.06043112277984619,0.03183392461053103,0.011986374855041504,-0.11952793598175049,0.04818433548918932,0.003168821334838867,-0.16219794750213623,0.056695752103244956,-0.010494649410247803,-0.1907990574836731,0.0630384425412771,0.045106709003448486,-0.1552777886390686,0.0390884543549177,0.02419227361679077,-0.23811990022659302,0.042824741710340675,0.009899616241455078,-0.29078930616378784,0.04419840525499552,0.00021272897720336914,-0.3343229293823242,0.04395449187270373,0.04224449396133423,-0.1652613878250122,0.01972680005840033,0.02406001091003418,-0.2647280693054199,0.023023389537250694,0.011949002742767334,-0.3178079128265381,0.022964606318986114,0.004000544548034668,-0.35845667123794556,0.02207365099004477,0.023981451988220215,-0.17131686210632324,0.0010059923179355224,0.003177940845489502,-0.2654517889022827,0.002280528448885377,-0.00963670015335083,-0.31883490085601807,-0.0007024324486124556,-0.01646214723587036,-0.36240482330322266,-0.003973975985879008,-0.008846104145050049,-0.17640751600265503,-0.015297723676646058,-0.022532522678375244,-0.2524673342704773,-0.015768447633469407,-0.028397858142852783,-0.29536688327789307,-0.015872558321440522,-0.03035980463027954,-0.33276182413101196,-0.016619341190541093,background
0.0,0.0,0.0,0.0024445056915283203,-0.05367887020111084,0.025672081692441395,-0.0024425387382507324,-0.11030840873718262,0.038365751339419774,-0.011195778846740723,-0.15364468097686768,0.04461781664036124,-0.02458953857421875,-0.18223929405212402,0.0489262266292414,0.040437161922454834,-0.15536361932754517,0.03066207824490874,0.013857603073120117,-0.23850297927856445,0.03281250206969588,-0.004121720790863037,-0.2917671799659729,0.032931804491504124,-0.017158091068267822,-0.33475685119628906,0.03178476898215621,0.03799569606781006,-0.16548240184783936,0.013821517883165768,0.015221476554870605,-0.26734691858291626,0.01607955044351428,-0.0004534125328063965,-0.32019203901290894,0.014959297908767155,-0.011441230773925781,-0.36011093854904175,0.013106930835469655,0.019369900226593018,-0.1711331605911255,-0.0023748224393287387,-0.004587054252624512,-0.26646536588668823,-0.002378533992619225,-0.019435644149780273,-0.3198566436767578,-0.006421712392643997,-0.028499066829681396,-0.36309367418289185,-0.01040736043609769,-0.014153122901916504,-0.17512530088424683,-0.016491780223027774,-0.030080854892730713,-0.2511637210845947,-0.01791371980466039,-0.03747826814651489,-0.29439109563827515,-0.018615467639342853,-0.04088461399078369,-0.3319762945175171,-0.01972953991748483,background
0.0,0.0,0.0,0.00986391305923462,-0.0678892731666565,0.02505022310158722,0.006132006645202637,-0.13390058279037476,0.0361528622402858,-0.006276369094848633,-0.18137812614440918,0.041614160169572756,-0.022136449813842773,-0.2111417055130005,0.045087862987728045,0.039269983768463135,-0.16960811614990234,0.020966192935318873,0.0074994564056396484,-0.25452977418899536,0.018918112148256228,-0.012441396713256836,-0.3063664436340332,0.01700446032425873,-0.026173293590545654,-0.34902065992355347,0.014930511121363566,0.03307276964187622,-0.1752183437347412,0.004255199101478979,0.002262711524963379,-0.2777619957923889,0.0011730048523332925,-0.017015695571899414,-0.33292633295059204,-0.0017391931082073597,-0.03147035837173462,-0.373835027217865,-0.004120898205130175,0.011758625507354736,-0.1760159134864807,-0.011121540102450922,-0.020818710327148438,-0.274172306060791,-0.015274205017178133,-0.038829505443573,-0.3288261294364929,-0.02013548068264015,-0.05027186870574951,-0.3728805482387543,-0.023780941735296324,-0.02360367774963379,-0.173051118850708,-0.02407072275438793,-0.046224892139434814,-0.2529047727584839,-0.02891240618684776,-0.05770742893218994,-0.29861539602279663,-0.030744228284149244,-0.06462472677230835,-0.33857983350753784,-0.031843825946836546,background
0.0,0.0,0.0,0.021712422370910645,-0.0697784423828125,0.02009282961020631,0.018737375736236572,-0.13846617937088013,0.025847201715208712,-0.0007432103157043457,-0.1889204978942871,0.026777376900412264,-0.025591254234313965,-0.21717184782028198,0.025121872792936983,0.03602069616317749,-0.17495322227478027,0.007632123320348683,0.002154707908630371,-0.2632923126220703,7.501373269747091e-05,-0.01835191249847412,-0.314810574054718,-0.00470616899897891,-0.03420287370681763,-0.35708996653556824,-0.008008916382692632,0.024457573890686035,-0.17663568258285522,-0.008087567505441484,-0.01211017370223999,-0.28149914741516113,-0.014670310062371072,-0.03364330530166626,-0.33683693408966064,-0.01824742228259879,-0.05090498924255371,-0.3789369761943817,-0.02135742873420554,0.0003815293312072754,-0.17309832572937012,-0.02246992148926097,-0.0364108681678772,-0.2745000123977661,-0.028772166450522718,-0.056037306785583496,-0.32746195793151855,-0.03330351457466918,-0.06947621703147888,-0.36967310309410095,-0.03704611257185775,-0.035740017890930176,-0.16505402326583862,-0.03472831517925101,-0.06343615055084229,-0.24459505081176758,-0.04096406370868522,-0.0760800838470459,-0.28998082876205444,-0.04299650758972007,-0.08449208736419678,-0.3299948573112488,-0.04446242794861632,background
0.0,0.0,0.0,0.019408345222473145,-0.07891631126403809,0.016011420666668386,0.012735247611999512,-0.1534438133239746,0.018104903429243535,-0.01537090539932251,-0.20440363883972168,0.01648935306021926,-0.04714733362197876,-0.22834980487823486,0.012368407129738301,0.026985645294189453,-0.1856750249862671,-0.0017948145685160455,-0.006430149078369141,-0.27759116888046265,-0.011718965106215506,-0.028663456439971924,-0.32910245656967163,-0.017809761658813983,-0.04625433683395386,-0.36962324380874634,-0.021349504560735255,0.009618937969207764,-0.18117350339889526,-0.01643604409744981,-0.031616926193237305,-0.2853178381919861,-0.023948419809844523,-0.05585449934005737,-0.34090474247932434,-0.027591271296646624,-0.07485434412956238,-0.3830176293849945,-0.03040008989026788,-0.018285810947418213,-0.17011100053787231,-0.029479727119710475,-0.05958348512649536,-0.27069318294525146,-0.03564339686980489,-0.08155924081802368,-0.3237723708152771,-0.03878504966249707,-0.09690648317337036,-0.36617961525917053,-0.04137343724122289,-0.05585139989852905,-0.1532961130142212,-0.04064709131469968,-0.08740508556365967,-0.23139029741287231,-0.04577450265040639,-0.10144326090812683,-0.2748243808746338,-0.04545619894614461,-0.11154738068580627,-0.31185382604599,-0.044834764645006686,background
0.0,0.0,0.0,0.020857572555541992,-0.08159172534942627,0.017702419307418893,0.012333214282989502,-0.15447258949279785,0.021065834906288217,-0.015543341636657715,-0.20108211040496826,0.020172836255618165,-0.04739564657211304,-0.2223617434501648,0.016639819365330766,0.02115452289581299,-0.19048237800598145,0.0007555944578356844,-0.014103889465332031,-0.27432775497436523,-0.007843409668318202,-0.036457836627960205,-0.3222277760505676,-0.012784802358261516,-0.05490124225616455,-0.3609098196029663,-0.015931427482179572,-0.00037747621536254883,-0.18710899353027344,-0.014423461634329726,-0.044760823249816895,-0.28275740146636963,-0.020524235445670058,-0.0708325207233429,-0.3349594473838806,-0.022973138842395713,-0.09086620807647705,-0.37397751212120056,-0.02543881908398049,-0.02952665090560913,-0.17357784509658813,-0.02811165340583699,-0.07448965311050415,-0.2628122568130493,-0.03336980007927792,-0.09625428915023804,-0.30999964475631714,-0.0360815580968179,-0.11046767234802246,-0.347697913646698,-0.03895205818455594,-0.0659022331237793,-0.1513206958770752,-0.039945675063542296,-0.10410201549530029,-0.21934688091278076,-0.045041846114806106,-0.12231656908988953,-0.25830721855163574,-0.0453206431154527,-0.13517993688583374,-0.2932624816894531,-0.04548787512224095,background
0.0,0.0,0.0,0.016411662101745605,-0.08335685729980469,0.014197848454465145,0.007326960563659668,-0.1534719467163086,0.015303725093950504,-0.02454310655593872,-0.19545239210128784,0.012483241685082191,-0.058728039264678955,-0.2110089659690857,0.0077094605158762874,0.019171059131622314,-0.1909058690071106,0.0011068338727326932,-0.026433825492858887,-0.2673962712287903,-0.008699834629545933,-0.05364835262298584,-0.309715211391449,-0.015050269946108585,-0.07435944676399231,-0.34500229358673096,-0.019288284055541283,-0.0023833513259887695,-0.1874474287033081,-0.01269913399929834,-0.05663877725601196,-0.27645331621170044,-0.019863269574592834,-0.08632868528366089,-0.32189851999282837,-0.022941551454017883,-0.10848104953765869,-0.3568260073661804,-0.025846240393470055,-0.03130906820297241,-0.17424440383911133,-0.02562640169973207,-0.08426693081855774,-0.25848597288131714,-0.03222368033940626,-0.11236196756362915,-0.2998851537704468,-0.034890731148074394,-0.13136732578277588,-0.3331197500228882,-0.03735402347857786,-0.06785804033279419,-0.15254682302474976,-0.03720673667604757,-0.11019545793533325,-0.2149897813796997,-0.0440474462729199,-0.13260722160339355,-0.25162768363952637,-0.045483258835623985,-0.14977815747261047,-0.28450602293014526,-0.04614644619042707,background
0.0,0.0,0.0,0.0042479634284973145,-0.07652711868286133,0.016130352224791977,-0.01264423131942749,-0.1482601761817932,0.018598727713907692,-0.04718106985092163,-0.18688470125198364,0.01585840044506881,-0.08431106805801392,-0.19603216648101807,0.012145101856077645,0.018366098403930664,-0.20472073554992676,0.014061300847316716,-0.045820772647857666,-0.2600772976875305,0.005059203430647585,-0.0873752236366272,-0.27769654989242554,-0.004004924260442522,-0.11771464347839355,-0.28669047355651855,-0.00925524177065995,-0.004974722862243652,-0.2043946385383606,0.0020534129064628814,-0.07241976261138916,-0.26113057136535645,-0.0012193823283439542,-0.11112746596336365,-0.26810550689697266,-0.005062378645305898,-0.1409827172756195,-0.2669929265975952,-0.008497766387080219,-0.034707486629486084,-0.1929754614830017,-0.00946309993079808,-0.10080817341804504,-0.24322205781936646,-0.01072863319924977,-0.13552534580230713,-0.24495506286621094,-0.0120086643662205,-0.16100400686264038,-0.2400568723678589,-0.013820381071781185,-0.07093960046768188,-0.1722530722618103,-0.019991975445663,-0.12146297097206116,-0.20409250259399414,-0.019511152226840522,-0.14886364340782166,-0.21258360147476196,-0.018377442080890205,-0.17243844270706177,-0.21511083841323853,-0.017409596760188606,background
0.0,0.0,0.0,-0.023193538188934326,-0.06421691179275513,0.002692406606655595,-0.04463165998458862,-0.12879300117492676,-0.004702674382571104,-0.07557535171508789,-0.16286033391952515,-0.015079565038178089,-0.10583388805389404,-0.17327439785003662,-0.025571803254280212,0.009267449378967285,-0.21034324169158936,0.0004791248818207805,-0.0648922324180603,-0.25551456212997437,-0.01683540145793927,-0.10929816961288452,-0.26320159435272217,-0.032774311182294014,-0.13911110162734985,-0.26183873414993286,-0.04177657577136529,-0.005533754825592041,-0.20847481489181519,-0.008076658164355877,-0.0782996416091919,-0.2557066082954407,-0.020832034451160553,-0.12078145146369934,-0.24479401111602783,-0.03032847742477429,-0.15199998021125793,-0.224007248878479,-0.03575871947148812,-0.0287439227104187,-0.1953803300857544,-0.017189223942551735,-0.1004132628440857,-0.2324236035346985,-0.026146513101849678,-0.1376749575138092,-0.21553748846054077,-0.02981549377480519,-0.16258090734481812,-0.19458061456680298,-0.031649344292674186,-0.059209227561950684,-0.17261284589767456,-0.02642407516876233,-0.11476165056228638,-0.19312191009521484,-0.03053668017426503,-0.1416020691394806,-0.1845725178718567,-0.03014041359463704,-0.16127851605415344,-0.17274409532546997,-0.028849580017123344,background
0.0,0.0,0.0,-0.05817359685897827,-0.048949360847473145,0.004499757638598112,-0.07611602544784546,-0.10294556617736816,-0.0011659648973250114,-0.09042274951934814,-0.14184999465942383,-0.011687592161422344,-0.09773367643356323,-0.1723703145980835,-0.020464842697208496,0.018477559089660645,-0.21442729234695435,0.007318771886104969,-0.05787473917007446,-0.25659167766571045,-0.010414653015857311,-0.09444469213485718,-0.21710580587387085,-0.024961221521323296,-0.10369616746902466,-0.17254102230072021,-0.032255967637127014,0.016652286052703857,-0.21572059392929077,-0.001520988322397443,-0.06951427459716797,-0.25148987770080566,-0.014794869837885471,-0.10177725553512573,-0.21109521389007568,-0.02329564981681642,-0.11124622821807861,-0.16849100589752197,-0.02830201343221006,0.0030596256256103516,-0.20729124546051025,-0.011874163081472489,-0.08604025840759277,-0.2314915657043457,-0.026396570285385224,-0.11266368627548218,-0.1870597004890442,-0.03074990727526483,-0.11890918016433716,-0.14214420318603516,-0.03192791484815416,-0.022397398948669434,-0.19205307960510254,-0.022214518418138596,-0.09297257661819458,-0.2005476951599121,-0.033819919010227295,-0.1193246841430664,-0.17119508981704712,-0.03710361712199983,-0.1335005760192871,-0.13831490278244019,-0.03719691329223451,background
0.0,0.0,0.0,-0.06210130453109741,-0.06801092624664307,0.005985705859927748,-0.07772785425186157,-0.12994170188903809,9.443808943387921e-05,-0.09014594554901123,-0.18429827690124512,-0.011280593715639498,-0.09632349014282227,-0.22930628061294556,-0.020498205229671385,0.024228155612945557,-0.2232530117034912,0.014279522679714773,-0.05780583620071411,-0.25810277462005615,-0.005033112384410288,-0.08394789695739746,-0.2058321237564087,-0.021332493305237676,-0.08444452285766602,-0.15668326616287231,-0.029707338914306547,0.028376519680023193,-0.2242295742034912,0.0024135948419257147,-0.07111966609954834,-0.25385135412216187,-0.020872695624859716,-0.09063470363616943,-0.18939131498336792,-0.03295476573708811,-0.08396023511886597,-0.13777011632919312,-0.03678680050376215,0.018557369709014893,-0.21662276983261108,-0.011064297772975351,-0.08099567890167236,-0.2360609769821167,-0.03412591877582827,-0.09357166290283203,-0.17120015621185303,-0.037619581699402715,-0.08191102743148804,-0.11881744861602783,-0.03496002990010538,-0.002911865711212158,-0.20303982496261597,-0.024534451097281362,-0.08131688833236694,-0.21269601583480835,-0.04397735211256304,-0.09966069459915161,-0.16966450214385986,-0.04790733221176424,-0.09961748123168945,-0.1320246458053589,-0.045985928058655645,background
0.0,0.0,0.0,-0.0538334846496582,-0.06535732746124268,0.007375666719269702,-0.06303715705871582,-0.12101465463638306,0.0013759530488073324,-0.07053577899932861,-0.1642938256263733,-0.010457753821867755,-0.0798799991607666,-0.1959933638572693,-0.021174805856901457,0.03209275007247925,-0.2129894495010376,0.014917858258229444,-0.05275946855545044,-0.25061386823654175,-0.004107488006013682,-0.07880312204360962,-0.20361328125,-0.02168821977790003,-0.07892239093780518,-0.15397685766220093,-0.030796562008220008,0.030231237411499023,-0.21719855070114136,0.0024670712522834037,-0.07048255205154419,-0.24401450157165527,-0.01716275761242514,-0.08796519041061401,-0.18297624588012695,-0.028523902095514586,-0.07943558692932129,-0.131413996219635,-0.03268825883384352,0.01598280668258667,-0.21090912818908691,-0.011480403750795176,-0.0801287293434143,-0.2308710813522339,-0.03171187142248755,-0.09011727571487427,-0.16385728120803833,-0.03470397616143828,-0.07666301727294922,-0.11048418283462524,-0.03259886676784163,-0.008043050765991211,-0.19819235801696777,-0.02549490394409304,-0.0778881311416626,-0.21200484037399292,-0.04198893035169249,-0.09660893678665161,-0.1674593687057495,-0.04354235032911902,-0.09725505113601685,-0.1292482614517212,-0.04054520527239447,background
0.0,0.0,0.0,-0.01199042797088623,-0.06399405002593994,0.0068689512061155256,-0.01749253273010254,-0.12277483940124512,0.0019147303626141365,-0.03477513790130615,-0.16603457927703857,-0.007757301258834559,-0.05849635601043701,-0.19190531969070435,-0.01731472024971481,0.04328888654708862,-0.20498573780059814,0.007326979839263004,-0.037408292293548584,-0.2475537657737732,-0.009418303429129082,-0.06754368543624878,-0.20915931463241577,-0.024031118771972615,-0.07362723350524902,-0.165441632270813,-0.03131884457820888,0.033653080463409424,-0.2107241153717041,-0.0020065389601313655,-0.06009554862976074,-0.23625195026397705,-0.01734952563697334,-0.08117157220840454,-0.17996293306350708,-0.026488653666319806,-0.08287936449050903,-0.12967979907989502,-0.030473047218265492,0.013164043426513672,-0.205519437789917,-0.01187491352015968,-0.0770341157913208,-0.21689432859420776,-0.025005276597084958,-0.09124869108200073,-0.15598881244659424,-0.028885140365900952,-0.08946865797042847,-0.10513252019882202,-0.02968928525501724,-0.015426576137542725,-0.19292539358139038,-0.0217465751832151,-0.08247256278991699,-0.1949254274368286,-0.03363628806823726,-0.1002921462059021,-0.1572718620300293,-0.037143868676366765,-0.1076117753982544,-0.12452948093414307,-0.03686994808072086,background
0.0,0.0,0.0,0.0057160258293151855,-0.08854901790618896,0.009076824047724585,-0.0069571733474731445,-0.15856164693832397,0.0029083037368309306,-0.041237592697143555,-0.19890141487121582,-0.00831898151977839,-0.08055895566940308,-0.21360653638839722,-0.020932728788693566,0.022120952606201172,-0.22024422883987427,0.0003092099648256408,-0.06301480531692505,-0.2603679299354553,-0.01585529781027617,-0.10029083490371704,-0.2361777424812317,-0.02729735746129336,-0.11475574970245361,-0.2074088454246521,-0.033020675546367784,0.007909178733825684,-0.21894848346710205,-0.011311168215115686,-0.09162598848342896,-0.2355562448501587,-0.02753069660707297,-0.1095002293586731,-0.17875009775161743,-0.034035742646892686,-0.10937774181365967,-0.13086074590682983,-0.036968775457580705,-0.015008687973022461,-0.20459234714508057,-0.022573108217557092,-0.10871940851211548,-0.21001213788986206,-0.03632571957155051,-0.12012535333633423,-0.14995872974395752,-0.038764443612535615,-0.11711990833282471,-0.10045814514160156,-0.03894730321212592,-0.042381882667541504,-0.1813691258430481,-0.03325691110535445,-0.11048930883407593,-0.1827995777130127,-0.04531598127528014,-0.12839853763580322,-0.14798063039779663,-0.04791088066144766,-0.1384197473526001,-0.11640262603759766,-0.047520082807977815,background
0.0,0.0,0.0,-0.00650864839553833,-0.09392386674880981,0.014161077882420159,-0.026254653930664062,-0.17019867897033691,0.01003800294853363,-0.056332945823669434,-0.22546261548995972,0.0018676917257494097,-0.07799357175827026,-0.2630515694618225,-0.009932264131236934,-0.009495317935943604,-0.2270333170890808,-0.015719451387155914,-0.10265195369720459,-0.25429946184158325,-0.0274291545196661,-0.14896327257156372,-0.221544086933136,-0.03437812105261173,-0.17386549711227417,-0.1881750226020813,-0.03799510598622646,-0.023051202297210693,-0.21630889177322388,-0.028647927944291496,-0.12923157215118408,-0.22724908590316772,-0.0361910894557127,-0.15937426686286926,-0.17543232440948486,-0.037181927268136405,-0.16996771097183228,-0.12766146659851074,-0.04072238356314983,-0.04351729154586792,-0.19089478254318237,-0.03887830153547611,-0.14306285977363586,-0.1893531084060669,-0.042534834150899314,-0.15894126892089844,-0.1367778182029724,-0.041987644885409736,-0.15873956680297852,-0.08935320377349854,-0.04522254541956272,-0.06800782680511475,-0.1557673215866089,-0.047785019878972435,-0.1433916985988617,-0.1476755142211914,-0.05491299033604946,-0.16331934928894043,-0.11967527866363525,-0.05752751827679958,-0.17505598068237305,-0.09268856048583984,-0.05996239781819668,background
0.0,0.0,0.0,-0.0013481378555297852,-0.09085714817047119,0.01715598962880449,-0.018355071544647217,-0.1701970100402832,0.01644078790820913,-0.044712960720062256,-0.22907841205596924,0.011031869423163698,-0.05805158615112305,-0.2726386785507202,0.0027778685060866337,-0.017468810081481934,-0.22884505987167358,-0.011408212039100363,-0.11199092864990234,-0.25110864639282227,-0.02029452696763201,-0.14985227584838867,-0.21115505695343018,-0.02227763869188948,-0.1648012399673462,-0.17679691314697266,-0.022852750870811178,-0.03341323137283325,-0.21504127979278564,-0.025430011007415487,-0.1385626196861267,-0.21808964014053345,-0.03276442401431723,-0.1590181291103363,-0.16108286380767822,-0.030435195568429663,-0.1588810682296753,-0.11366403102874756,-0.031166324767696096,-0.056790828704833984,-0.18707561492919922,-0.03690321036003752,-0.15453892946243286,-0.18177467584609985,-0.04220014848135634,-0.16848045587539673,-0.1265619993209839,-0.038884390521275236,-0.16525804996490479,-0.08013945817947388,-0.03963148258947058,-0.08375930786132812,-0.14950108528137207,-0.046649177003132536,-0.15434253215789795,-0.14194095134735107,-0.05464634336851759,-0.17314821481704712,-0.11264580488204956,-0.05654063485883398,-0.18417257070541382,-0.08673471212387085,-0.058352474498974516,background
0.0,0.0,0.0,0.007064640522003174,-0.093813955783844,0.022495758784998543,-0.003972530364990234,-0.1713341474533081,0.024833691371668465,-0.025234997272491455,-0.2284051775932312,0.021161585180152542,-0.03723257780075073,-0.26798027753829956,0.015343532031465656,-0.011106252670288086,-0.23074525594711304,-0.001838106946024709,-0.09872812032699585,-0.2561529874801636,-0.008737139338563793,-0.1315736472606659,-0.21553486585617065,-0.009164585666667335,-0.14100244641304016,-0.18078482151031494,-0.008695266144286506,-0.03171992301940918,-0.21900349855422974,-0.01766621408046376,-0.12921816110610962,-0.2233906388282776,-0.02335217495442521,-0.14635121822357178,-0.16896653175354004,-0.01998152856708657,-0.14218252897262573,-0.1253516674041748,-0.019566700728546493,-0.056944429874420166,-0.19261175394058228,-0.030932073416124695,-0.14867085218429565,-0.18557965755462646,-0.03591124427498471,-0.16066581010818481,-0.13093507289886475,-0.031559956194769256,-0.1546749770641327,-0.08764117956161499,-0.031028523044597023,-0.08482754230499268,-0.15537041425704956,-0.041972027094971054,-0.15342172980308533,-0.1537039875984192,-0.04887101885856282,-0.1673784852027893,-0.11758452653884888,-0.047809407981048935,-0.17104297876358032,-0.08653730154037476,-0.04695628670037877,background
0.0,0.0,0.0,0.007901191711425781,-0.08876103162765503,0.018069282586793634,-0.005072653293609619,-0.16435515880584717,0.018584367300491067,-0.039970993995666504,-0.21173518896102905,0.014526213000635835,-0.07784369587898254,-0.22638773918151855,0.008393519970695706,-0.009473681449890137,-0.2296055555343628,-0.0022606179647937097,-0.09709742665290833,-0.2561461329460144,-0.009094127972502974,-0.13272351026535034,-0.22268396615982056,-0.011845690716882018,-0.14429977536201477,-0.1904851198196411,-0.012551604357440738,-0.03377455472946167,-0.21877139806747437,-0.014644345787246493,-0.12872880697250366,-0.2296319603919983,-0.015514525172193316,-0.15039131045341492,-0.1838366985321045,-0.011621110659916667,-0.15073645114898682,-0.1433284878730774,-0.011597823870260981,-0.06177982687950134,-0.19402587413787842,-0.024753307510991363,-0.1489199995994568,-0.1935635209083557,-0.023558215756793288,-0.16437146067619324,-0.14697802066802979,-0.019335316081424025,-0.16129928827285767,-0.10558885335922241,-0.020200639550466803,-0.09062492847442627,-0.1590508222579956,-0.033381701965709,-0.15497392416000366,-0.15370780229568481,-0.0345868967071965,-0.17075955867767334,-0.12403428554534912,-0.03243475924887207,-0.17620432376861572,-0.09592926502227783,-0.03146346803464439,background
0.0,0.0,0.0,0.006856441497802734,-0.08208906650543213,0.012834119585590997,-0.005530893802642822,-0.16752761602401733,0.01306006403012816,-0.02394545078277588,-0.23100614547729492,0.009188286003904977,-0.032951802015304565,-0.2714756727218628,0.0038287963003540426,-0.01499795913696289,-0.2323390245437622,-0.0038996429897224516,-0.10701560974121094,-0.2615439295768738,-0.014409505787057242,-0.1438879370689392,-0.23659253120422363,-0.017563705357474646,-0.15704986453056335,-0.2154523730278015,-0.01797335690514501,-0.03729778528213501,-0.21640300750732422,-0.01539709142105039,-0.1367015242576599,-0.23621273040771484,-0.022815690400761923,-0.16317403316497803,-0.19767171144485474,-0.01918214655177053,-0.1673365831375122,-0.16676229238510132,-0.016867685156626067,-0.06457650661468506,-0.18706423044204712,-0.02606715357558187,-0.1575174331665039,-0.20297443866729736,-0.0347165195520347,-0.18138337135314941,-0.16579842567443848,-0.030250611739916167,-0.1846303939819336,-0.136802077293396,-0.026925272333187422,-0.09356242418289185,-0.14663904905319214,-0.03528595997647699,-0.16277366876602173,-0.1637827754020691,-0.043311460899872145,-0.18731409311294556,-0.14466547966003418,-0.04205296470479425,-0.19995886087417603,-0.12788009643554688,-0.03949437944845613,background
0.0,0.0,0.0,-0.011098980903625488,-0.08178377151489258,0.019599833118348897,-0.038777559995651245,-0.15533357858657837,0.02207303658369142,-0.0786079466342926,-0.19143927097320557,0.01878510095420438,-0.1191023588180542,-0.19486558437347412,0.013514145801394761,-0.02395769953727722,-0.21108877658843994,0.007186350005298436,-0.10908880829811096,-0.25981420278549194,-0.003217411634892642,-0.16159221529960632,-0.2620340585708618,-0.009789746662050902,-0.1969616413116455,-0.2536507844924927,-0.0121087231090371,-0.04102492332458496,-0.2011866569519043,-0.00993147812542361,-0.13093799352645874,-0.2632080316543579,-0.014052170736164271,-0.1832270324230194,-0.2629445791244507,-0.013375102949709117,-0.22097566723823547,-0.25080418586730957,-0.012689194118053138,-0.06663757562637329,-0.17579543590545654,-0.02614319272097987,-0.15059250593185425,-0.24538713693618774,-0.03164969332274836,-0.19896206259727478,-0.24442362785339355,-0.03019134275373858,-0.2335321605205536,-0.2315964698791504,-0.028474870545238673,-0.1002829372882843,-0.13633376359939575,-0.04050657473263186,-0.1618819534778595,-0.19497519731521606,-0.04770340345558566,-0.19774046540260315,-0.20408886671066284,-0.04528928495702189,-0.22572627663612366,-0.19738435745239258,-0.04139840177950305,background
0.0,0.0,0.0,-0.013736248016357422,-0.07978343963623047,0.026263583009438207,-0.04890105128288269,-0.14580512046813965,0.032381103863315275,-0.08835229277610779,-0.17933392524719238,0.03213541724284141,-0.1241428554058075,-0.18957632780075073,0.02957928695280998,-0.0502927303314209,-0.1948254108428955,0.005357161653535059,-0.1216728687286377,-0.2728497385978699,-0.008010169933243105,-0.17358872294425964,-0.30159854888916016,-0.015141816320522139,-0.21471528708934784,-0.31655019521713257,-0.018347824434442828,-0.06032291054725647,-0.1871214509010315,-0.01680304526786358,-0.1431916058063507,-0.2820225954055786,-0.0295851439933017,-0.2015571892261505,-0.31320834159851074,-0.03368341035644562,-0.24587930738925934,-0.3275618553161621,-0.035270119527979205,-0.08014053106307983,-0.16274672746658325,-0.03717681996027977,-0.16093429923057556,-0.25903987884521484,-0.051182108441992114,-0.21772311627864838,-0.2855525016784668,-0.05697871602575333,-0.26040467619895935,-0.295590341091156,-0.05853552229206116,-0.10847204923629761,-0.12199246883392334,-0.05446807898084671,-0.17087993025779724,-0.2012385129928589,-0.06780975169937165,-0.21426326036453247,-0.2264980673789978,-0.07102467722694428,-0.2507699728012085,-0.2343418002128601,-0.07098065174619705,background
0.0,0.0,0.0,-0.052794426679611206,-0.041680753231048584,0.023943002732897956,-0.09680160880088806,-0.09571796655654907,0.032848979743624884,-0.13499382138252258,-0.12535661458969116,0.03548243215909119,-0.1686857044696808,-0.15302270650863647,0.03722761145463105,-0.07412225008010864,-0.1864180564880371,0.015706601949835974,-0.13497799634933472,-0.2706207036972046,0.0033869114019524638,-0.18395918607711792,-0.31918710470199585,-0.004365665440951627,-0.22419413924217224,-0.35553669929504395,-0.00978146453717832,-0.07491716742515564,-0.1874123215675354,-0.006110180237834495,-0.14538723230361938,-0.2936341166496277,-0.0221767933792818,-0.19731366634368896,-0.34273582696914673,-0.03225071781644706,-0.23808865249156952,-0.38156360387802124,-0.0388438781476963,-0.0882444977760315,-0.17259126901626587,-0.02763757908115272,-0.1592516303062439,-0.2756662368774414,-0.04767125153312568,-0.21237601339817047,-0.316733181476593,-0.06346704491743926,-0.2535344958305359,-0.343669593334198,-0.0720050899065483,-0.11437124013900757,-0.14559108018875122,-0.04617765971789245,-0.16949081420898438,-0.22422188520431519,-0.0665153307593811,-0.2109604775905609,-0.25371718406677246,-0.07948922791848068,-0.24747039377689362,-0.27175211906433105,-0.08729079046616439,background
0.0,0.0,0.0,-0.07940781116485596,-0.016910254955291748,0.018377325670641653,-0.12713950872421265,-0.06910574436187744,0.021155969412845366,-0.16554202139377594,-0.09439736604690552,0.018471560614031546,-0.19425249099731445,-0.11530321836471558,0.014742848636430494,-0.09601497650146484,-0.1957898736000061,0.01104399392924904,-0.14725419878959656,-0.2796474099159241,-0.0012018110734999254,-0.18667450547218323,-0.3326345682144165,-0.011718434108573206,-0.22196191549301147,-0.3713992238044739,-0.01930613146551252,-0.09252133965492249,-0.19133079051971436,-0.008577761067229517,-0.157878577709198,-0.2830823063850403,-0.018937953574734934,-0.20660622417926788,-0.32782191038131714,-0.027169124050217874,-0.2467682659626007,-0.35998982191085815,-0.034523450596410044,-0.0981602668762207,-0.1680857539176941,-0.028297615064460047,-0.1655701994895935,-0.2465999722480774,-0.03953356744177938,-0.21744155883789062,-0.28253716230392456,-0.04994707257874609,-0.2565678805112839,-0.30637603998184204,-0.05820703954823614,-0.11543616652488708,-0.13191044330596924,-0.04646790103443266,-0.16035348176956177,-0.18945980072021484,-0.05814520717986227,-0.19783088564872742,-0.22021996974945068,-0.06695299671419264,-0.2297760248184204,-0.24376249313354492,-0.07405460701711775,background
0.0,0.0,0.0,-0.08434891700744629,0.010214388370513916,0.012264173144359347,-0.1368856281042099,-0.03415316343307495,0.011246585884947535,-0.1778719127178192,-0.0580601692199707,0.004160410391051528,-0.22002601623535156,-0.07088840007781982,-0.004538759457062724,-0.11999377608299255,-0.18175363540649414,0.010400223212201354,-0.1625397652387619,-0.2702520489692688,-0.002589302703853491,-0.1998027265071869,-0.3242069482803345,-0.013686267992596868,-0.23111344873905182,-0.36677056550979614,-0.021800650617223027,-0.1104007363319397,-0.18957668542861938,-0.008711005894582513,-0.17226821184158325,-0.285652220249176,-0.020755358373861554,-0.22239188849925995,-0.32837504148483276,-0.028853584414463285,-0.2596237361431122,-0.3655739426612854,-0.03516950305376554,-0.1093176007270813,-0.17448049783706665,-0.029186778104048017,-0.17623206973075867,-0.27075791358947754,-0.04439725573931241,-0.2297157198190689,-0.31100010871887207,-0.05436890791926885,-0.2693755179643631,-0.3406033515930176,-0.06087586503301168,-0.12002861499786377,-0.1407293677330017,-0.048858458509783986,-0.17319849133491516,-0.21066343784332275,-0.06318775784049535,-0.21690082550048828,-0.24188178777694702,-0.07081879895005727,-0.2550048381090164,-0.266459584236145,-0.0762225336936524,background
0.0,0.0,0.0,-0.08919510245323181,0.016849517822265625,0.026718330449526206,-0.14676789939403534,-0.018731534481048584,0.0354885243541645,-0.19116726517677307,-0.030189692974090576,0.03290446928805579,-0.2346506416797638,-0.03592538833618164,0.028264636985127822,-0.1423576921224594,-0.16632026433944702,0.057428271389667884,-0.18905377388000488,-0.2230699062347412,0.05803984484738578,-0.2292805314064026,-0.25452232360839844,0.049871099061434165,-0.266922727227211,-0.2791685461997986,0.040759400344555274,-0.13219456374645233,-0.18719613552093506,0.027807329661314384,-0.1949884593486786,-0.2657560110092163,0.027976865760152236,-0.24705243110656738,-0.3049308657646179,0.01908933638698329,-0.2904158979654312,-0.3342019319534302,0.009580187379484073,-0.1254812777042389,-0.18287086486816406,-0.005023159206743344,-0.19234921038150787,-0.26645487546920776,-0.009298883498544797,-0.24449245631694794,-0.30427438020706177,-0.018280028485591515,-0.28698456287384033,-0.33200836181640625,-0.02763391763799916,-0.1282605230808258,-0.15880000591278076,-0.03749186837011109,-0.18254607915878296,-0.2186751365661621,-0.04344433092408906,-0.22552701830863953,-0.24893474578857422,-0.04834779643350373,-0.26606982946395874,-0.2750987410545349,-0.05458454334073792,background
0.0,0.0,0.0,-0.09190988540649414,0.01933157444000244,0.054512433107092306,-0.15034246444702148,-0.006650149822235107,0.07939244001646273,-0.19524610042572021,-0.014875531196594238,0.08739177822609179,-0.23891201615333557,-0.021055400371551514,0.09317735522527926,-0.15300162136554718,-0.15038424730300903,0.10206128596801989,-0.2094016671180725,-0.18883824348449707,0.1152756059124016,-0.2523847222328186,-0.20224690437316895,0.11418410330553286,-0.29160094261169434,-0.21199452877044678,0.10952711045284502,-0.14444184303283691,-0.17644637823104858,0.060501608396961615,-0.21486075222492218,-0.24413222074508667,0.07158983438749544,-0.2688094601035118,-0.27554386854171753,0.06678675800104372,-0.31238043308258057,-0.29643893241882324,0.05962892189164393,-0.13754253089427948,-0.17670989036560059,0.01617001495797865,-0.20844334363937378,-0.2472165822982788,0.0180262581958317,-0.2630983144044876,-0.2759537696838379,0.01204337585259907,-0.3079477995634079,-0.2937365770339966,0.004740414540364668,-0.13851869106292725,-0.1568915843963623,-0.025754199032590464,-0.2005702555179596,-0.21034502983093262,-0.02934174299697645,-0.247725248336792,-0.23428469896316528,-0.03205346376161344,-0.29239320755004883,-0.2519599199295044,-0.036612105225131586,background
0.0,0.0,0.0,-0.0850999653339386,0.02810114622116089,0.043524734925398434,-0.15239384770393372,0.0026859641075134277,0.06447517896808108,-0.20115293562412262,-0.00448375940322876,0.07206418390191516,-0.24507741630077362,-0.003770172595977783,0.07852202678836306,-0.15943622589111328,-0.1360410451889038,0.08122997010863742,-0.22927671670913696,-0.14747637510299683,0.08481719369805774,-0.2784744203090668,-0.13780635595321655,0.07661259944356402,-0.3188133016228676,-0.12737131118774414,0.068651430558333,-0.15047046542167664,-0.1639891266822815,0.046819348137745465,-0.23752343654632568,-0.19859570264816284,0.05189636747158488,-0.2992095798254013,-0.20917761325836182,0.044408675532707775,-0.3494890034198761,-0.21176129579544067,0.035445809613833035,-0.1418536901473999,-0.16972029209136963,0.00957282285011729,-0.2269124984741211,-0.21515876054763794,0.0081883084661456,-0.28874754905700684,-0.22672170400619507,0.0020845595448406584,-0.33876287937164307,-0.23284518718719482,-0.004821089312514459,-0.14066281914710999,-0.15874016284942627,-0.02581494835399667,-0.21410523355007172,-0.19903481006622314,-0.03140956883513013,-0.26382434368133545,-0.21057337522506714,-0.03344973896824399,-0.30787738412618637,-0.21408241987228394,-0.03670911093436757,background
0.0,0.0,0.0,-0.07911494374275208,0.021199822425842285,0.03487441231379762,-0.14905503392219543,-0.004008352756500244,0.05150123973260179,-0.19934719800949097,-0.012739837169647217,0.05539633993873849,-0.24559354782104492,-0.01510608196258545,0.05867513929376855,-0.16249606013298035,-0.12981683015823364,0.07184009541640535,-0.2294611632823944,-0.13503479957580566,0.06943627734551683,-0.27708613872528076,-0.11667221784591675,0.05663219009409204,-0.31710562109947205,-0.09723204374313354,0.045848379925587324,-0.1590997874736786,-0.15577340126037598,0.04091740687260881,-0.24051159620285034,-0.1860334277153015,0.040880526498654035,-0.2980647683143616,-0.1855294108390808,0.02975128506193414,-0.34672190248966217,-0.1813366413116455,0.019155501470663694,-0.14986667037010193,-0.16683906316757202,0.00680387214640632,-0.23022934794425964,-0.21139127016067505,0.0029377761192108665,-0.2899424731731415,-0.215265154838562,-0.0049789705418561425,-0.33923833072185516,-0.21449941396713257,-0.012599346145293566,-0.14052987098693848,-0.16696292161941528,-0.02637845921447024,-0.21094635128974915,-0.20425736904144287,-0.031151496722600314,-0.26075945794582367,-0.2108554244041443,-0.03270382518996939,-0.304106742143631,-0.21159476041793823,-0.0354421482526277,background
0.0,0.0,0.0,-0.08407676219940186,0.008705615997314453,0.028562441412418593,-0.15539103746414185,-0.027959585189819336,0.04426464619120907,-0.20444002747535706,-0.03865921497344971,0.04958392115315746,-0.2499958872795105,-0.04774653911590576,0.05448104621848415,-0.15834268927574158,-0.15341097116470337,0.058060029465764273,-0.23098498582839966,-0.16508525609970093,0.05046869995078396,-0.2862921953201294,-0.1537412405014038,0.03661688970407795,-0.32865816354751587,-0.13721603155136108,0.026250028926938285,-0.1518937051296234,-0.17667865753173828,0.030845010597317923,-0.23410293459892273,-0.21556872129440308,0.023029133621662368,-0.2967352271080017,-0.21940088272094727,0.00896540557971548,-0.34948937594890594,-0.21663713455200195,-0.0017605659644459593,-0.14149045944213867,-0.1858012080192566,0.0007517955406228793,-0.21929314732551575,-0.2388250231742859,-0.010168325211793672,-0.28266583383083344,-0.24814748764038086,-0.021877227406889688,-0.3361653536558151,-0.2518138289451599,-0.029997548144251596,-0.13152429461479187,-0.18327772617340088,-0.028280410971433412,-0.1950823962688446,-0.23171144723892212,-0.038923265468270074,-0.2448885142803192,-0.24420106410980225,-0.04397526947775532,-0.2890094518661499,-0.2478119134902954,-0.04785189969459225,background
0.0,0.0,0.0,-0.0855514407157898,0.0018559694290161133,0.0261007207018622,-0.15605247020721436,-0.04058927297592163,0.03977035307710253,-0.20294350385665894,-0.06568127870559692,0.04160891049926363,-0.2466524839401245,-0.08318173885345459,0.04259508424823366,-0.15096694231033325,-0.1637641191482544,0.06388394111220919,-0.2120765745639801,-0.19360750913619995,0.05537534081761919,-0.25550130009651184,-0.18900299072265625,0.037975128231693134,-0.29182061553001404,-0.17508238554000854,0.025155685333658084,-0.14369922876358032,-0.18918728828430176,0.03576685064857088,-0.21392488479614258,-0.24627500772476196,0.028963461009908542,-0.2714082598686218,-0.2606191635131836,0.01206101612572752,-0.3199164569377899,-0.26137590408325195,-0.0015348697042725234,-0.13213905692100525,-0.19783639907836914,0.0034498089962937684,-0.19776952266693115,-0.2676519751548767,-0.005965598901610747,-0.254628449678421,-0.2858957052230835,-0.020082077519845143,-0.30248841643333435,-0.29065006971359253,-0.0309464433657638,-0.12035095691680908,-0.19380968809127808,-0.028549615802120343,-0.17759299278259277,-0.2555837035179138,-0.03686142018611349,-0.22365862131118774,-0.27436691522598267,-0.04211804694111265,-0.266205370426178,-0.27953624725341797,-0.047346015037845746,background
0.0,0.0,0.0,-0.08905375003814697,-0.019590139389038086,0.03265592851550991,-0.15427136421203613,-0.07780247926712036,0.04778006696017201,-0.20063576102256775,-0.11227864027023315,0.04890942224176342,-0.24516135454177856,-0.13969844579696655,0.048679709666089366,-0.13049384951591492,-0.20237308740615845,0.07358752214224751,-0.18801328539848328,-0.2414875030517578,0.06925462954552586,-0.2340317964553833,-0.24418985843658447,0.054733287774638484,-0.2739466428756714,-0.23983967304229736,0.04233067878396923,-0.11831003427505493,-0.22582221031188965,0.04063256108076985,-0.18401217460632324,-0.2911229133605957,0.03590991371186192,-0.23865151405334473,-0.3052784204483032,0.01997159630866463,-0.285879522562027,-0.3093799948692322,0.006466228746489833,-0.10326027870178223,-0.23136568069458008,0.0037456650740068653,-0.1641348898410797,-0.31775087118148804,-0.005581459730251481,-0.21931487321853638,-0.34270113706588745,-0.017797479174419095,-0.2672000825405121,-0.35554245114326477,-0.028086449719353368,-0.08963251113891602,-0.22266215085983276,-0.03233136958567684,-0.1392155885696411,-0.29942774772644043,-0.042253657943888356,-0.1823078989982605,-0.3271787166595459,-0.0473616195389468,-0.22506532073020935,-0.34391748905181885,-0.052923843032999685,background
0.0,0.0,0.0,-0.08127111196517944,-0.035062551498413086,0.0010186158134359857,-0.13624227046966553,-0.10450243949890137,-0.0003136041385829458,-0.17619115114212036,-0.15438824892044067,-0.008838916172763334,-0.21517986059188843,-0.18841350078582764,-0.017239957091888414,-0.10212910175323486,-0.2218250036239624,0.03171417212716676,-0.15611878037452698,-0.2785399556159973,0.009313618788937106,-0.20532017946243286,-0.2934684753417969,-0.01647666559883021,-0.2446269392967224,-0.2964441776275635,-0.03303819426663779,-0.08818292617797852,-0.23880070447921753,0.015121739382365718,-0.13724905252456665,-0.3258599042892456,-0.00046844553880021067,-0.18894848227500916,-0.3624002933502197,-0.020026941759070382,-0.23544180393218994,-0.38985323905944824,-0.034751887408575044,-0.07215619087219238,-0.24278950691223145,-0.007017056433042512,-0.11505842208862305,-0.33660024404525757,-0.0236674556262102,-0.16485217213630676,-0.3772938847541809,-0.036704788891157136,-0.20979687571525574,-0.4052206575870514,-0.045390578893503175,-0.05802196264266968,-0.2323947548866272,-0.030909742204030977,-0.08858758211135864,-0.3161376118659973,-0.0418582251048889,-0.12331163883209229,-0.3555727005004883,-0.045194684503158555,-0.1605094075202942,-0.38204139471054077,-0.048015623328765855,background
0.0,0.0,0.0,-0.07110166549682617,-0.03755056858062744,0.009994960806182007,-0.1198682188987732,-0.11646348237991333,0.021662787950447182,-0.14799249172210693,-0.17603284120559692,0.025728497139027695,-0.16981840133666992,-0.20882397890090942,0.02945814416449366,-0.07679909467697144,-0.22505968809127808,0.04557626829188166,-0.11698043346405029,-0.28427332639694214,0.03861119732897578,-0.15627551078796387,-0.3127604126930237,0.025297441935947518,-0.1904507875442505,-0.33240583539009094,0.014601814976742844,-0.0593685507774353,-0.24539673328399658,0.028048779300263504,-0.09863674640655518,-0.33408495783805847,0.021901428184321503,-0.1409202218055725,-0.3806271255016327,0.00970784523229895,-0.1801576018333435,-0.415801465511322,-0.000119237307842468,-0.04009956121444702,-0.2524266839027405,0.00592039660256205,-0.07255673408508301,-0.3491034209728241,-0.005725747955182214,-0.11445862054824829,-0.394328773021698,-0.017914400019833465,-0.15416362881660461,-0.4267830550670624,-0.025919231170007606,-0.021283268928527832,-0.25009286403656006,-0.017073052519151588,-0.04943692684173584,-0.3359192907810211,-0.027841678404399772,-0.08212858438491821,-0.371320903301239,-0.0330400080915183,-0.11650007963180542,-0.3928575813770294,-0.03708361699540319,background
0.0,0.0,0.0,-0.06563174724578857,-0.03950774669647217,0.00365371709443707,-0.10960245132446289,-0.12280410528182983,0.010387966043651886,-0.1346909999847412,-0.1859365701675415,0.010424914404154606,-0.15897470712661743,-0.2393796443939209,0.01072909832686264,-0.05787438154220581,-0.22757869958877563,0.03906782307416279,-0.09412550926208496,-0.28682178258895874,0.02779298239141781,-0.13115829229354858,-0.31271791458129883,0.011041284173131771,-0.1645183563232422,-0.32851606607437134,-0.0013846131205923484,-0.03900766372680664,-0.2475208044052124,0.023579779646695442,-0.06972736120223999,-0.3376208543777466,0.015457222803831883,-0.11116760969161987,-0.3798390328884125,0.001634410333224423,-0.1512465476989746,-0.4060556888580322,-0.009343931817113571,-0.01871347427368164,-0.2516714930534363,0.0029102047973879053,-0.03873473405838013,-0.3511675000190735,-0.009346882247029953,-0.08029794692993164,-0.3988020420074463,-0.021730650582014732,-0.12165611982345581,-0.4284513592720032,-0.030236566804944687,0.0011837482452392578,-0.24566006660461426,-0.01923056355923336,-0.014384746551513672,-0.33065950870513916,-0.031353779502808266,-0.04535430669784546,-0.3752900958061218,-0.03837264365762394,-0.0819135308265686,-0.40357860922813416,-0.04359894282430332,background
0.0,0.0,0.0,-0.05980032682418823,-0.04153561592102051,0.0007669607919922328,-0.09750068187713623,-0.1272296905517578,0.0075066067555269456,-0.11794602870941162,-0.19416922330856323,0.008323907507332251,-0.1391403079032898,-0.24457740783691406,0.009362722402187273,-0.036300063133239746,-0.22968906164169312,0.037382712242873595,-0.06840729713439941,-0.2908175587654114,0.0272316072413048,-0.10376489162445068,-0.322387158870697,0.01040880626973717,-0.13648700714111328,-0.3454536497592926,-0.002336372733367398,-0.015224456787109375,-0.24568802118301392,0.02474956366208403,-0.03450024127960205,-0.3389464318752289,0.020210660649212286,-0.06531566381454468,-0.3906685411930084,0.008819573214026377,-0.09603548049926758,-0.42901110649108887,-0.0014504138336235428,0.005661308765411377,-0.2458670735359192,0.006683207703503058,-0.0030420422554016113,-0.34267833828926086,-0.0022043177115449453,-0.033981382846832275,-0.3926342725753784,-0.01205231470081003,-0.06507599353790283,-0.42715421319007874,-0.019626016142098024,0.025840938091278076,-0.23635661602020264,-0.013385924855498388,0.021124839782714844,-0.3204329013824463,-0.02178998698505552,-0.000750422477722168,-0.3622559905052185,-0.025571424858895853,-0.027886509895324707,-0.3880683481693268,-0.029123017909256532,background
0.0,0.0,0.0,-0.05088406801223755,-0.04552978277206421,0.002061543136051114,-0.07308346033096313,-0.1350311040878296,0.010776860720625336,-0.07794749736785889,-0.2046806812286377,0.013769687234571393,-0.08426403999328613,-0.25600773096084595,0.017905792302599366,-0.00150376558303833,-0.22414731979370117,0.03909142137240451,-0.022662341594696045,-0.28848129510879517,0.029216474003305848,-0.052845776081085205,-0.3244125247001648,0.013722858472874577,-0.08180087804794312,-0.34696531295776367,0.003387322264870818,0.020373880863189697,-0.23862385749816895,0.027756530872693475,0.011389970779418945,-0.3309399485588074,0.024242457083573754,-0.014838159084320068,-0.3854984641075134,0.015444937243273671,-0.040892601013183594,-0.42776674032211304,0.00848787565450948,0.04036557674407959,-0.24056482315063477,0.011020805767884667,0.03656506538391113,-0.33447226881980896,0.0031301414940116956,0.010351598262786865,-0.38672351837158203,-0.0034112347409518406,-0.015122711658477783,-0.42450064420700073,-0.007110502024033849,0.05864530801773071,-0.2347172498703003,-0.007767832291165178,0.05914604663848877,-0.31747785210609436,-0.015857785858997886,0.03725886344909668,-0.3655187487602234,-0.018965935253390853,0.010000884532928467,-0.39825427532196045,-0.02063571653593499,background
0.0,0.0,0.0,-0.042204439640045166,-0.06120574474334717,0.006701053200259821,-0.04186016321182251,-0.14816808700561523,0.015453705178543942,-0.03590869903564453,-0.208970308303833,0.01771594638560714,-0.038336753845214844,-0.26237034797668457,0.020900952244147675,0.03364157676696777,-0.2309843897819519,0.041005565399274246,0.031273722648620605,-0.30172520875930786,0.030790921846374886,0.006914019584655762,-0.34033203125,0.015288969116255657,-0.019636213779449463,-0.3587372899055481,0.00581414446790518,0.05420279502868652,-0.23504489660263062,0.027518397742852585,0.0643354058265686,-0.33094972372055054,0.02141516337727012,0.04326874017715454,-0.38809213042259216,0.009924462610825913,0.01876521110534668,-0.42591798305511475,0.0019002263070717618,0.07151561975479126,-0.22507166862487793,0.009414392137870209,0.08832627534866333,-0.3214810788631439,-0.0003025913974568084,0.06303280591964722,-0.3720002770423889,-0.008995818359807117,0.03396952152252197,-0.40223193168640137,-0.013301111212030037,0.0855398178100586,-0.20670247077941895,-0.00985028074498473,0.10283607244491577,-0.2901396155357361,-0.019356389915600403,0.08699363470077515,-0.3425251245498657,-0.024293671747699364,0.0626344084739685,-0.37750905752182007,-0.02683589366640149,background
0.0,0.0,0.0,-0.04362303018569946,-0.07883018255233765,0.028048695479526486,-0.02334582805633545,-0.152518630027771,0.04336366937030789,-0.011682510375976562,-0.20194965600967407,0.04702740669716832,-0.009037017822265625,-0.25697362422943115,0.05042892829050061,0.06027209758758545,-0.21885442733764648,0.07206217706669804,0.06688463687896729,-0.2964087128639221,0.07131208986510273,0.04500555992126465,-0.35142093896865845,0.06377396494616505,0.022477328777313232,-0.38183295726776123,0.059267358337535825,0.0819253921508789,-0.2190455198287964,0.047025979910984006,0.10398125648498535,-0.3201271593570709,0.05061846361030575,0.07980304956436157,-0.38485217094421387,0.04573381081689831,0.055474042892456055,-0.427706241607666,0.04151258752216336,0.0902782678604126,-0.2101035714149475,0.017680273805751767,0.1172669529914856,-0.3186686336994171,0.014613872808411088,0.09290629625320435,-0.3874647319316864,0.009672034946277108,0.0660129189491272,-0.43031784892082214,0.006315498561605182,0.0812070369720459,-0.20354366302490234,-0.011354588489041362,0.09504997730255127,-0.29544979333877563,-0.014606214645311866,0.07823681831359863,-0.353365957736969,-0.01574793509672645,0.05443078279495239,-0.39554059505462646,-0.016989922667846713,background
0.0,0.0,0.0,-0.04388517141342163,-0.10077226161956787,0.028895638197496964,-0.018562614917755127,-0.1663440465927124,0.040472065344289376,-0.0011973381042480469,-0.21567606925964355,0.04212351261062963,0.011876225471496582,-0.2698843479156494,0.04211023940129621,0.07729917764663696,-0.20276039838790894,0.05055799825473173,0.0851404070854187,-0.3011808395385742,0.05030784873648031,0.07264316082000732,-0.3695000410079956,0.04550963757915838,0.06214916706085205,-0.42491579055786133,0.040116490110591485,0.09319394826889038,-0.19841855764389038,0.024864015415147378,0.10353332757949829,-0.3212689459323883,0.02122091805918558,0.08567333221435547,-0.4009269177913666,0.011382250360981061,0.07086741924285889,-0.45962533354759216,0.002181408474058344,0.08865606784820557,-0.19319957494735718,-0.002363811234175728,0.10404384136199951,-0.3170925974845886,-0.013515748769208358,0.08432543277740479,-0.39552128314971924,-0.025347403004928992,0.06385308504104614,-0.4503624141216278,-0.03386412070707934,0.06406736373901367,-0.1979479193687439,-0.027530447334214614,0.07080751657485962,-0.29982084035873413,-0.039135283544823096,0.05934560298919678,-0.3622599244117737,-0.04687186212854044,0.0433574914932251,-0.41066378355026245,-0.05320014314369814,background
0.0,0.0,0.0,0.023176729679107666,-0.07955342531204224,0.0297562625370702,0.047066569328308105,-0.16130012273788452,0.03607230224830715,0.05296808481216431,-0.22628283500671387,0.035263388987608835,0.040503084659576416,-0.27635622024536133,0.030260804679222986,0.09545773267745972,-0.19075804948806763,0.0027100372705390896,0.10193359851837158,-0.31637969613075256,-0.01398293523865135,0.09574615955352783,-0.3957480788230896,-0.02536143957453163,0.08736419677734375,-0.45607131719589233,-0.03267940542476566,0.09068834781646729,-0.18099015951156616,-0.024104547116927222,0.10251379013061523,-0.32788553833961487,-0.04060310534017475,0.09250545501708984,-0.41461193561553955,-0.05129530689494999,0.07893240451812744,-0.4785059690475464,-0.05935560202973278,0.06423991918563843,-0.17235267162322998,-0.04863094202058704,0.08136415481567383,-0.31566211581230164,-0.0699180405475417,0.06725203990936279,-0.4011620283126831,-0.08462602308767231,0.0485835075378418,-0.46226683259010315,-0.09335252306239994,0.01824808120727539,-0.16899430751800537,-0.0688685592152396,0.024633944034576416,-0.2822883725166321,-0.09184791556375416,0.014752447605133057,-0.3431873917579651,-0.10245744547622593,-0.0018543004989624023,-0.3906642496585846,-0.10849959066884907,background
0.0,0.0,0.0,0.04726821184158325,-0.06892573833465576,0.01498034987965724,0.07402729988098145,-0.1607535481452942,0.010107486698721857,0.07774150371551514,-0.2383420467376709,0.0025035521983554077,0.06025606393814087,-0.29116761684417725,-0.009387721117640524,0.10154896974563599,-0.1903429627418518,-0.03639956824114421,0.1183897852897644,-0.3187635540962219,-0.059837656837011366,0.11507797241210938,-0.39474669098854065,-0.0732730653100262,0.1097458004951477,-0.4524235427379608,-0.08174123130371669,0.07708704471588135,-0.17494720220565796,-0.057191784303689985,0.08849519491195679,-0.32148122787475586,-0.07808317504456141,0.08097183704376221,-0.4113202393054962,-0.08893011025717357,0.07184255123138428,-0.47849011421203613,-0.09834570698073009,0.03604978322982788,-0.15862947702407837,-0.07441579810907939,0.043134331703186035,-0.3059796094894409,-0.09498301408817866,0.030704617500305176,-0.38802599906921387,-0.10566324255993464,0.018790721893310547,-0.4457698464393616,-0.11350875608255961,-0.01512908935546875,-0.14546889066696167,-0.08835894129803279,-0.018110215663909912,-0.26002252101898193,-0.11041032038261989,-0.0283164381980896,-0.32359036803245544,-0.11885933838417628,-0.03896290063858032,-0.3747814893722534,-0.12384508810570338,background
0.0,0.0,0.0,0.04950058460235596,-0.0751577615737915,0.01373958887576876,0.07679855823516846,-0.16430073976516724,0.008063766379354576,0.07933902740478516,-0.2431330680847168,0.0013033344601076635,0.06387066841125488,-0.2987077236175537,-0.009923483039738556,0.08901113271713257,-0.18837708234786987,-0.04699484145224275,0.1024707555770874,-0.32316917181015015,-0.07002510389268579,0.09767663478851318,-0.40002214908599854,-0.08012078961312952,0.0918039083480835,-0.45959746837615967,-0.08581716081083002,0.05246824026107788,-0.1751614809036255,-0.06500230243385019,0.0573161244392395,-0.3322597146034241,-0.08485094716727914,0.04890483617782593,-0.4256081283092499,-0.09243923684537592,0.04104071855545044,-0.49200356006622314,-0.0997920732754487,0.004328727722167969,-0.16206294298171997,-0.07856884112537088,0.0027410387992858887,-0.31176143884658813,-0.09575007369697275,-0.00879758596420288,-0.3970017731189728,-0.1036593418377656,-0.0172995924949646,-0.4557105302810669,-0.11067226042926492,-0.04791480302810669,-0.1491241455078125,-0.08883975705087366,-0.05895566940307617,-0.2634422779083252,-0.10882030686319055,-0.06998604536056519,-0.327318012714386,-0.116487364079358,-0.07816219329833984,-0.3802410960197449,-0.12121700009286585,background
0.0,0.0,0.0,0.05015063285827637,-0.07145184278488159,0.003993917186221552,0.08098351955413818,-0.1757221817970276,-0.004704527161607075,0.09564369916915894,-0.26167672872543335,-0.012582491222360659,0.12118661403656006,-0.31604287028312683,-0.024238319206574488,0.07858514785766602,-0.19670379161834717,-0.056578698638418246,0.0852203369140625,-0.32895100116729736,-0.08130423266027265,0.08116400241851807,-0.4071056842803955,-0.0923337741527348,0.07489997148513794,-0.4686354398727417,-0.09893835622403913,0.03753310441970825,-0.18484675884246826,-0.07044006425473981,0.03785926103591919,-0.3356776833534241,-0.09372031975124173,0.02562659978866577,-0.42696601152420044,-0.10276326823566251,0.011465847492218018,-0.4938892722129822,-0.11053698796365552,-0.012449979782104492,-0.17122679948806763,-0.08029109526012235,-0.019928932189941406,-0.31315910816192627,-0.0992743625077992,-0.03249281644821167,-0.3988041281700134,-0.10761247116658978,-0.0458524227142334,-0.4593751132488251,-0.11463635701272779,-0.06724894046783447,-0.15625661611557007,-0.08755530703399472,-0.07985043525695801,-0.26476943492889404,-0.10657236266467862,-0.09084367752075195,-0.32618218660354614,-0.11373922515247159,-0.1024101972579956,-0.3777598738670349,-0.11833954143855863,background
0.0,0.0,0.0,0.05012243986129761,-0.07791221141815186,-0.0012872130565426687,0.07906150817871094,-0.18214631080627441,-0.012946168072716091,0.09182804822921753,-0.27194613218307495,-0.023386039883092735,0.11229687929153442,-0.33205872774124146,-0.03746721811612019,0.058582603931427,-0.20256555080413818,-0.058294567391470764,0.061109185218811035,-0.34002402424812317,-0.08124094001968274,0.05777251720428467,-0.416861891746521,-0.09032932959516415,0.0524061918258667,-0.47686654329299927,-0.09550911478717694,0.01236504316329956,-0.19429540634155273,-0.0697390689702786,0.0021852850914001465,-0.3438652753829956,-0.09073110960443387,-0.012986838817596436,-0.43022507429122925,-0.09957111917455563,-0.026835143566131592,-0.4923413395881653,-0.1068462684007443,-0.03820115327835083,-0.1782141923904419,-0.07729291461427579,-0.05522584915161133,-0.3152819275856018,-0.09307688765247235,-0.06971299648284912,-0.39843088388442993,-0.099830354675845,-0.08144479990005493,-0.4579034149646759,-0.10623117081840405,-0.09027314186096191,-0.1556154489517212,-0.08294289849717984,-0.11058366298675537,-0.2558274269104004,-0.09828471682985196,-0.12222826480865479,-0.3156900405883789,-0.10303837351520428,-0.13210856914520264,-0.3659153878688812,-0.10586209885795483,background
0.0,0.0,0.0,0.04679185152053833,-0.0888136625289917,-0.006254999403694228,0.06561219692230225,-0.19784694910049438,-0.019835337501802996,0.07116669416427612,-0.2910129427909851,-0.031816374015846804,0.08931475877761841,-0.3562774658203125,-0.04729886676076944,0.03131890296936035,-0.2159995436668396,-0.060958697897234515,0.01813441514968872,-0.3488336205482483,-0.08683711240891512,0.0063176751136779785,-0.42784103751182556,-0.09815864215497072,-0.00714266300201416,-0.49141794443130493,-0.10519014994505937,-0.016892075538635254,-0.20134472846984863,-0.07227932612303789,-0.043287813663482666,-0.34864890575408936,-0.09894138525132234,-0.06827080249786377,-0.43635493516921997,-0.11293326268796022,-0.09180253744125366,-0.5014041364192963,-0.12330479870442446,-0.06500178575515747,-0.17400258779525757,-0.07999511013630922,-0.09533321857452393,-0.30613458156585693,-0.10378165493611391,-0.12130159139633179,-0.3858460783958435,-0.11620915631655748,-0.14517897367477417,-0.4423425793647766,-0.12490304510001238,-0.11218476295471191,-0.13938039541244507,-0.08580093781355913,-0.14426273107528687,-0.23837119340896606,-0.10796613196734484,-0.164354145526886,-0.2985649108886719,-0.1173363174021631,-0.1831086277961731,-0.34876692295074463,-0.12259851346615847,background
0.0,0.0,0.0,0.04475444555282593,-0.098777174949646,-0.0069810685999982525,0.056941092014312744,-0.21099704504013062,-0.0210044186860614,0.05815267562866211,-0.30674779415130615,-0.032686850830941694,0.07418560981750488,-0.37414753437042236,-0.047702151194243925,0.014814794063568115,-0.23149919509887695,-0.060367020621924894,-0.007643699645996094,-0.36266395449638367,-0.0846560772806697,-0.024426400661468506,-0.43940919637680054,-0.09506763781610061,-0.040769338607788086,-0.49937704205513,-0.10128253217044403,-0.035891830921173096,-0.21092796325683594,-0.06893580670657684,-0.07023084163665771,-0.35118478536605835,-0.09270846362414886,-0.096774160861969,-0.4351133108139038,-0.10399583990874817,-0.11909270286560059,-0.49710506200790405,-0.11246567483249237,-0.08330124616622925,-0.17868661880493164,-0.07407833154502441,-0.12490963935852051,-0.30675560235977173,-0.09254556412997772,-0.15154695510864258,-0.38565391302108765,-0.10216914381089737,-0.1706627607345581,-0.44202345609664917,-0.10971856381001999,-0.12505638599395752,-0.1389184594154358,-0.07773337776961853,-0.16335999965667725,-0.23342496156692505,-0.09458224739137222,-0.18272799253463745,-0.29226309061050415,-0.1014998581558757,-0.1964600682258606,-0.3410453796386719,-0.10548000301423599,background
0.0,0.0,0.0,0.03715795278549194,-0.10007661581039429,-0.0054862633551238105,0.045547306537628174,-0.2126128077507019,-0.01727446487348061,0.042611658573150635,-0.30482226610183716,-0.027708878202247433,0.05229836702346802,-0.3714655041694641,-0.04146588912408333,-0.006218373775482178,-0.2368091344833374,-0.05313165432016831,-0.034450650215148926,-0.3592433035373688,-0.07674340477387886,-0.053906261920928955,-0.4354139566421509,-0.08779314479033928,-0.07192355394363403,-0.4947090744972229,-0.09460027089517098,-0.054278671741485596,-0.21393096446990967,-0.06323103925387841,-0.10138988494873047,-0.3417750895023346,-0.08410878053109627,-0.1374407708644867,-0.41740667819976807,-0.09396529516379815,-0.1668339967727661,-0.47297754883766174,-0.10192774554889183,-0.09836620092391968,-0.1766919493675232,-0.07062217911879998,-0.1477879285812378,-0.29118067026138306,-0.0876749189774273,-0.18065842986106873,-0.3615449070930481,-0.0961881162802456,-0.20444455742835999,-0.4128701686859131,-0.10346722921531182,-0.13831007480621338,-0.1292371153831482,-0.07692790350120049,-0.187980055809021,-0.209642231464386,-0.094213652817416,-0.21403732895851135,-0.26472944021224976,-0.10134263655345421,-0.2316380739212036,-0.3125060200691223,-0.10550172200601082,background
0.0,0.0,0.0,0.04007929563522339,-0.10353493690490723,-0.009415239971417577,0.049853622913360596,-0.2105608582496643,-0.02283319452806154,0.037754714488983154,-0.299558162689209,-0.03292152466281095,0.039153873920440674,-0.366740345954895,-0.04553090961678663,-0.01248013973236084,-0.2302038073539734,-0.05783179955585638,-0.05177837610244751,-0.35519275069236755,-0.0791160482357327,-0.07890203595161438,-0.42447802424430847,-0.08704544784529844,-0.10228437185287476,-0.47388067841529846,-0.09064037533505598,-0.06543022394180298,-0.19861829280853271,-0.062127036918241174,-0.12333741784095764,-0.327545702457428,-0.08227497519953886,-0.15887212753295898,-0.39807525277137756,-0.08945043565734068,-0.18470370769500732,-0.4467655122280121,-0.09378690453274885,-0.11047983169555664,-0.1589881181716919,-0.06333865406020323,-0.16517490148544312,-0.2723681926727295,-0.07777613582118192,-0.19633418321609497,-0.3404279351234436,-0.08443664940102735,-0.21825775504112244,-0.3882475197315216,-0.08948916377528349,-0.1452423334121704,-0.11429870128631592,-0.06352513464196363,-0.18824660778045654,-0.196366548538208,-0.07738966675503889,-0.2136898636817932,-0.24413424730300903,-0.08177252294524351,-0.234031081199646,-0.28320378065109253,-0.08287477673991361,background
0.0,0.0,0.0,0.03775918483734131,-0.10272437334060669,-0.01118157793263208,0.0471348762512207,-0.20922106504440308,-0.023440248225426785,0.03251922130584717,-0.2957254648208618,-0.0315054514301778,0.023000478744506836,-0.35879212617874146,-0.04090040632019054,-0.025365889072418213,-0.2269095778465271,-0.05609673716554653,-0.06588441133499146,-0.3540025055408478,-0.07438575931320202,-0.09749582409858704,-0.41971731185913086,-0.07972059108743679,-0.12484666705131531,-0.4629432260990143,-0.08137067117223751,-0.07824528217315674,-0.19085609912872314,-0.057886768956279866,-0.1408294439315796,-0.3201650381088257,-0.07555863716135036,-0.1788744330406189,-0.38494619727134705,-0.08022394486198436,-0.20680361986160278,-0.42701005935668945,-0.08218265034685146,-0.11942541599273682,-0.1509445309638977,-0.056731295664405934,-0.17740699648857117,-0.26323598623275757,-0.06904548861513149,-0.2109796106815338,-0.32524144649505615,-0.07429695584306728,-0.2354627251625061,-0.36719000339508057,-0.07796635933647167,-0.14799535274505615,-0.10735243558883667,-0.054769907970523946,-0.19363021850585938,-0.18552136421203613,-0.06664538093338024,-0.2212815284729004,-0.2271232008934021,-0.06964015670547496,-0.24433887004852295,-0.2602183222770691,-0.06935903139839183,background
0.0,0.0,0.0,0.029313266277313232,-0.10850977897644043,-0.01134920203475076,0.032181382179260254,-0.20620286464691162,-0.026207750564196886,0.011746048927307129,-0.2919872999191284,-0.03836234090266544,-0.003870069980621338,-0.35889098048210144,-0.05200948742566425,-0.04260340332984924,-0.22336345911026,-0.04797912192879039,-0.09482169151306152,-0.339341938495636,-0.06673959073958713,-0.12644994258880615,-0.39889925718307495,-0.07385062602696735,-0.15118098258972168,-0.43631845712661743,-0.07622776356873828,-0.08964914083480835,-0.18311423063278198,-0.05124624622402507,-0.1581980288028717,-0.30491623282432556,-0.06657890406785327,-0.19955307245254517,-0.36470144987106323,-0.07189111587939578,-0.2291964888572693,-0.40272241830825806,-0.07482067671952564,-0.1267726719379425,-0.13579940795898438,-0.05247407582936603,-0.19041365385055542,-0.2451542615890503,-0.06339132962165195,-0.22744062542915344,-0.30271756649017334,-0.06752539602456409,-0.2521447539329529,-0.34067463874816895,-0.07066416916785556,-0.15411201119422913,-0.08283978700637817,-0.05311097008524257,-0.20705771446228027,-0.15802252292633057,-0.0638337003940137,-0.23620092868804932,-0.19951093196868896,-0.06531159011063892,-0.2582966685295105,-0.23240381479263306,-0.06403108117518741,background
0.0,0.0,0.0,0.026718437671661377,-0.10582304000854492,-0.005693596263199652,0.025315284729003906,-0.20194804668426514,-0.018140635394274796,0.0026966631412506104,-0.2879924774169922,-0.02886418899220189,-0.008813828229904175,-0.3577139377593994,-0.04158466769081315,-0.046080172061920166,-0.21436142921447754,-0.043881707765876854,-0.101647287607193,-0.3282626271247864,-0.06179280293804368,-0.13607755303382874,-0.3841862678527832,-0.0673418575308915,-0.16216978430747986,-0.4191017150878906,-0.0689876460812684,-0.09011229872703552,-0.1768333911895752,-0.0495845125399228,-0.16527241468429565,-0.29506242275238037,-0.0661119454882737,-0.21047714352607727,-0.3484765887260437,-0.07132833538275918,-0.2415926605463028,-0.3792034387588501,-0.07406958279830178,-0.12498882412910461,-0.12940901517868042,-0.052750647940456474,-0.19658693671226501,-0.23637795448303223,-0.06594806251746377,-0.23862046003341675,-0.2853417992591858,-0.0703647964976426,-0.2679766118526459,-0.3149726390838623,-0.073246546962082,-0.15050163865089417,-0.07495582103729248,-0.05444445548278054,-0.2097063958644867,-0.14588123559951782,-0.06694316206198891,-0.24209001660346985,-0.18183493614196777,-0.06882498500567635,-0.2682623267173767,-0.21009117364883423,-0.06778301385861596,background
0.0,0.0,0.0,0.017181724309921265,-0.10645824670791626,0.007122508779815462,0.005672156810760498,-0.19907695055007935,0.001457548647834983,-0.024394363164901733,-0.27732259035110474,-0.004923058144100878,-0.04533037543296814,-0.33807918429374695,-0.014321114338287089,-0.05727052688598633,-0.2200213074684143,-0.03289195842231152,-0.11941081285476685,-0.3255312144756317,-0.04792494273866055,-0.15725651383399963,-0.3736880421638489,-0.051688178844102595,-0.18585985898971558,-0.40334552526474,-0.05217124096239445,-0.09621089696884155,-0.18121063709259033,-0.04442414215887425,-0.17665573954582214,-0.2896461486816406,-0.059923394984849665,-0.22730359435081482,-0.33816421031951904,-0.06496740824664471,-0.2610383778810501,-0.36578840017318726,-0.06758750922168133,-0.12781301140785217,-0.1292022466659546,-0.05254186636889813,-0.20491686463356018,-0.22841984033584595,-0.06587367451871273,-0.2512650042772293,-0.275279700756073,-0.07121898925984738,-0.283392533659935,-0.3037715554237366,-0.07451333797658322,-0.1508980095386505,-0.06754547357559204,-0.05785177595103619,-0.2147010862827301,-0.14022940397262573,-0.07076755113089916,-0.24988161027431488,-0.17280244827270508,-0.07263935304368374,-0.279653400182724,-0.19637072086334229,-0.07162846571887371,background
0.0,0.0,0.0,-0.0002745091915130615,-0.10617679357528687,0.028223507762255906,-0.03216773271560669,-0.18848919868469238,0.034022138178649186,-0.0709351897239685,-0.24979811906814575,0.03456110572845006,-0.10250511765480042,-0.2899828553199768,0.031610575229230164,-0.06933712959289551,-0.22746288776397705,-0.009815598182079555,-0.14596131443977356,-0.3172866702079773,-0.02141153001755214,-0.19022175669670105,-0.3468644618988037,-0.022241830169853927,-0.22256046533584595,-0.35917454957962036,-0.020043873503503562,-0.09549689292907715,-0.19448912143707275,-0.03113629417091346,-0.1837112009525299,-0.2958773970603943,-0.042012184202370406,-0.23915836215019226,-0.3349195122718811,-0.04135698386996722,-0.2773279398679733,-0.3551906943321228,-0.03953340211480594,-0.12251043319702148,-0.14216727018356323,-0.04898941823810077,-0.20922908186912537,-0.23985344171524048,-0.060192260235247375,-0.260225772857666,-0.27591848373413086,-0.062420184999403716,-0.29615624248981476,-0.2969933748245239,-0.06264919349521136,-0.1478101909160614,-0.07521116733551025,-0.06263014236062503,-0.220553457736969,-0.148623526096344,-0.07592119583457446,-0.26230235397815704,-0.17600220441818237,-0.07756679066985583,-0.29735027253627777,-0.19307708740234375,-0.07591394641965366,background
0.0,0.0,0.0,-0.026565074920654297,-0.1099589467048645,0.04983217503706783,-0.07073932886123657,-0.17894303798675537,0.06586579467932552,-0.11798998713493347,-0.20891964435577393,0.07143000002781719,-0.1585845649242401,-0.21078133583068848,0.07166440274397701,-0.08790093660354614,-0.22605681419372559,0.02365736711601585,-0.18089035153388977,-0.2895506024360657,0.01918513376097053,-0.23448842763900757,-0.311607301235199,0.01898010682145923,-0.275583416223526,-0.3231760263442993,0.01927636984567016,-0.1066838800907135,-0.20288288593292236,-0.008737582230764929,-0.20505276322364807,-0.2905932664871216,-0.012559309119183126,-0.2644526958465576,-0.3208223879337311,-0.012633516901928488,-0.3083776384592056,-0.3371882140636444,-0.013101718837219778,-0.1282936930656433,-0.15699023008346558,-0.03726935524662167,-0.22153902053833008,-0.24802786111831665,-0.04338665072043568,-0.2761002331972122,-0.2768661379814148,-0.04831274736841351,-0.3163251578807831,-0.29562610387802124,-0.05220754210074574,-0.15161997079849243,-0.09358054399490356,-0.06030630085786015,-0.2268373668193817,-0.16774052381515503,-0.07071626696904332,-0.2703765332698822,-0.1902121901512146,-0.07333933327515751,-0.30919186770915985,-0.20215535163879395,-0.07416429136117131,background
0.0,0.0,0.0,-0.06096768379211426,-0.0828784704208374,0.05520356108786473,-0.11469858884811401,-0.1414879560470581,0.07290424068810353,-0.15966147184371948,-0.16701829433441162,0.07695300539376149,-0.20088335871696472,-0.18020665645599365,0.07646550645472416,-0.11455127596855164,-0.22302013635635376,0.045018468400257916,-0.19856709241867065,-0.27256888151168823,0.0426340143883408,-0.25435662269592285,-0.2917402982711792,0.039693102588671536,-0.30035629868507385,-0.3072618246078491,0.03526540135385403,-0.11784455180168152,-0.21881002187728882,0.006008594179320426,-0.21487689018249512,-0.28769755363464355,0.0025000526791245647,-0.2784465551376343,-0.31745046377182007,-0.0024759363161592773,-0.3291599154472351,-0.33803942799568176,-0.008799551638048797,-0.1293477714061737,-0.1841956377029419,-0.030502387905698924,-0.22005978226661682,-0.2666316628456116,-0.03634712437747112,-0.2781631648540497,-0.30214691162109375,-0.043839655468445926,-0.3247871547937393,-0.33265119791030884,-0.05232195521352878,-0.14921274781227112,-0.1289096474647522,-0.062071777532082706,-0.21458026766777039,-0.1929839849472046,-0.07314476708529583,-0.2587532103061676,-0.22156745195388794,-0.07839160750268093,-0.2996840476989746,-0.2429044246673584,-0.08353031764386287,background
0.0,0.0,0.0,-0.10854923725128174,-0.03529322147369385,0.048217021969222174,-0.1570192277431488,-0.1001095175743103,0.06415332585301314,-0.19627618789672852,-0.13311421871185303,0.06539831787075912,-0.2346838414669037,-0.16931837797164917,0.06513747304406081,-0.12354099750518799,-0.224434494972229,0.060934153494500265,-0.1879892349243164,-0.28737324476242065,0.05880375310506736,-0.2379891276359558,-0.3142651319503784,0.05382138222184096,-0.280921995639801,-0.33279311656951904,0.04810864954914962,-0.1118849515914917,-0.23233705759048462,0.023344350156449423,-0.19959965348243713,-0.3134623169898987,0.012475093004368887,-0.26282989978790283,-0.33821070194244385,0.0012301856112486576,-0.3125309944152832,-0.3555442690849304,-0.007193453500903502,-0.10676580667495728,-0.21571218967437744,-0.014227912652231112,-0.19081690907478333,-0.2888052463531494,-0.02902782790634717,-0.25556838512420654,-0.3004087209701538,-0.03963115707311715,-0.30498790740966797,-0.30066072940826416,-0.04612561956319894,-0.11186861991882324,-0.1809813380241394,-0.04823783681068505,-0.17535388469696045,-0.24289506673812866,-0.06028598815474595,-0.23004937171936035,-0.25643211603164673,-0.06719366729531373,-0.2771992087364197,-0.254209041595459,-0.07257930457863893,background
0.0,0.0,0.0,-0.09801316261291504,-0.03708070516586304,0.026042005240675792,-0.15266558527946472,-0.10466426610946655,0.03401464615738092,-0.19620218873023987,-0.1384996771812439,0.0318532886055678,-0.23782667517662048,-0.174088716506958,0.028995912715551242,-0.10836666822433472,-0.24625372886657715,0.0381447451261252,-0.17597469687461853,-0.30652928352355957,0.030525075465199336,-0.22457647323608398,-0.3346850275993347,0.02127025109505354,-0.26597341895103455,-0.35570836067199707,0.013272136643287524,-0.09394526481628418,-0.2535538077354431,0.011130099378284797,-0.17539116740226746,-0.3318621516227722,0.001340301900860652,-0.23327302932739258,-0.36263275146484375,-0.01062110792124571,-0.2811698317527771,-0.3804277181625366,-0.019932593956831113,-0.08633601665496826,-0.23606157302856445,-0.01712195183360876,-0.1733996570110321,-0.2834857106208801,-0.028686551183703557,-0.23204073309898376,-0.2947266101837158,-0.03832700084173979,-0.27806347608566284,-0.3014419674873352,-0.04617663081014456,-0.08854931592941284,-0.2014068365097046,-0.04431256260001959,-0.1402687430381775,-0.22790026664733887,-0.05205664019310774,-0.17437219619750977,-0.23193150758743286,-0.055133327648285047,-0.2034565806388855,-0.23113590478897095,-0.058763902440908566,background
0.0,0.0,0.0,-0.08324122428894043,-0.050990164279937744,0.009961708634648403,-0.14009904861450195,-0.12317061424255371,0.011361230350587448,-0.18437722325325012,-0.1677151918411255,0.0033366030077672804,-0.22651129961013794,-0.20307046175003052,-0.004933367297496716,-0.1054728627204895,-0.23950523138046265,0.04220319651022919,-0.16342532634735107,-0.28159016370773315,0.015389552525732597,-0.21560540795326233,-0.2833101749420166,-0.015877307206835667,-0.258696049451828,-0.2722759246826172,-0.035342800245132366,-0.08938992023468018,-0.26202869415283203,0.019019783660326084,-0.13561075925827026,-0.3568394184112549,0.002872548251900753,-0.18932375311851501,-0.3984230160713196,-0.017325811833586613,-0.23746460676193237,-0.42708396911621094,-0.03174508623823158,-0.06923443078994751,-0.26015567779541016,-0.009730701148953358,-0.10332101583480835,-0.3649965822696686,-0.02643653079911701,-0.14811751246452332,-0.4143301844596863,-0.03726004697426788,-0.19006401300430298,-0.45178985595703125,-0.04438274987086288,-0.05011892318725586,-0.23526662588119507,-0.039718589559640805,-0.06191438436508179,-0.31909722089767456,-0.049265167490091244,-0.08680891990661621,-0.3635837435722351,-0.0484054487203025,-0.11728376150131226,-0.3978666365146637,-0.0481455612932109,background
0.0,0.0,0.0,-0.07834208011627197,-0.05228912830352783,0.002265914907951583,-0.13830554485321045,-0.1329215168952942,0.001953668525715102,-0.1806362271308899,-0.19060897827148438,-0.00536008728082038,-0.22162535786628723,-0.22694498300552368,-0.012021312856774102,-0.08288514614105225,-0.24305450916290283,0.030324709235031833,-0.14204806089401245,-0.2897105813026428,0.0027430924645557297,-0.19295910000801086,-0.29318952560424805,-0.027602074103157292,-0.23558199405670166,-0.2855578660964966,-0.04666012096564032,-0.06682336330413818,-0.2625011205673218,0.012688806845147838,-0.11537128686904907,-0.3566597104072571,-0.004345584561775695,-0.16395586729049683,-0.40101656317710876,-0.023772181378404866,-0.208955317735672,-0.4353485405445099,-0.03782833311120726,-0.045647621154785156,-0.26156139373779297,-0.010461160348455678,-0.07924818992614746,-0.36115479469299316,-0.028067433641950856,-0.12065434455871582,-0.4096110463142395,-0.03828836921016432,-0.16260617971420288,-0.4492088854312897,-0.04506371113816954,-0.023541808128356934,-0.242828369140625,-0.035419340612094175,-0.030765175819396973,-0.32217949628829956,-0.04709891918460585,-0.05299657583236694,-0.37044742703437805,-0.048469263495604764,-0.08407354354858398,-0.41209501028060913,-0.049805178673665296,background
0.0,0.0,0.0,-0.06766629219055176,-0.05591481924057007,-0.0017796664641593907,-0.12228631973266602,-0.1402624249458313,-0.004381832494715354,-0.15558111667633057,-0.20634639263153076,-0.012585593681166074,-0.18306386470794678,-0.259010910987854,-0.020839553620049855,-0.055929481983184814,-0.2543796896934509,0.01874246046381245,-0.10839974880218506,-0.3075074553489685,-0.011944364118704698,-0.1574106216430664,-0.31359684467315674,-0.04371536552471866,-0.19879084825515747,-0.30612611770629883,-0.06294188305301418,-0.03209233283996582,-0.27496010065078735,0.0031034310205484417,-0.06692123413085938,-0.37092533707618713,-0.014180938075611493,-0.11118882894515991,-0.42085057497024536,-0.034395318772027395,-0.1520819067955017,-0.455211341381073,-0.049878504420945546,-0.005807936191558838,-0.2729060649871826,-0.017950900192687413,-0.015795767307281494,-0.3783608078956604,-0.03589442401690235,-0.049273014068603516,-0.4334651827812195,-0.048976764376590154,-0.08536076545715332,-0.47293275594711304,-0.05855174019498577,0.0198897123336792,-0.2489113211631775,-0.04067846044463863,0.02805858850479126,-0.3282660245895386,-0.05342387064857235,0.01473844051361084,-0.37860122323036194,-0.05736104055804958,-0.009145617485046387,-0.4182894229888916,-0.060754437293240926,background
0.0,0.0,0.0,-0.05971693992614746,-0.06310868263244629,-0.004156734947457608,-0.1045415997505188,-0.16146981716156006,-0.005769835938110646,-0.13326513767242432,-0.23329365253448486,-0.01289803503487974,-0.15748167037963867,-0.2950896620750427,-0.019666967600926455,-0.029454708099365234,-0.2558537721633911,0.02285360017384619,-0.07322263717651367,-0.3141034245491028,-0.00555534210462838,-0.11740881204605103,-0.3285425901412964,-0.03628025917743116,-0.15616333484649658,-0.32753562927246094,-0.05489708451960951,-0.004004001617431641,-0.27568358182907104,0.009623606070533697,-0.027577519416809082,-0.3714267313480377,-0.007319132019176777,-0.06788122653961182,-0.4216604232788086,-0.026986412391408976,-0.10659623146057129,-0.45508140325546265,-0.04106269000504881,0.02327144145965576,-0.27277809381484985,-0.009614556715234812,0.01792740821838379,-0.3785281181335449,-0.026378459915861185,-0.014395356178283691,-0.4378821849822998,-0.039341989592060145,-0.0483555793762207,-0.48123130202293396,-0.04783661632274061,0.04827505350112915,-0.24864214658737183,-0.030908742606982287,0.05846458673477173,-0.3303913474082947,-0.04285481540892988,0.04424399137496948,-0.38416093587875366,-0.04743665052984625,0.019258201122283936,-0.42612460255622864,-0.05066547139023214,background
0.0,0.0,0.0,-0.06241828203201294,-0.06975334882736206,-0.008114925541349294,-0.10265952348709106,-0.18059790134429932,-0.013034013055630567,-0.12636113166809082,-0.26259303092956543,-0.02341255913711393,-0.14802390336990356,-0.32854723930358887,-0.0343430116329273,-0.015088081359863281,-0.2634742259979248,0.01642210413479006,-0.056655168533325195,-0.3305988311767578,-0.019411407366760614,-0.10165923833847046,-0.3514236807823181,-0.056692648634680154,-0.14134842157363892,-0.35598838329315186,-0.08022651444412077,0.018558621406555176,-0.28449249267578125,0.0020499800309607963,-0.0058078765869140625,-0.3814981281757355,-0.022233532697327973,-0.04566144943237305,-0.4375957250595093,-0.049245167479284646,-0.08428138494491577,-0.47628021240234375,-0.06870916853881681,0.05373102426528931,-0.27996158599853516,-0.01876533958352411,0.05183225870132446,-0.38644760847091675,-0.04315907503701055,0.02037346363067627,-0.4506130516529083,-0.06255257497764433,-0.01325005292892456,-0.4971487522125244,-0.07546533267236555,0.0884246826171875,-0.25085484981536865,-0.04174781213737333,0.11027157306671143,-0.3246074914932251,-0.06182132656908834,0.09647238254547119,-0.37341243028640747,-0.07221663366294706,0.06967449188232422,-0.4103374481201172,-0.0793717093322357,background
0.0,0.0,0.0,-0.06446850299835205,-0.08178448677062988,-0.010517522654708955,-0.09797626733779907,-0.21126461029052734,-0.011927237696227166,-0.11163312196731567,-0.30652570724487305,-0.01773773968147907,-0.12877899408340454,-0.38146859407424927,-0.02325424827563438,-0.005276978015899658,-0.2877426743507385,0.02267484463823166,-0.03396785259246826,-0.35563814640045166,-0.005824007987257573,-0.07112789154052734,-0.3796408176422119,-0.038379455878612134,-0.10856133699417114,-0.39048486948013306,-0.06017355151402626,0.036175549030303955,-0.29704129695892334,0.0106144342951211,0.023512661457061768,-0.3952168822288513,-0.008209598212715719,-0.005184590816497803,-0.4522882103919983,-0.03298557452785644,-0.03730398416519165,-0.490029513835907,-0.05207737065779838,0.07457709312438965,-0.27967655658721924,-0.008382642603692148,0.08727997541427612,-0.3776777982711792,-0.030704968570944402,0.06528609991073608,-0.43699777126312256,-0.04990498997199211,0.03354001045227051,-0.47654688358306885,-0.06301445044505272,0.10950499773025513,-0.23930585384368896,-0.029667769520756337,0.1368703842163086,-0.3087817430496216,-0.04853720121013794,0.13083404302597046,-0.3571932315826416,-0.05923161558735046,0.10744303464889526,-0.39318162202835083,-0.0671389652036396,background
0.0,0.0,0.0,-0.060598134994506836,-0.0754968523979187,-0.019723466071582152,-0.08063554763793945,-0.20069849491119385,-0.030918492409682585,-0.08212912082672119,-0.2900502681732178,-0.04540055099437268,-0.08660590648651123,-0.3646591305732727,-0.05801835510442288,-0.0007590651512145996,-0.288891077041626,0.004218022399300025,-0.014175951480865479,-0.3763253092765808,-0.03622209507534535,-0.05272728204727173,-0.3901665210723877,-0.0738896414966348,-0.09080946445465088,-0.3729075789451599,-0.09505613747546704,0.04201847314834595,-0.27754974365234375,-0.006619865014499737,0.043615520000457764,-0.3785880208015442,-0.04169517982313664,0.0016774535179138184,-0.39383459091186523,-0.07116008404204877,-0.0401763916015625,-0.3774433135986328,-0.0871398136348489,0.08126688003540039,-0.24208897352218628,-0.023900678786731078,0.09552919864654541,-0.34696561098098755,-0.0595771208734277,0.05600482225418091,-0.3382161855697632,-0.0726299420327905,0.019286274909973145,-0.3031197190284729,-0.07535885128686459,0.11531293392181396,-0.18695253133773804,-0.04353345412323506,0.11674118041992188,-0.2630429267883301,-0.07251299771974118,0.08470457792282104,-0.25767719745635986,-0.07706536206910641,0.05402398109436035,-0.22879892587661743,-0.07520714256475003,background
0.0,0.0,0.0,-0.005654275417327881,-0.10178691148757935,-0.009864705235486326,0.03756365180015564,-0.20184022188186646,-0.027951703027611075,0.10479751229286194,-0.24588286876678467,-0.04471977482808143,0.16406863927841187,-0.2566414475440979,-0.06138869057667762,0.043736785650253296,-0.22223132848739624,-0.05929655264390021,0.13360881805419922,-0.27842748165130615,-0.09342139642012626,0.19234484434127808,-0.2806311249732971,-0.11088007371199637,0.23299181461334229,-0.2654002904891968,-0.11812203060162574,0.061740487813949585,-0.17059403657913208,-0.06790551225913077,0.15712618827819824,-0.2366352081298828,-0.09783705006611854,0.21549314260482788,-0.23950189352035522,-0.10612880866301566,0.2525886297225952,-0.2214369773864746,-0.10873865018857032,0.08289989829063416,-0.10865843296051025,-0.07512259166014701,0.17733865976333618,-0.16971474885940552,-0.09961929600012809,0.22942250967025757,-0.17189311981201172,-0.0999036176062873,0.25848281383514404,-0.15476536750793457,-0.09649521540177375,0.10817447304725647,-0.0411686897277832,-0.08225442151797324,0.18467751145362854,-0.0910259485244751,-0.09801629613411933,0.22938448190689087,-0.09787207841873169,-0.09529984425080329,0.25849395990371704,-0.09064841270446777,-0.08998208175671607,background
0.0,0.0,0.0,0.01160496473312378,-0.11153548955917358,0.020454387113375105,0.049199432134628296,-0.20046818256378174,0.01625695352248613,0.09565135836601257,-0.26071369647979736,0.007344636533332505,0.1278424859046936,-0.3067469596862793,-0.0007924670442776005,0.06316667795181274,-0.24334686994552612,-0.023239999145346246,0.15956079959869385,-0.2879457473754883,-0.03979635524757441,0.20837616920471191,-0.27629828453063965,-0.03925469431288775,0.23140323162078857,-0.24793529510498047,-0.031159165382462106,0.08593496680259705,-0.20239317417144775,-0.04135742697127398,0.19084852933883667,-0.24618566036224365,-0.05179065379508074,0.23574984073638916,-0.22871816158294678,-0.04124364915497836,0.24882489442825317,-0.1980234980583191,-0.027902699142771326,0.11119666695594788,-0.14450305700302124,-0.05582957255847987,0.20613276958465576,-0.1927706003189087,-0.0609552367330366,0.24300456047058105,-0.17734867334365845,-0.04168133351214465,0.25149738788604736,-0.1524384617805481,-0.02301481466002997,0.1343938112258911,-0.0821218490600586,-0.06823329913623866,0.2133539915084839,-0.13360965251922607,-0.06472096133239802,0.24263840913772583,-0.13304442167282104,-0.04407646793134745,0.25114667415618896,-0.11666321754455566,-0.023042776689010225,background
0.0,0.0,0.0,0.008158206939697266,-0.10286545753479004,0.019320883822672386,0.03313744068145752,-0.18586820363998413,0.019242632237308044,0.05964094400405884,-0.2495793104171753,0.015143353526525516,0.07793253660202026,-0.2938544750213623,0.011623727192215938,0.07414060831069946,-0.22897708415985107,-0.011417620780832749,0.1499759554862976,-0.26449620723724365,-0.016588502529032212,0.18417063355445862,-0.25231271982192993,-0.011778109672434312,0.19816073775291443,-0.23174405097961426,-0.004622131551570874,0.10237166285514832,-0.1918749213218689,-0.026662948506839257,0.1871149241924286,-0.2275170087814331,-0.024025465327270012,0.2167392075061798,-0.21260100603103638,-0.014276767115063649,0.22291341423988342,-0.188867449760437,-0.00636970807141779,0.1267223060131073,-0.13832801580429077,-0.038160405087239724,0.20231899619102478,-0.17794936895370483,-0.03209082313156841,0.22721931338310242,-0.1682639718055725,-0.015530124272174817,0.2304690182209015,-0.15134668350219727,-0.0040103494775962645,0.14521464705467224,-0.07904165983200073,-0.04814538263059376,0.20767828822135925,-0.12611478567123413,-0.038900333422191125,0.23012956976890564,-0.13025861978530884,-0.020456773194439393,0.23732593655586243,-0.1262282133102417,-0.004469721077896338,background
0.0,0.0,0.0,-0.002468109130859375,-0.10046708583831787,0.025413915055281677,0.012768596410751343,-0.18194597959518433,0.02932676999498085,0.03090307116508484,-0.24551081657409668,0.028235969605333366,0.029884904623031616,-0.29401272535324097,0.027089794638044395,0.07470929622650146,-0.21196043491363525,0.00868306914944128,0.13819050788879395,-0.24256044626235962,0.015643447177893677,0.1707538664340973,-0.24621069431304932,0.02637361502874569,0.18808481097221375,-0.24460166692733765,0.03549513174820618,0.10280972719192505,-0.17826080322265625,-0.005809040734135351,0.17605778574943542,-0.21320796012878418,0.007767890120334187,0.2009885609149933,-0.2110005021095276,0.0235239486270018,0.20786723494529724,-0.20449358224868774,0.03488283558417038,0.12503314018249512,-0.12904727458953857,-0.016910860774629555,0.1916728913784027,-0.16859591007232666,-0.0014958759942658162,0.21103456616401672,-0.16957592964172363,0.018463057937509575,0.21155765652656555,-0.16813933849334717,0.030922168406135597,0.1393219530582428,-0.07280224561691284,-0.02622645953070446,0.1940155327320099,-0.11734050512313843,-0.010413516772501907,0.21011051535606384,-0.12996703386306763,0.010117662610895195,0.21163782477378845,-0.13880646228790283,0.026421188848502197,background
0.0,0.0,0.0,-0.008133620023727417,-0.09191054105758667,0.012235380725286404,0.0008172094821929932,-0.1716078519821167,0.012205442429802815,0.016622543334960938,-0.2348998785018921,0.01027145145209829,0.016301125288009644,-0.2819056510925293,0.00879183506341974,0.07499814033508301,-0.2001296877861023,0.0030737971116820972,0.13689851760864258,-0.23541855812072754,0.005856098623297612,0.16981109976768494,-0.24657368659973145,0.011167078295073907,0.19223764538764954,-0.2510005235671997,0.016390887105188767,0.10321268439292908,-0.1636078953742981,-0.0038180821414073307,0.1685796082019806,-0.2021593451499939,0.0070497016583601635,0.19754287600517273,-0.2128981351852417,0.02000033391388456,0.21576616168022156,-0.21996712684631348,0.02901622375222246,0.12384164333343506,-0.1142110824584961,-0.009230853973605235,0.1788807213306427,-0.157964825630188,0.0025615350038776796,0.2044467031955719,-0.17410635948181152,0.01761047078045408,0.21840426325798035,-0.18803095817565918,0.026903915235124032,0.13598215579986572,-0.05976712703704834,-0.013843707724191745,0.1815519630908966,-0.10398626327514648,-0.0010373919342612226,0.201669842004776,-0.12228065729141235,0.015599533000312249,0.21256127953529358,-0.13691192865371704,0.02880322841676275,background
0.0,0.0,0.0,-0.015248119831085205,-0.08770740032196045,0.004423744313470479,-0.011201262474060059,-0.16312116384506226,0.0005690476745883188,0.0010049045085906982,-0.22402054071426392,-0.0035703021212896147,0.003195852041244507,-0.2693069577217102,-0.006929987773247603,0.07255473732948303,-0.19100338220596313,-0.004880836430885438,0.13459596037864685,-0.2284882664680481,-0.0050551073736926355,0.167790025472641,-0.24243885278701782,-0.0020268107410004177,0.19127997756004333,-0.24793469905853271,0.001988122275150772,0.10054293274879456,-0.15209341049194336,-0.008146913453884963,0.16558346152305603,-0.1939549446105957,-0.0008040169714433887,0.1965062916278839,-0.20825928449630737,0.01009749182318842,0.21730324625968933,-0.2159084677696228,0.018441641040197965,0.11965063214302063,-0.10390198230743408,-0.010571570798703078,0.1727762520313263,-0.1472148895263672,-0.0015058620711272397,0.19899287819862366,-0.16453087329864502,0.011598611518792268,0.21359190344810486,-0.17730653285980225,0.020458706922880765,0.13023394346237183,-0.0527796745300293,-0.012900193884917144,0.17131903767585754,-0.0934252142906189,-0.0013902965811496415,0.1893596351146698,-0.11034905910491943,0.014001263573817369,0.1988351047039032,-0.12220603227615356,0.026631514810077306,background
0.0,0.0,0.0,-0.02023223042488098,-0.08775722980499268,-0.0005674582025108066,-0.01908835768699646,-0.16633063554763794,-0.007379365892063561,-0.011649459600448608,-0.23368418216705322,-0.013654576421629372,-0.012258768081665039,-0.28118646144866943,-0.0187258718469252,0.07092699408531189,-0.19303280115127563,-0.006846560438077631,0.13054272532463074,-0.23398840427398682,-0.007377408252011719,0.1631147563457489,-0.25040656328201294,-0.005556973435830059,0.18671128153800964,-0.2590883672237396,-0.0027079917890091565,0.10103991627693176,-0.1553611159324646,-0.007916771613906803,0.16143175959587097,-0.199687659740448,-0.0006927958856408623,0.19275620579719543,-0.2188417911529541,0.00845119003867012,0.21429219841957092,-0.22906029224395752,0.015270073159683761,0.12061816453933716,-0.10904955863952637,-0.00861358437026638,0.16813167929649353,-0.15460461378097534,0.0005303002727146122,0.19634225964546204,-0.17838340997695923,0.010504779598761615,0.21306964755058289,-0.19555222988128662,0.016814079328526077,0.1308998167514801,-0.06156641244888306,-0.009714680530976239,0.16776415705680847,-0.09867119789123535,0.0009785238253812167,0.18508878350257874,-0.11856937408447266,0.013482251397419986,0.19410637021064758,-0.1331813931465149,0.023718252970923004,background
0.0,0.0,0.0,-0.024365633726119995,-0.08909690380096436,0.0011039332622146958,-0.025343239307403564,-0.16660761833190918,-0.004693984226747716,-0.02139216661453247,-0.23491746187210083,-0.009915408851071561,-0.02341139316558838,-0.2829030752182007,-0.013958631256087983,0.07319310307502747,-0.1876591444015503,-0.0019582041403793937,0.13108736276626587,-0.23278957605361938,0.0031456291345364207,0.161496102809906,-0.2514064311981201,0.008870370513335502,0.18335121870040894,-0.2633260488510132,0.014162492765620982,0.10493326187133789,-0.14936602115631104,-0.0003432169886821157,0.1615591049194336,-0.1974470615386963,0.010596467009321486,0.19032317399978638,-0.21864032745361328,0.022129512219265735,0.21099525690078735,-0.23130106925964355,0.030669689937070643,0.12400484085083008,-0.10511589050292969,0.0022203159188336485,0.16849511861801147,-0.15191298723220825,0.015339005565778052,0.1953219771385193,-0.17822515964508057,0.027365908785299098,0.2112923264503479,-0.19853049516677856,0.03502576501531962,0.13199365139007568,-0.06310033798217773,0.004663880276069676,0.1665155291557312,-0.10025185346603394,0.019478485746816432,0.18199312686920166,-0.1221514344215393,0.03372568712993029,0.18956643342971802,-0.13845384120941162,0.04488370270891551,background
0.0,0.0,0.0,-0.025358855724334717,-0.08813261985778809,0.004529871866282065,-0.02735370397567749,-0.16751575469970703,0.00040807953820376497,-0.027793824672698975,-0.23337364196777344,-0.0034863849820681025,-0.034769684076309204,-0.2763478755950928,-0.006848330255422752,0.0716349184513092,-0.1865571141242981,-0.0018335865995027234,0.12904983758926392,-0.23322099447250366,0.0012481162605695317,0.15953165292739868,-0.2543509602546692,0.005417826939549286,0.1811443567276001,-0.2684192657470703,0.010316311735834915,0.10287824273109436,-0.1490764021873474,-0.0008859428295977523,0.1594502329826355,-0.1997726559638977,0.010467190649535496,0.18697166442871094,-0.223832368850708,0.0230461157673858,0.20580101013183594,-0.23901617527008057,0.032429430987861,0.12145823240280151,-0.10518902540206909,0.0011978037703670452,0.16567254066467285,-0.1537724733352661,0.01488573884608968,0.19216430187225342,-0.18294388055801392,0.02724535984935983,0.20770388841629028,-0.20440775156021118,0.035301208850171406,0.12864989042282104,-0.06457513570785522,0.0035277273321412395,0.16221767663955688,-0.10276693105697632,0.01887097245099767,0.17814743518829346,-0.12485355138778687,0.033397637661721546,0.1858503818511963,-0.14083528518676758,0.04476269742491468,background
0.0,0.0,0.0,-0.02344486117362976,-0.08924758434295654,-0.0007514952210101455,-0.02658897638320923,-0.1668180227279663,-0.006544762732772824,-0.030946850776672363,-0.2281908392906189,-0.01056222848066568,-0.04158148169517517,-0.27162185311317444,-0.01371628369608402,0.07637420296669006,-0.18248188495635986,-0.010251125762550828,0.13458657264709473,-0.23029929399490356,-0.006307121342359778,0.1638782024383545,-0.2515401244163513,0.0006282075430874556,0.18343883752822876,-0.26682189106941223,0.007961172168762687,0.10598629713058472,-0.1425977349281311,-0.00599924705394983,0.16484349966049194,-0.19673120975494385,0.002536734357164505,0.1925562620162964,-0.22314924001693726,0.01594812006285906,0.21054154634475708,-0.24064993858337402,0.027282440593154433,0.12216824293136597,-0.09878164529800415,-0.00026834715910695195,0.1681767702102661,-0.14797478914260864,0.011747153034121993,0.19229835271835327,-0.17545020580291748,0.025425951486141685,0.20417183637619019,-0.19589293003082275,0.03595321953824282,0.12674158811569214,-0.06127089262008667,0.0055134236120295554,0.16410082578659058,-0.09974700212478638,0.019491267880113128,0.18107450008392334,-0.12363415956497192,0.034295666521103385,0.18896353244781494,-0.1412113904953003,0.04709683314493418,background
0.0,0.0,0.0,-0.022305935621261597,-0.09020376205444336,-0.0008829219163146718,-0.02520313858985901,-0.16397327184677124,-0.006819064322741042,-0.031615614891052246,-0.22233504056930542,-0.011234494451315413,-0.04162311553955078,-0.26563167572021484,-0.014437581006319533,0.07891824841499329,-0.181532621383667,-0.0038884636609566314,0.13806039094924927,-0.22971820831298828,0.0008049922749648886,0.1679147481918335,-0.2509649991989136,0.007652694299935092,0.1885141134262085,-0.26703017950057983,0.015861514430611123,0.10742148756980896,-0.1407368779182434,0.0029446575195777314,0.16631484031677246,-0.1931387186050415,0.01532734319206952,0.19413191080093384,-0.21916645765304565,0.03237293235596894,0.2116917371749878,-0.2365121841430664,0.046942211162416925,0.12172991037368774,-0.09567320346832275,0.010691196132569303,0.16590535640716553,-0.14041298627853394,0.026816594820587625,0.18923455476760864,-0.16847026348114014,0.04530980012950181,0.2001248002052307,-0.18883901834487915,0.06006183050212144,0.12543326616287231,-0.05752551555633545,0.01814675464865445,0.1612788438796997,-0.0936158299446106,0.0360860037022519,0.17811530828475952,-0.11875271797180176,0.0545513140374112,0.18590033054351807,-0.13737493753433228,0.07082936115202187,background
0.0,0.0,0.0,-0.02027478814125061,-0.08998101949691772,1.196977186168624e-05,-0.020188748836517334,-0.16366493701934814,-0.005088601925905323,-0.02550220489501953,-0.22071021795272827,-0.009189718136127567,-0.03745889663696289,-0.2628943920135498,-0.01244597110294876,0.08316999673843384,-0.18082839250564575,-0.0014023233331101892,0.1416224241256714,-0.22255247831344604,0.003976940444175625,0.17070788145065308,-0.24118542671203613,0.010951117879216099,0.18900883197784424,-0.25553596019744873,0.01888882395482483,0.11031728982925415,-0.1384705901145935,0.0039054630663883927,0.16949599981307983,-0.18237179517745972,0.01717099946594658,0.19356155395507812,-0.20544439554214478,0.034249175606731797,0.2066752314567566,-0.22271287441253662,0.048690870671038056,0.12342005968093872,-0.09304851293563843,0.009948034106258774,0.16846710443496704,-0.13432490825653076,0.02604708474731865,0.18974369764328003,-0.1605202555656433,0.04457457390284958,0.1969549059867859,-0.1805570125579834,0.05913913276648941,0.12556052207946777,-0.05634486675262451,0.015653554616932297,0.1595996618270874,-0.09147685766220093,0.03374618691063347,0.17568868398666382,-0.11451596021652222,0.052477013586525345,0.1815553903579712,-0.13094884157180786,0.06876638558364334,background
0.0,0.0,0.0,-0.018745511770248413,-0.08753204345703125,4.325367129354163e-05,-0.017728358507156372,-0.16255784034729004,-0.006749929519600073,-0.021615952253341675,-0.22199195623397827,-0.013124583414054314,-0.03324267268180847,-0.26512032747268677,-0.01852246106997768,0.08234283328056335,-0.1830926537513733,-0.0035597746113751327,0.14146295189857483,-0.21935611963272095,-0.0016650075644690787,0.1704787313938141,-0.2350596785545349,0.002628031760224303,0.18766167759895325,-0.2461276650428772,0.0085872457043763,0.10957792401313782,-0.1428099274635315,-0.000710106114155451,0.16776242852210999,-0.18113261461257935,0.01092985725566109,0.18963441252708435,-0.19942224025726318,0.026139202402674755,0.2002890408039093,-0.21290069818496704,0.03883798873587807,0.12405452132225037,-0.09851622581481934,0.002617806536846956,0.16669800877571106,-0.13735157251358032,0.017297028438889583,0.187392920255661,-0.16039419174194336,0.03503668016358574,0.1935461461544037,-0.1779232621192932,0.04839083260461052,0.1286713182926178,-0.059752702713012695,0.005357109816515049,0.15907934308052063,-0.09258323907852173,0.022479998754107555,0.1746143400669098,-0.11209088563919067,0.0407920078055497,0.17967036366462708,-0.12766492366790771,0.05635947069688996,background
0.0,0.0,0.0,-0.016874760389328003,-0.08498847484588623,0.0077236661276174345,-0.017181336879730225,-0.16270899772644043,0.0009496693786559263,-0.01904168725013733,-0.22601813077926636,-0.007092554722134992,-0.0290524959564209,-0.27035999298095703,-0.01446900343910329,0.06991362571716309,-0.187702476978302,-0.005811708182250186,0.1317289173603058,-0.22604668140411377,-0.006287418440138026,0.16255876421928406,-0.24130237102508545,-0.0027573184521543226,0.18150517344474792,-0.25014829635620117,0.0024929441100312033,0.09622284770011902,-0.1509653925895691,-0.009342911787484809,0.16285398602485657,-0.18586421012878418,0.0021459046805603066,0.18424692749977112,-0.19787651300430298,0.018050856754030065,0.1929709017276764,-0.20716071128845215,0.030421307176197843,0.11473485827445984,-0.1069989800453186,-0.01142189665154092,0.1638679802417755,-0.14213556051254272,0.004645934194172696,0.1836395561695099,-0.15839344263076782,0.02416768470391162,0.18833431601524353,-0.17254626750946045,0.03713246235236056,0.12503579258918762,-0.06447869539260864,-0.013520648837243243,0.1601681411266327,-0.10223972797393799,0.003149721404383854,0.17614856362342834,-0.11869984865188599,0.02232027599200137,0.18177875876426697,-0.13301199674606323,0.03813116425260432,background
0.0,0.0,0.0,-0.01448822021484375,-0.08400726318359375,0.004550695707678187,-0.014910489320755005,-0.16634327173233032,-0.0045647795222407694,-0.01167219877243042,-0.23484200239181519,-0.01475894422304691,-0.01954987645149231,-0.28406375646591187,-0.024683896163821828,0.049270063638687134,-0.19811272621154785,-0.016991993124008786,0.11583808064460754,-0.2431918978691101,-0.023725114474416387,0.15141025185585022,-0.25556373596191406,-0.02508127287995876,0.17499330639839172,-0.26122814416885376,-0.02336499997448982,0.07451251149177551,-0.1647813320159912,-0.02193423145484985,0.1453963816165924,-0.19907784461975098,-0.01759461284649433,0.17474308609962463,-0.20448356866836548,-0.009321505846799027,0.1894564926624298,-0.2091088891029358,-0.003692330038518321,0.0977611243724823,-0.11941522359848022,-0.02505998284590305,0.14916440844535828,-0.15109699964523315,-0.01565977157127918,0.1677740514278412,-0.155062735080719,-0.0032811134032613154,0.17093810439109802,-0.15801310539245605,0.004095829380332816,0.11700549721717834,-0.07222658395767212,-0.027892922694206845,0.15877291560173035,-0.11337435245513916,-0.01775315561366142,0.17914864420890808,-0.13329178094863892,-0.00394548400339545,0.18928226828575134,-0.1504541039466858,0.007373964702367175,background
0.0,0.0,0.0,-0.012845367193222046,-0.08715289831161499,0.0059614137647372445,-0.00948140025138855,-0.16805654764175415,0.0005334152158980032,-0.0012045800685882568,-0.23532140254974365,-0.006784229269840125,-0.006493359804153442,-0.28481489419937134,-0.014537902745075826,0.0295829176902771,-0.19841909408569336,-0.014184291670687799,0.09419888257980347,-0.25297147035598755,-0.024225699911482934,0.13262316584587097,-0.268534779548645,-0.028699548179872636,0.1597152054309845,-0.2765355706214905,-0.02928128951288045,0.05368831753730774,-0.1719028353691101,-0.022248662273057107,0.1272904872894287,-0.21131455898284912,-0.023936943347223405,0.16378715634346008,-0.21680402755737305,-0.021724268058903817,0.18598446249961853,-0.22028011083602905,-0.020979869375594262,0.07975411415100098,-0.13400089740753174,-0.029070901880629663,0.13969573378562927,-0.15945541858673096,-0.02571198829508603,0.16742154955863953,-0.1629663109779358,-0.020097836116917733,0.18220916390419006,-0.1668398380279541,-0.018033313761122827,0.10242396593093872,-0.09235745668411255,-0.035604807744391564,0.1520470678806305,-0.1269426941871643,-0.028037197152741555,0.17725476622581482,-0.14457327127456665,-0.018012753883965615,0.19513759016990662,-0.16022002696990967,-0.011160655143328313,background
0.0,0.0,0.0,-0.013391196727752686,-0.08459234237670898,0.0038789218447448093,-0.005831778049468994,-0.16660064458847046,-0.002743517405605189,0.005023360252380371,-0.2353021502494812,-0.010901562062343828,-0.0025866031646728516,-0.28394752740859985,-0.0192103424419372,0.0005406439304351807,-0.20522135496139526,-0.01937560190751242,0.06282424926757812,-0.2638975977897644,-0.03371682775511431,0.10401540994644165,-0.2852749824523926,-0.04101498437418627,0.13402771949768066,-0.29904744029045105,-0.04434162390722918,0.024149328470230103,-0.1835557222366333,-0.029562685762783758,0.09916958212852478,-0.23437899351119995,-0.037600588177582495,0.14170634746551514,-0.2455407977104187,-0.03891750437512087,0.17018568515777588,-0.2533513903617859,-0.040779963259836904,0.0522119402885437,-0.1526181697845459,-0.03890069214000391,0.11992496252059937,-0.1951342225074768,-0.042505029713055364,0.1557115912437439,-0.2134385108947754,-0.04010289547338175,0.1803705096244812,-0.22898799180984497,-0.04002030206217455,0.0809381902217865,-0.11708623170852661,-0.04816721764697718,0.1331096589565277,-0.16320407390594482,-0.04719209683432268,0.16075116395950317,-0.1872989535331726,-0.04186201107992815,0.1828542947769165,-0.20956701040267944,-0.038544815157791845,background
0.0,0.0,0.0,-0.021135836839675903,-0.07526946067810059,-0.0022407529983752283,-0.015497744083404541,-0.15922260284423828,-0.0075928794328206095,0.0004043281078338623,-0.22715455293655396,-0.013091998371862701,0.0014589428901672363,-0.275313138961792,-0.01694948339053326,-0.029466748237609863,-0.19992482662200928,-0.013328787136458686,0.026375263929367065,-0.2716871500015259,-0.026665882404529384,0.06301933526992798,-0.30855077505111694,-0.0341758404035204,0.08908390998840332,-0.33637499809265137,-0.03767027073689633,-0.007331371307373047,-0.18343889713287354,-0.019982989143215946,0.05716744065284729,-0.25440967082977295,-0.027730097259961894,0.09661149978637695,-0.2853696346282959,-0.031084750976049236,0.12438130378723145,-0.3110131025314331,-0.03406795599647694,0.020549088716506958,-0.1625155806541443,-0.027019688125335506,0.08131051063537598,-0.2196921706199646,-0.031460576887809566,0.11644893884658813,-0.24736028909683228,-0.030765750642501644,0.14132216572761536,-0.2699957489967346,-0.03113422283121281,0.051155537366867065,-0.1387048363685608,-0.03496632837840252,0.09802231192588806,-0.18684595823287964,-0.034753763313972286,0.12315455079078674,-0.20874661207199097,-0.03096451350637608,0.1424470841884613,-0.228038489818573,-0.028373536850892833,background
0.0,0.0,0.0,-0.029751330614089966,-0.0670475959777832,-0.0005525043380316674,-0.032600998878479004,-0.14027398824691772,-0.008831184954090077,-0.008264631032943726,-0.19290733337402344,-0.01898681152675863,0.02307504415512085,-0.21762067079544067,-0.028276376091582733,-0.053994446992874146,-0.1785678267478943,-0.016283210032327133,-0.0033821463584899902,-0.26253271102905273,-0.03407137621258016,0.035350024700164795,-0.3046255111694336,-0.04553957808826681,0.06372040510177612,-0.33262914419174194,-0.05174403790448423,-0.03376412391662598,-0.17140787839889526,-0.025285428055269676,0.02369961142539978,-0.25914937257766724,-0.03762846965406652,0.06515860557556152,-0.296917200088501,-0.04312813434813734,0.09454748034477234,-0.32428085803985596,-0.04701020348881002,-0.006005614995956421,-0.16049182415008545,-0.034636502750856835,0.05062636733055115,-0.23250019550323486,-0.04254422862146612,0.08530128002166748,-0.26577502489089966,-0.04375206831906553,0.10897955298423767,-0.29131025075912476,-0.04464831356023069,0.026010900735855103,-0.14532124996185303,-0.04478453252528425,0.07197871804237366,-0.20314574241638184,-0.04684775475476499,0.0978560745716095,-0.2332419753074646,-0.04412037659500356,0.1174091100692749,-0.258886456489563,-0.04180275056575056,background
0.0,0.0,0.0,-0.032970577478408813,-0.06411367654800415,0.01334980704911004,-0.04204091429710388,-0.12767350673675537,0.011258270750715837,-0.029214978218078613,-0.18102562427520752,0.004325158587619171,-0.0053667426109313965,-0.21251952648162842,-0.002106944172680869,-0.06687158346176147,-0.15089130401611328,0.0015223143118987537,-0.031281083822250366,-0.2385566234588623,-0.011301168081388369,4.652142524719238e-05,-0.2811904549598694,-0.019579838802144423,0.025766104459762573,-0.3069877326488495,-0.023740833465978994,-0.05293479561805725,-0.15664136409759521,-0.012398793202862635,-0.017151325941085815,-0.2528766989707947,-0.019829500307366743,0.014668107032775879,-0.2935510575771332,-0.021441409205124273,0.03849807381629944,-0.31981536746025085,-0.022420817826912298,-0.029785186052322388,-0.15684020519256592,-0.026073118512556448,0.004696637392044067,-0.24891221523284912,-0.03056697158984889,0.0317685604095459,-0.2895206809043884,-0.02812418325714816,0.051720112562179565,-0.3184937834739685,-0.02674227005712737,0.0036477744579315186,-0.15104252099990845,-0.03934279068283786,0.03521543741226196,-0.22302639484405518,-0.038569684912488356,0.05704694986343384,-0.2569953203201294,-0.03263659014277209,0.07305148243904114,-0.28401803970336914,-0.02816661803893794,background
0.0,0.0,0.0,-0.02537822723388672,-0.06266796588897705,0.021610129804599865,-0.0358542799949646,-0.11821651458740234,0.02537504229067622,-0.02517998218536377,-0.16114574670791626,0.021668274135578258,-0.005851536989212036,-0.18929779529571533,0.01655749249576388,-0.05949556827545166,-0.1396375298500061,0.023985749290574176,-0.034283459186553955,-0.2171284556388855,0.016528073878276928,-0.014745593070983887,-0.26722168922424316,0.008445929915893657,0.0024550557136535645,-0.30287444591522217,0.0028189478379374577,-0.048339635133743286,-0.15013694763183594,0.005517529969353063,-0.030389755964279175,-0.2400999665260315,0.0011959464226549699,-0.012174636125564575,-0.2897286117076874,-0.0029162478695923255,0.0036815106868743896,-0.3274492025375366,-0.005725920020353215,-0.027968257665634155,-0.1554165482521057,-0.013044497749518769,-0.0184498131275177,-0.24634146690368652,-0.016139287321578877,-0.004593640565872192,-0.2945113182067871,-0.015159439115535633,0.004830509424209595,-0.3333909213542938,-0.014408911398362534,0.0024563372135162354,-0.15510410070419312,-0.03081292641044797,0.0066224634647369385,-0.23069173097610474,-0.030093814997684376,0.013094484806060791,-0.27111905813217163,-0.02469524909437837,0.01791161298751831,-0.30673617124557495,-0.020801193832170384,background
0.0,0.0,0.0,-0.02902311086654663,-0.05881035327911377,0.023138858197057743,-0.0367853045463562,-0.11162805557250977,0.02881492097469618,-0.02742481231689453,-0.14717793464660645,0.02572186273130228,-0.013266205787658691,-0.17567592859268188,0.021352296514237423,-0.05454328656196594,-0.1297045350074768,0.03425670583339979,-0.04013374447822571,-0.202251136302948,0.02706565317305376,-0.028516113758087158,-0.258600115776062,0.019043871952021618,-0.01657119393348694,-0.299963116645813,0.01385785155537178,-0.04748094081878662,-0.14335662126541138,0.013696276401901741,-0.03825634717941284,-0.2292577624320984,0.008503843849325676,-0.02638426423072815,-0.2852644920349121,0.002551571052322288,-0.015734314918518066,-0.32965201139450073,-0.0007168895161839828,-0.03074607253074646,-0.15352857112884521,-0.007792721217697363,-0.028536856174468994,-0.24062657356262207,-0.012169870728826027,-0.020096004009246826,-0.2915077805519104,-0.013203694666003685,-0.015563488006591797,-0.33372002840042114,-0.012979599828099708,-0.004245579242706299,-0.15935301780700684,-0.028771417396342258,-0.007943928241729736,-0.2291250228881836,-0.029650259943878154,-0.007792860269546509,-0.26846784353256226,-0.02578294109014223,-0.00821581482887268,-0.30348965525627136,-0.022477831872379284,background
0.0,0.0,0.0,-0.026483654975891113,-0.05560743808746338,0.020025416522372552,-0.037508606910705566,-0.10570764541625977,0.025730568229306527,-0.029589176177978516,-0.1388111114501953,0.023394258006561586,-0.016460269689559937,-0.16473937034606934,0.020120087324727365,-0.0577850341796875,-0.1228591799736023,0.03222418694113571,-0.048221200704574585,-0.1926412582397461,0.025430358260024377,-0.040876924991607666,-0.24425190687179565,0.018161292432893106,-0.03218695521354675,-0.2831551432609558,0.01312284382348139,-0.052265942096710205,-0.1371157169342041,0.013523898332465478,-0.04832535982131958,-0.21934103965759277,0.008494396939028093,-0.04036352038383484,-0.26978641748428345,0.0032497050828226293,-0.03232079744338989,-0.31171679496765137,0.00027820687446933334,-0.03751286864280701,-0.1485152244567871,-0.0064811862417570865,-0.04009449481964111,-0.23203015327453613,-0.010479578503321818,-0.03492158651351929,-0.2777300477027893,-0.011537827306341342,-0.03257322311401367,-0.31814947724342346,-0.011741684504698924,-0.013038992881774902,-0.15643519163131714,-0.026248416618358306,-0.02108168601989746,-0.22023653984069824,-0.027145541028033904,-0.022798806428909302,-0.2556798458099365,-0.02390242436612766,-0.024078786373138428,-0.28958481550216675,-0.021427827642213515,background
0.0,0.0,0.0,-0.03248399496078491,-0.05297285318374634,0.019418828317725456,-0.04386487603187561,-0.10221529006958008,0.022760238626801765,-0.03771969676017761,-0.13921457529067993,0.018769068771803177,-0.02407976984977722,-0.1672411561012268,0.013486525172197616,-0.056707561016082764,-0.11726874113082886,0.024772945919835365,-0.047985583543777466,-0.1873723268508911,0.0179856085570691,-0.04178643226623535,-0.23724323511123657,0.011127578222954071,-0.03438481688499451,-0.27525007724761963,0.006281431892716682,-0.0500580370426178,-0.13239514827728271,0.006767720112407005,-0.049021363258361816,-0.2120029330253601,0.0014990624159736399,-0.043402254581451416,-0.26170623302459717,-0.003151225961914861,-0.038179218769073486,-0.3021286725997925,-0.005822616500950062,-0.03473985195159912,-0.14400571584701538,-0.011681879742241108,-0.04107630252838135,-0.224071204662323,-0.01592797586897632,-0.03722238540649414,-0.26924675703048706,-0.015534465072846615,-0.036446183919906616,-0.3085758686065674,-0.014875895215368473,-0.010877519845962524,-0.15145450830459595,-0.029609136155045235,-0.02085849642753601,-0.21311956644058228,-0.030544906726277077,-0.022653013467788696,-0.24728471040725708,-0.026014450809157097,-0.024253517389297485,-0.27897676825523376,-0.022468754893338883,background
0.0,0.0,0.0,-0.036416977643966675,-0.040127336978912354,0.015611541522673633,-0.05077055096626282,-0.08762770891189575,0.018416215730837848,-0.045473843812942505,-0.12683862447738647,0.014429516224197414,-0.030622005462646484,-0.15646755695343018,0.009534003278247383,-0.062437862157821655,-0.10189813375473022,0.026874004928401973,-0.05270785093307495,-0.1617935299873352,0.02049944835715678,-0.04386013746261597,-0.20828646421432495,0.013287798566750553,-0.03492194414138794,-0.24236568808555603,0.008264376847080257,-0.05468398332595825,-0.1214560866355896,0.011107971025637653,-0.05364811420440674,-0.19323372840881348,0.007283377526334789,-0.047462284564971924,-0.2411872148513794,0.0030947628617354894,-0.04265594482421875,-0.28007352352142334,0.0004985191114315057,-0.03927120566368103,-0.13790959119796753,-0.005952687868841622,-0.04552707076072693,-0.21156758069992065,-0.009068527193733189,-0.04195860028266907,-0.25634875893592834,-0.008775479095049832,-0.041016578674316406,-0.2940482497215271,-0.008279689522453282,-0.016920864582061768,-0.1511751413345337,-0.02304552395827386,-0.02644062042236328,-0.20700287818908691,-0.023046893002458546,-0.028949230909347534,-0.24005481600761414,-0.018630857514210675,-0.030648797750473022,-0.269494891166687,-0.01530260213650081,background
0.0,0.0,0.0,-0.03748464584350586,-0.0392836332321167,0.020043524932589207,-0.0506303608417511,-0.08908766508102417,0.024653595891322766,-0.04248088598251343,-0.12808483839035034,0.021402600240435277,-0.026116669178009033,-0.15708887577056885,0.017012876477565442,-0.06275475025177002,-0.09869778156280518,0.033842903580989514,-0.05134263634681702,-0.15481048822402954,0.03012805154594389,-0.04313024878501892,-0.19491136074066162,0.024069332536782895,-0.037370771169662476,-0.22311466932296753,0.01941863728734461,-0.05486959218978882,-0.12028557062149048,0.016096874159302388,-0.05383014678955078,-0.18365025520324707,0.01491284558596817,-0.046222567558288574,-0.22345834970474243,0.011584660988773976,-0.04113838076591492,-0.25521063804626465,0.009200772289659653,-0.03870236873626709,-0.13939440250396729,-0.0027972350171694416,-0.046077996492385864,-0.21036112308502197,-0.004600131399456586,-0.043716639280319214,-0.25415122509002686,-0.00376430734013411,-0.04499658942222595,-0.29134804010391235,-0.0031634690049031633,-0.015353024005889893,-0.15542608499526978,-0.021287522259626712,-0.025505274534225464,-0.21132612228393555,-0.020515396240625705,-0.02860039472579956,-0.24501878023147583,-0.015252703781698074,-0.032133787870407104,-0.2746221125125885,-0.011529136429999198,background
0.0,0.0,0.0,-0.03874841332435608,-0.03988379240036011,0.022765476235939275,-0.05005073547363281,-0.08776193857192993,0.026925332823587667,-0.040795981884002686,-0.12757033109664917,0.0228286273570788,-0.024220168590545654,-0.155245840549469,0.017912911230517636,-0.06596222519874573,-0.09916943311691284,0.03473770616371752,-0.05088871717453003,-0.1547362208366394,0.03319048506934763,-0.03808087110519409,-0.17534923553466797,0.029530761742783795,-0.03261220455169678,-0.1863136887550354,0.026052879148913632,-0.05662599205970764,-0.12136828899383545,0.015654643976880322,-0.048419952392578125,-0.17637848854064941,0.01441201472450615,-0.03444564342498779,-0.19535541534423828,0.011528483571304093,-0.02691018581390381,-0.208179771900177,0.009699755327595483,-0.038610756397247314,-0.14076274633407593,-0.004098672440456141,-0.04381069540977478,-0.21020549535751343,-0.005536132047133435,-0.04230061173439026,-0.2502043843269348,-0.004505324198113669,-0.04646652936935425,-0.28472477197647095,-0.004475147484050979,-0.013781636953353882,-0.15673798322677612,-0.02274256574194311,-0.024517744779586792,-0.21308153867721558,-0.022051069906162013,-0.02863675355911255,-0.24504858255386353,-0.016076229533361186,-0.034755319356918335,-0.2749256193637848,-0.012127109823929061,background
0.0,0.0,0.0,-0.0393865704536438,-0.038376033306121826,0.018017571842598556,-0.05134198069572449,-0.08586150407791138,0.0216857478528496,-0.04148516058921814,-0.12774360179901123,0.018220553597736,-0.025265932083129883,-0.15704107284545898,0.014470297335016369,-0.06551989912986755,-0.09785014390945435,0.032252375459599136,-0.049806296825408936,-0.1542959213256836,0.028103825128006577,-0.03889879584312439,-0.18830066919326782,0.022278430363463997,-0.0334031879901886,-0.20838618278503418,0.018110223537611603,-0.0564863383769989,-0.12274199724197388,0.015683634629773735,-0.05224505066871643,-0.18635892868041992,0.012559224343227982,-0.04110562801361084,-0.2192278504371643,0.009190480647909283,-0.03455588221549988,-0.2410808801651001,0.00768455858744943,-0.037622690200805664,-0.1437147855758667,-0.0022961839993271838,-0.04464402794837952,-0.21636706590652466,-0.00673724901459849,-0.04158264398574829,-0.25917762517929077,-0.006469150116366507,-0.04337754845619202,-0.29432088136672974,-0.005374406972599388,-0.00966230034828186,-0.16013836860656738,-0.01967835384018457,-0.019075840711593628,-0.2192627191543579,-0.020687765950036408,-0.02267572283744812,-0.25245243310928345,-0.015556011857164265,-0.02838161587715149,-0.28102368116378784,-0.011355269277167679,background
0.0,0.0,0.0,-0.039121001958847046,-0.04501497745513916,0.019099744104750016,-0.051913827657699585,-0.09454339742660522,0.023133708232052186,-0.04199904203414917,-0.13803160190582275,0.019666859948046067,-0.025844812393188477,-0.17018693685531616,0.015302312628335812,-0.06529447436332703,-0.10696971416473389,0.028403885730512002,-0.05335378646850586,-0.17704921960830688,0.02185687243283496,-0.04636573791503906,-0.2283133864402771,0.015249831669933656,-0.03854009509086609,-0.26386821269989014,0.01116992260605798,-0.05536821484565735,-0.12906408309936523,0.010425987721390584,-0.05652764439582825,-0.20858126878738403,0.00541218237296448,-0.05182597041130066,-0.26143336296081543,0.0016606405358459142,-0.04716140031814575,-0.30112308263778687,0.0005339456936042097,-0.03482338786125183,-0.14699655771255493,-0.00851518653988137,-0.04520699381828308,-0.22594547271728516,-0.014196146211617133,-0.042865604162216187,-0.27259361743927,-0.013849618776731631,-0.043755680322647095,-0.31037676334381104,-0.011791018701188705,-0.004635900259017944,-0.15953600406646729,-0.026993304423086784,-0.016939610242843628,-0.22189372777938843,-0.029660751975171706,-0.021985650062561035,-0.2559959292411804,-0.02536740333496823,-0.027525663375854492,-0.2855733633041382,-0.020790288156860015,background
0.0,0.0,0.0,-0.03963014483451843,-0.050801753997802734,0.021055634990290173,-0.054091840982437134,-0.10139268636703491,0.024617057219103344,-0.0441058874130249,-0.1473347544670105,0.021064832732037075,-0.026681452989578247,-0.17957442998886108,0.016671249568418034,-0.07030779123306274,-0.116100013256073,0.023195709958628186,-0.053143441677093506,-0.18759244680404663,0.01737222254271842,-0.03807640075683594,-0.22969043254852295,0.012476115412965783,-0.024919897317886353,-0.2566046118736267,0.009811081848994263,-0.05736425518989563,-0.13957536220550537,0.004721726681992777,-0.058410316705703735,-0.22600197792053223,0.00019119067113138044,-0.05339735746383667,-0.28093743324279785,-0.002987489178821079,-0.047941774129867554,-0.3206234574317932,-0.0038992681820388952,-0.03381052613258362,-0.1541738510131836,-0.013822978436991207,-0.04298961162567139,-0.24166476726531982,-0.01940299019221925,-0.0404992401599884,-0.2911522388458252,-0.019933553487106792,-0.04089087247848511,-0.329431414604187,-0.018721368238374225,0.000560462474822998,-0.1609276533126831,-0.031158922314688198,-0.009641826152801514,-0.23279577493667603,-0.0344417300820794,-0.014795571565628052,-0.2696205973625183,-0.030614335164472095,-0.02140137553215027,-0.30123385787010193,-0.026257783249064914,background
0.0,0.0,0.0,-0.035418301820755005,-0.05930596590042114,0.02799954030678009,-0.05143022537231445,-0.11241358518600464,0.03332825701698994,-0.041259586811065674,-0.16358256340026855,0.03161105465159153,-0.022471368312835693,-0.1944710612297058,0.02784518476590847,-0.06688672304153442,-0.1322759985923767,0.016085471473786583,-0.04625052213668823,-0.21555358171463013,0.013859678507003537,-0.028932809829711914,-0.25734102725982666,0.01410560168341135,-0.012425810098648071,-0.28421175479888916,0.01406263791039919,-0.048434555530548096,-0.15077674388885498,-0.0041920123806562515,-0.0493721067905426,-0.2511230707168579,-0.008530402108874569,-0.04313969612121582,-0.3069342374801636,-0.008566262684610138,-0.036755919456481934,-0.34663528203964233,-0.00719477005287672,-0.02007243037223816,-0.15724915266036987,-0.022234300635602722,-0.029976844787597656,-0.2595219016075134,-0.027456764615919838,-0.026414185762405396,-0.31030458211898804,-0.024982940889742622,-0.026257485151290894,-0.34864211082458496,-0.02196376260354782,0.017037421464920044,-0.1528022289276123,-0.037761178351786384,0.00962790846824646,-0.2345278263092041,-0.04137247849240566,0.005348771810531616,-0.2751561403274536,-0.03639186222090984,-0.0005734860897064209,-0.311481237411499,-0.0311222323401239,background
0.0,0.0,0.0,-0.03452691435813904,-0.06889814138412476,0.02797436789305152,-0.045229822397232056,-0.1279280185699463,0.03448800631494464,-0.02984076738357544,-0.18090468645095825,0.034161313256930725,-0.009579688310623169,-0.20973002910614014,0.03198180981607379,-0.06224355101585388,-0.15074419975280762,0.01888168305785598,-0.03903543949127197,-0.2322595715522766,0.01816759333641471,-0.019770145416259766,-0.27170395851135254,0.018473124882888214,-0.0009822547435760498,-0.29646575450897217,0.01790768728287162,-0.03788289427757263,-0.1675853729248047,-0.0007413059992416038,-0.03831428289413452,-0.2662177085876465,-0.0026330744784957005,-0.03315040469169617,-0.31871873140335083,-0.0035063207086807324,-0.028196722269058228,-0.35768744349479675,-0.0038573434048032595,-0.006235301494598389,-0.1703265905380249,-0.018103962012816055,-0.012673616409301758,-0.27266162633895874,-0.021935039379883392,-0.009150087833404541,-0.321897029876709,-0.020735140138555153,-0.00979265570640564,-0.35931333899497986,-0.01939622051386891,0.031932324171066284,-0.16081297397613525,-0.032921769836235626,0.027794450521469116,-0.244484543800354,-0.03674265480904637,0.0249631404876709,-0.28568464517593384,-0.03288819752006589,0.019654273986816406,-0.32390788197517395,-0.028656087064433677,background
0.0,0.0,0.0,-0.03672516345977783,-0.06916922330856323,0.02166763359943502,-0.04757717251777649,-0.13084882497787476,0.02387703994551771,-0.029476046562194824,-0.180894136428833,0.020816205463205506,-0.004487812519073486,-0.2062290906906128,0.015684670231138398,-0.058457791805267334,-0.16375219821929932,0.0035323527854131953,-0.03965786099433899,-0.2575528025627136,-0.0016439432065737947,-0.027849584817886353,-0.3097769320011139,-0.0039672903504026635,-0.018161892890930176,-0.34751462936401367,-0.00587587624525554,-0.02953699231147766,-0.17177605628967285,-0.013976279252375434,-0.021679013967514038,-0.2773110270500183,-0.01881201525887377,-0.012692689895629883,-0.3321554660797119,-0.021513806262220214,-0.006482154130935669,-0.37364906072616577,-0.02292294947167761,0.004115104675292969,-0.16741669178009033,-0.028818314501251052,0.005793333053588867,-0.269092857837677,-0.03442269710561163,0.01301315426826477,-0.3184543550014496,-0.03486991075536139,0.01590043306350708,-0.3568950593471527,-0.03449451325198538,0.0419045090675354,-0.15030276775360107,-0.041410831340755294,0.0453619658946991,-0.23493140935897827,-0.046367952206338714,0.046510934829711914,-0.2792593836784363,-0.04370027182361014,0.04446575045585632,-0.3192787766456604,-0.04024248344560988,background
0.0,0.0,0.0,-0.034712761640548706,-0.06945103406906128,0.018653821958025674,-0.04272982478141785,-0.1393001675605774,0.01835768559368489,-0.020053565502166748,-0.19062793254852295,0.013227870514413098,0.0074634552001953125,-0.21330654621124268,0.006401574531366805,-0.050852805376052856,-0.18219763040542603,-0.010472319262305518,-0.03185749053955078,-0.28191542625427246,-0.018909280361810943,-0.016420632600784302,-0.3365161120891571,-0.022790796296874305,-0.0050827860832214355,-0.37767577171325684,-0.025073141964355727,-0.019496560096740723,-0.18181121349334717,-0.027857023464719077,-0.002253323793411255,-0.28829431533813477,-0.038080272438207885,0.014838814735412598,-0.34407275915145874,-0.04444778076020839,0.026892006397247314,-0.38527852296829224,-0.04815590492097499,0.016493916511535645,-0.16892009973526,-0.041009885432401916,0.033272385597229004,-0.24482500553131104,-0.04973793140260341,0.04368630051612854,-0.2441440224647522,-0.04363833850828769,0.04586029052734375,-0.23842483758926392,-0.03653282037583949,0.05480507016181946,-0.14436978101730347,-0.052543112250248214,0.06604081392288208,-0.23028254508972168,-0.05726322642175319,0.06989604234695435,-0.27883821725845337,-0.048745778562704345,0.06840848922729492,-0.3190268874168396,-0.040282306434789916,background
0.0,0.0,0.0,-0.03018563985824585,-0.07824093103408813,0.015712803325357072,-0.03167352080345154,-0.151250958442688,0.012987324132325284,-0.008427828550338745,-0.20270758867263794,0.006817324648352496,0.01715227961540222,-0.22892355918884277,-0.0012378340096006468,-0.038429826498031616,-0.18878376483917236,-0.017201736473737128,-0.013360410928726196,-0.2900489568710327,-0.03177560111254252,0.008383184671401978,-0.34287527203559875,-0.03859832873314417,0.02670949697494507,-0.38040488958358765,-0.042398270123896964,-0.005890578031539917,-0.17981797456741333,-0.034557044410405524,0.02331039309501648,-0.29123926162719727,-0.04914472242563761,0.04593759775161743,-0.3521386384963989,-0.05530685549348391,0.06251415610313416,-0.3954507112503052,-0.05863217999905146,0.029881596565246582,-0.16024565696716309,-0.04905624305575884,0.05459177494049072,-0.26644521951675415,-0.06067733457058466,0.07221817970275879,-0.3253968358039856,-0.062392342739997275,0.08363783359527588,-0.3693830668926239,-0.06275615831583536,0.06825560331344604,-0.13028109073638916,-0.06157862385481394,0.08751201629638672,-0.21711045503616333,-0.0688327102896551,0.09511235356330872,-0.2646085023880005,-0.06580284228294886,0.09960797429084778,-0.3043123483657837,-0.06227713441222704,background
0.0,0.0,0.0,-0.024681687355041504,-0.07618546485900879,0.013733373218656197,-0.03041452169418335,-0.14949089288711548,0.013772418917596951,-0.028835207223892212,-0.20438235998153687,0.011143677131713048,-0.03322094678878784,-0.24095529317855835,0.007541451798260823,-0.02054351568222046,-0.20014441013336182,-0.01396379414063631,0.013967543840408325,-0.289817750453949,-0.027808691179870948,0.04176098108291626,-0.3376445174217224,-0.034976553908109054,0.06357094645500183,-0.3701101541519165,-0.03778658135843216,0.011140555143356323,-0.18456876277923584,-0.027686866736530646,0.05249485373497009,-0.2817785143852234,-0.03910230546307503,0.08207866549491882,-0.3299068808555603,-0.04323147683453499,0.10279369354248047,-0.36106640100479126,-0.04517020731282173,0.04668697714805603,-0.15930676460266113,-0.03881982042503296,0.08462738990783691,-0.2371588945388794,-0.04704825653743683,0.10760968923568726,-0.26502305269241333,-0.04433979167652069,0.12080490589141846,-0.28107112646102905,-0.040793445697545394,0.08082643151283264,-0.12584441900253296,-0.04850776939701973,0.1083378791809082,-0.20666223764419556,-0.05213844477248131,0.11961674690246582,-0.25220638513565063,-0.04616432710599838,0.12624025344848633,-0.28835785388946533,-0.04002962335061966,background
0.0,0.0,0.0,-0.023193031549453735,-0.0787706971168518,0.0175491459876298,-0.03125309944152832,-0.15458720922470093,0.0214328728824853,-0.030819296836853027,-0.2073177695274353,0.0229168459981679,-0.04151427745819092,-0.23875707387924194,0.02351032013297072,0.005078017711639404,-0.2036617398262024,-0.006038382628560157,0.05580294132232666,-0.28543680906295776,-0.011352688053250404,0.08585226535797119,-0.326565146446228,-0.012748415561020465,0.10811519622802734,-0.35264891386032104,-0.011143439428508373,0.03980013728141785,-0.18215245008468628,-0.015467721948027702,0.09250831604003906,-0.2707785964012146,-0.015151537933945747,0.1214144229888916,-0.3133460283279419,-0.011617817895114513,0.1401854157447815,-0.33897244930267334,-0.008734451586008163,0.07410719990730286,-0.15126848220825195,-0.02133915943801412,0.10897228121757507,-0.2168331742286682,-0.01700210941731939,0.11130574345588684,-0.2207716703414917,-0.0048878472089768366,0.10519784688949585,-0.2149949073791504,0.004616678247600703,0.10400339961051941,-0.11587977409362793,-0.025525622048974128,0.13127368688583374,-0.18937087059020996,-0.020860599333047958,0.14236462116241455,-0.22654634714126587,-0.008230317363143058,0.14729875326156616,-0.2533619999885559,0.003397546496614723,background
0.0,0.0,0.0,-0.029566824436187744,-0.07364612817764282,0.013052351706932086,-0.03759258985519409,-0.14431971311569214,0.015413790875385303,-0.035035401582717896,-0.20047420263290405,0.015520940468917388,-0.04787471890449524,-0.23469823598861694,0.015113292196105022,0.022386521100997925,-0.20753693580627441,0.000710250860350925,0.07363021373748779,-0.28041231632232666,-0.000530755387813997,0.10190799832344055,-0.31649109721183777,0.0001107177518804292,0.12264341115951538,-0.3404061496257782,0.003144582667658824,0.058690041303634644,-0.18453001976013184,-0.004266786920567256,0.10793685913085938,-0.26124513149261475,0.0013437406665559593,0.1362919807434082,-0.2996063828468323,0.006754770809124011,0.15560585260391235,-0.32209840416908264,0.01119488657386114,0.089358389377594,-0.14845812320709229,-0.0066857794958252725,0.11308908462524414,-0.1881313920021057,0.0033940483623098316,0.10864877700805664,-0.1813296675682068,0.014377083563516635,0.09787195920944214,-0.16989082098007202,0.02291917328656723,0.11132335662841797,-0.10873693227767944,-0.008090037918378812,0.1274433732032776,-0.15095025300979614,0.004810505946437615,0.1279228925704956,-0.1658097505569458,0.01978407141686489,0.12381178140640259,-0.17341649532318115,0.03230354835213234,background
0.0,0.0,0.0,-0.03017762303352356,-0.0799667239189148,0.009902119540981857,-0.03944048285484314,-0.15585750341415405,0.011002080419473259,-0.043677330017089844,-0.2141474485397339,0.009896439404599278,-0.05972236394882202,-0.24776822328567505,0.008569152930192558,0.04267364740371704,-0.20294004678726196,0.005788982284627764,0.08999937772750854,-0.2656548023223877,0.009346582831256,0.11555430293083191,-0.29838913679122925,0.012730947600118725,0.13352736830711365,-0.3208354115486145,0.017305008971504776,0.07541143894195557,-0.17749637365341187,0.0034217451674862787,0.12512829899787903,-0.24313616752624512,0.01636677970867595,0.15143480896949768,-0.27787405252456665,0.025437071823887436,0.16865971684455872,-0.3002334237098694,0.03162833107393226,0.10025390982627869,-0.13914000988006592,0.002780933070368974,0.11940553784370422,-0.17120957374572754,0.019477639251761047,0.10825023055076599,-0.16294878721237183,0.030684526914171784,0.09139475226402283,-0.15050554275512695,0.03809897778313598,0.11541840434074402,-0.0981597900390625,0.0024984494293107673,0.12719956040382385,-0.12814569473266602,0.019956119262985794,0.12314388155937195,-0.13410985469818115,0.034975102075748055,0.11376172304153442,-0.1323208212852478,0.04667179835718116,background
0.0,0.0,0.0,-0.03106066584587097,-0.0841531753540039,0.007994467245680426,-0.03913584351539612,-0.16589969396591187,0.009791318180305097,-0.04688724875450134,-0.22482818365097046,0.01206851642791662,-0.06157228350639343,-0.2622251510620117,0.014620626198393438,0.06295379996299744,-0.199249267578125,0.010333841519695852,0.11458399891853333,-0.2543630599975586,0.022613652834934328,0.14332953095436096,-0.2802364230155945,0.03235541921321783,0.1632031500339508,-0.2987402677536011,0.04093829434577856,0.0953306257724762,-0.16517317295074463,0.01440122429494295,0.14809122681617737,-0.22371476888656616,0.03203997653190527,0.17313095927238464,-0.25231802463531494,0.04752948772375021,0.190273255109787,-0.27530181407928467,0.05963856991593275,0.11450061202049255,-0.12452232837677002,0.02014123726848993,0.15426531434059143,-0.17693161964416504,0.040141238684100244,0.1791495382785797,-0.20983874797821045,0.05461802970830831,0.19145050644874573,-0.2350490689277649,0.06446952637497816,0.11922577023506165,-0.08852577209472656,0.026610758940023516,0.14762958884239197,-0.12899959087371826,0.04849277701441679,0.16304436326026917,-0.15337508916854858,0.0657785412317935,0.1696855127811432,-0.1687924861907959,0.07900417860810194,background
0.0,0.0,0.0,-0.026804417371749878,-0.0931587815284729,-0.0029028100057644224,-0.03227218985557556,-0.17596900463104248,-0.0008170415044901347,-0.04486408829689026,-0.23190075159072876,0.004075670605232062,-0.06073963642120361,-0.2744687795639038,0.010566472066273036,0.07943388819694519,-0.19285523891448975,0.0211639683597582,0.12815231084823608,-0.23620569705963135,0.04628763160638982,0.15272563695907593,-0.2521887421607971,0.06384770384960348,0.16894173622131348,-0.26557397842407227,0.07747522554330999,0.10454428195953369,-0.1504386067390442,0.037368306880523505,0.15165895223617554,-0.19957643747329712,0.06908946297102148,0.1689801812171936,-0.22528302669525146,0.09282067230873281,0.17756026983261108,-0.24295872449874878,0.1109646018498438,0.1139301061630249,-0.10773545503616333,0.05397536045842344,0.14669394493103027,-0.1531655192375183,0.08793586305313283,0.16165828704833984,-0.1810462474822998,0.11136392316751653,0.16435158252716064,-0.20246165990829468,0.1278127115123766,0.109036386013031,-0.07320398092269897,0.06959931365184957,0.13081634044647217,-0.11487448215484619,0.102458437895109,0.14065176248550415,-0.14297562837600708,0.12575894406967336,0.14210635423660278,-0.1606805920600891,0.14385899714164907,background
0.0,0.0,0.0,-0.020622700452804565,-0.0872114896774292,0.005890066575830133,-0.02050083875656128,-0.16709446907043457,0.009677538488631399,-0.02984634041786194,-0.22274726629257202,0.013419145558600576,-0.04936710000038147,-0.26355963945388794,0.017401374716882856,0.0868280827999115,-0.19024938344955444,0.023218044851546438,0.1361936628818512,-0.2246335744857788,0.049868492249970586,0.15923365950584412,-0.23560243844985962,0.06825878641438976,0.17131653428077698,-0.24613451957702637,0.08177877387834087,0.11224907636642456,-0.14734894037246704,0.03291011026931301,0.1614571511745453,-0.17991691827774048,0.07100991329980388,0.17105522751808167,-0.19992351531982422,0.09714410624337688,0.16636493802070618,-0.21385568380355835,0.11487159303260341,0.12147888541221619,-0.09909707307815552,0.04365825450850025,0.14743885397911072,-0.13291817903518677,0.08347045055461422,0.14604946970939636,-0.1519184708595276,0.1038516180856277,0.1316942274570465,-0.16508740186691284,0.1151368560535957,0.11741051077842712,-0.062096357345581055,0.05398123509121433,0.12496235966682434,-0.092593252658844,0.08927236667705074,0.12018606066703796,-0.11135470867156982,0.10901380500627056,0.10718017816543579,-0.11881226301193237,0.12270488015246883,background
0.0,0.0,0.0,-0.0124015212059021,-0.088889479637146,0.011173940129459936,-0.006705582141876221,-0.1586627960205078,0.007492331653715212,-0.012058824300765991,-0.21333450078964233,0.0020580213571648187,-0.032503098249435425,-0.25159943103790283,-0.0032625348718156033,0.08206149935722351,-0.19498497247695923,-0.007416600030033749,0.15366297960281372,-0.2146214246749878,-0.003354418225704592,0.16700977087020874,-0.2077474594116211,0.003799164999158222,0.16027575731277466,-0.20262455940246582,0.010884286701561052,0.10999268293380737,-0.14777594804763794,-0.011890183337150972,0.17502224445343018,-0.16440188884735107,0.001457808055796761,0.17033612728118896,-0.15592491626739502,0.012900838494182665,0.1513233780860901,-0.14981752634048462,0.020029738411189157,0.12224847078323364,-0.09456467628479004,-0.01316278627526657,0.14651811122894287,-0.10842478275299072,0.007337296247364122,0.13137531280517578,-0.10163795948028564,0.017160313069702227,0.10838115215301514,-0.09893989562988281,0.01950645619618996,0.12491720914840698,-0.049166738986968994,-0.013541635260104101,0.12237131595611572,-0.06104248762130737,0.00821522703009947,0.10740184783935547,-0.057556748390197754,0.021796714380265314,0.08872109651565552,-0.05548280477523804,0.02959747971582516,background
0.0,0.0,0.0,-0.00589829683303833,-0.0883672833442688,0.018658547687600446,0.002270519733428955,-0.15626239776611328,0.016695597234438253,-0.0038790106773376465,-0.20857906341552734,0.011012885744939638,-0.026761144399642944,-0.24447959661483765,0.004846273015509439,0.08035004138946533,-0.20436745882034302,-0.004934719272633004,0.1553666591644287,-0.216280996799469,-0.000562486679037022,0.1698833703994751,-0.19248825311660767,0.006597410912881685,0.16367536783218384,-0.1769009232521057,0.012603301580320192,0.10824429988861084,-0.16466820240020752,-0.015351987418462443,0.17331743240356445,-0.16955280303955078,5.309111286777579e-05,0.1689411997795105,-0.14291280508041382,0.012205579343508077,0.1496838927268982,-0.12848985195159912,0.017906830671499563,0.12396642565727234,-0.11404472589492798,-0.022027344417502093,0.15546780824661255,-0.11438286304473877,0.0006137514973758584,0.1395297646522522,-0.09247136116027832,0.01154038778252442,0.11337178945541382,-0.0838935375213623,0.012285314525733781,0.13180935382843018,-0.0650101900100708,-0.027782033172179865,0.13215714693069458,-0.06554758548736572,-0.006853576258500027,0.11649882793426514,-0.0534442663192749,0.005730434346268964,0.09471872448921204,-0.04973042011260986,0.011798579271207643,background
0.0,0.0,0.0,-0.005540430545806885,-0.08568954467773438,0.024226478748971658,0.0021470189094543457,-0.1521763801574707,0.025171363242918687,-0.0023947060108184814,-0.20221370458602905,0.021853453927690225,-0.02373814582824707,-0.23345094919204712,0.018469975777918535,0.07366007566452026,-0.21547412872314453,-0.0012469774987380333,0.1417199969291687,-0.2194393277168274,0.007461677287722068,0.154052734375,-0.1884387731552124,0.01798957351689978,0.14964783191680908,-0.17133420705795288,0.02431102793758555,0.10326716303825378,-0.18194866180419922,-0.015225520840829176,0.16611486673355103,-0.17864221334457397,0.0033063122360204034,0.16355764865875244,-0.14652782678604126,0.01776519741957827,0.14655685424804688,-0.1310303807258606,0.02366664771085425,0.12248954176902771,-0.13272690773010254,-0.025004685408418936,0.16105115413665771,-0.13329601287841797,-0.0028488913262094684,0.15187758207321167,-0.10726416110992432,0.009165038802677827,0.12933242321014404,-0.09555506706237793,0.009780791104788022,0.13477641344070435,-0.07936370372772217,-0.03330981034690694,0.14017009735107422,-0.07638418674468994,-0.015587600431388182,0.1261671781539917,-0.06184494495391846,-0.004430763906782431,0.10481768846511841,-0.057814598083496094,0.0003957859703973554,background
0.0,0.0,0.0,-0.008171826601028442,-0.09104180335998535,0.020363293987117004,-0.002240806818008423,-0.16061031818389893,0.01866105611284752,-0.007300645112991333,-0.21183407306671143,0.012265066083870124,-0.026910632848739624,-0.24577689170837402,0.006605110064498376,0.07591471076011658,-0.2190292477607727,0.0052152214836098665,0.13113883137702942,-0.2220333218574524,0.014104408610961627,0.1358964741230011,-0.19093984365463257,0.02292898337205429,0.12352892756462097,-0.1740778088569641,0.02781666296382923,0.10821980237960815,-0.1836411952972412,-0.009369075830676366,0.15163424611091614,-0.17291539907455444,0.00923597759415884,0.14254572987556458,-0.14224356412887573,0.019265354078612518,0.12073972821235657,-0.12743014097213745,0.021128148239455413,0.12973716855049133,-0.13349014520645142,-0.02073145245353203,0.15206679701805115,-0.12104827165603638,0.000822068183566671,0.1376553475856781,-0.09694355726242065,0.010253934588632774,0.11317029595375061,-0.0868106484413147,0.00850229470839281,0.14388200640678406,-0.08067953586578369,-0.031225170541205216,0.14949235320091248,-0.06807011365890503,-0.013705814789631177,0.13438358902931213,-0.05230432748794556,-0.002414660362177301,0.11217668652534485,-0.047007977962493896,0.002297039542696666,background
0.0,0.0,0.0,-0.016703665256500244,-0.09171539545059204,0.008984124049419506,-0.009089410305023193,-0.17172974348068237,0.005254973418885811,-0.004309356212615967,-0.23549163341522217,-0.0011866325569656055,-0.011830747127532959,-0.27495908737182617,-0.005525043938433782,0.07348582148551941,-0.22156190872192383,-0.0009406808588039439,0.11161443591117859,-0.24385708570480347,2.9828384612073933e-05,0.10454151034355164,-0.21316146850585938,0.0026850679366532404,0.08589944243431091,-0.1913558840751648,0.004832927364731177,0.10851404070854187,-0.18117976188659668,-0.010248614713674442,0.13168224692344666,-0.18673282861709595,0.0015025978152323205,0.11605760455131531,-0.15923327207565308,0.008501338533932312,0.09435710310935974,-0.14000320434570312,0.00993704865115319,0.12954869866371155,-0.12941449880599976,-0.018060787819450752,0.13215371966362,-0.12583917379379272,-0.003470365895083205,0.11601957678794861,-0.10583192110061646,0.0045265878959241945,0.0967918336391449,-0.09125697612762451,0.004064951319122656,0.14224079251289368,-0.07751458883285522,-0.025938672252124206,0.13686081767082214,-0.0709383487701416,-0.01237089955819215,0.11944183707237244,-0.056723952293395996,-0.0017096343274545234,0.10210928320884705,-0.0475006103515625,0.003808554023379429,background
0.0,0.0,0.0,-0.01896190643310547,-0.09120148420333862,0.009481348633926245,-0.005917340517044067,-0.18283611536026,0.010650497466485831,0.010098069906234741,-0.25542086362838745,0.009306231118898722,0.01562601327896118,-0.2995968461036682,0.010735686473708483,0.08887624740600586,-0.21535414457321167,0.009377147607665393,0.12380838394165039,-0.24621433019638062,0.015673385538320872,0.10812020301818848,-0.2201663851737976,0.020662901528339717,0.08740472793579102,-0.19722270965576172,0.024060967914920184,0.12008202075958252,-0.17799246311187744,0.003404960572879645,0.13983780145645142,-0.1877538561820984,0.02078804148004565,0.12106448411941528,-0.1651328206062317,0.02808977996573958,0.10218268632888794,-0.14581149816513062,0.028914851673107478,0.13888037204742432,-0.12783175706863403,-0.0012261970423423918,0.14414268732070923,-0.1293424367904663,0.016002749629478785,0.12869930267333984,-0.11395931243896484,0.022676556907754275,0.11044460535049438,-0.09833532571792603,0.02135208395884547,0.15048068761825562,-0.07655274868011475,-0.005532513767320779,0.15108299255371094,-0.07826083898544312,0.010864894442420336,0.13353198766708374,-0.06648069620132446,0.021860228456716868,0.11617082357406616,-0.055979251861572266,0.02754431923494849,background
0.0,0.0,0.0,-0.021282285451889038,-0.09762454032897949,0.01329109357909175,-0.0004361271858215332,-0.20177340507507324,0.026421818940498554,0.04589360952377319,-0.2593469023704529,0.03772627195582601,0.08121353387832642,-0.28048115968704224,0.05200097715721341,0.09214550256729126,-0.20487749576568604,0.036325421242572986,0.13919734954833984,-0.25686556100845337,0.0567663536058447,0.15986120700836182,-0.27258628606796265,0.0717378743575594,0.16948556900024414,-0.28117895126342773,0.08268857380614492,0.12478679418563843,-0.1644114851951599,0.03553200518951627,0.17174136638641357,-0.20846772193908691,0.0633218251751444,0.1924041509628296,-0.22379547357559204,0.08283558121190282,0.2015743851661682,-0.23087555170059204,0.09710681816802236,0.14386677742004395,-0.11621856689453125,0.0342407450662634,0.17352676391601562,-0.15394079685211182,0.060387980251171314,0.18631774187088013,-0.17031872272491455,0.07869767775998326,0.19228136539459229,-0.18079835176467896,0.08967636158929082,0.1538826823234558,-0.065482497215271,0.03261261066661092,0.17603111267089844,-0.10102033615112305,0.05844039103255483,0.17973482608795166,-0.11350327730178833,0.07806406548485967,0.17861294746398926,-0.11880266666412354,0.09233731409774038,background
0.0,0.0,0.0,-0.009380161762237549,-0.10690772533416748,0.01762451504154683,0.02096325159072876,-0.18274718523025513,0.028543661281304367,0.07568985223770142,-0.22709506750106812,0.03947810728831769,0.11139130592346191,-0.24444323778152466,0.052789757892327316,0.10243946313858032,-0.18400001525878906,0.01487775978429795,0.1634700894355774,-0.23322349786758423,0.031808051213459976,0.18990516662597656,-0.249647319316864,0.05041560430808545,0.203962504863739,-0.25812190771102905,0.06402514030023099,0.13529318571090698,-0.13233572244644165,0.01115426600708247,0.20158421993255615,-0.1868484616279602,0.025552111610608108,0.23182255029678345,-0.2074657678604126,0.040478533997969635,0.2484380602836609,-0.2182140350341797,0.052212181433873184,0.15155869722366333,-0.07931548357009888,0.010174066692428596,0.21159905195236206,-0.12871581315994263,0.022563473254280098,0.2392483353614807,-0.1496737003326416,0.036409477636055954,0.2549496293067932,-0.1610393524169922,0.04614679042978764,0.15668195486068726,-0.021037399768829346,0.01115902599676133,0.20886576175689697,-0.05961650609970093,0.025456520661549575,0.23030060529708862,-0.07937502861022949,0.04114838589711667,0.24186712503433228,-0.09408807754516602,0.05370276321454526,background
0.0,0.0,0.0,0.004080057144165039,-0.10462033748626709,0.012924077877812579,0.038419365882873535,-0.16855072975158691,0.016366386743300154,0.08627790212631226,-0.1848773956298828,0.01729570697438021,0.11911094188690186,-0.17845821380615234,0.017415048511736586,0.1062537431716919,-0.17984741926193237,0.0035475273188581014,0.1682836413383484,-0.22844457626342773,0.0024551974647124553,0.20180177688598633,-0.24520891904830933,0.002958630867340162,0.22744542360305786,-0.2520756125450134,0.003621040800624087,0.13652408123016357,-0.13433808088302612,-0.006984870923645303,0.2092464566230774,-0.19020450115203857,-0.006916646422780559,0.25080549716949463,-0.21471673250198364,-0.006780312439389036,0.28042393922805786,-0.22566699981689453,-0.006063776599205539,0.15288829803466797,-0.07960361242294312,-0.016179455487019823,0.223504900932312,-0.12786865234375,-0.018088083757049844,0.26632028818130493,-0.15217220783233643,-0.02071563158739309,0.29775989055633545,-0.1662898063659668,-0.022325569806582735,0.15666061639785767,-0.019455373287200928,-0.02377630215693216,0.21813863515853882,-0.04303628206253052,-0.02376719941008787,0.25252246856689453,-0.05565309524536133,-0.020160740284211442,0.27956223487854004,-0.0648043155670166,-0.016449777452237413,background
0.0,0.0,0.0,0.021298587322235107,-0.10057675838470459,0.021180043173956165,0.06352019309997559,-0.1523725986480713,0.02500317635946203,0.10968625545501709,-0.1611890196800232,0.023672936661171207,0.14607614278793335,-0.14780378341674805,0.02085227909498144,0.10159701108932495,-0.170845627784729,0.007629326255994329,0.16536563634872437,-0.22118330001831055,0.0008960390137531249,0.20262610912322998,-0.243552565574646,-0.0018731670547253998,0.23096299171447754,-0.2540106177330017,-0.0028688684664643915,0.13124406337738037,-0.13611358404159546,-0.009166158558798543,0.20608294010162354,-0.2005024552345276,-0.014852800229562035,0.2534552812576294,-0.23368513584136963,-0.01856105011887621,0.28878384828567505,-0.25217169523239136,-0.020221533076835385,0.15151113271713257,-0.08633977174758911,-0.024217877360058537,0.2260345220565796,-0.14322930574417114,-0.030843509184194318,0.2719423770904541,-0.17269831895828247,-0.03677733783609938,0.3065415620803833,-0.1926063895225525,-0.04060071875341009,0.16290318965911865,-0.023989319801330566,-0.036887669758868924,0.22594964504241943,-0.04682689905166626,-0.04135216196067404,0.26302748918533325,-0.06207633018493652,-0.04116195236332487,0.29430413246154785,-0.07745784521102905,-0.0399903485644586,background
0.0,0.0,0.0,0.02270960807800293,-0.09082609415054321,0.033274250443710685,0.057710886001586914,-0.13712555170059204,0.043407148088945746,0.09899252653121948,-0.15578371286392212,0.046245625581278205,0.13262325525283813,-0.15579885244369507,0.04740744304253042,0.09210425615310669,-0.1675342321395874,0.01849757913841188,0.1676100492477417,-0.2240278124809265,0.013782825659646392,0.21414554119110107,-0.2503511309623718,0.014188900928630233,0.24758321046829224,-0.264290452003479,0.016052596609725356,0.1206367015838623,-0.13913840055465698,-0.0021840547084224227,0.19522464275360107,-0.2140982747077942,-0.007722500372992158,0.23969483375549316,-0.24651318788528442,-0.007580370303557515,0.2727329134941101,-0.2667604088783264,-0.005467755846993327,0.1431666612625122,-0.09440833330154419,-0.02043539438055575,0.21495449542999268,-0.1647372841835022,-0.025999588553176523,0.2582516074180603,-0.19865190982818604,-0.025783976201282144,0.2915862798690796,-0.22410964965820312,-0.024477719921932817,0.16022217273712158,-0.032396912574768066,-0.03546410951422274,0.22420495748519897,-0.07161390781402588,-0.03778382915662348,0.2595589756965637,-0.09254968166351318,-0.03389284167097628,0.28922492265701294,-0.1143573522567749,-0.02950976941393435,background
0.0,0.0,0.0,0.028607726097106934,-0.0852501392364502,0.03188330222832292,0.06042271852493286,-0.134765625,0.0413820660577926,0.09066885709762573,-0.15396368503570557,0.041544663803449566,0.10683166980743408,-0.16985613107681274,0.0393015435801658,0.08351123332977295,-0.17124557495117188,0.025955203072896893,0.15286630392074585,-0.2185511589050293,0.018957003103366787,0.20091301202774048,-0.24587804079055786,0.014379042284360821,0.2368680238723755,-0.26116639375686646,0.012580960141292508,0.10568243265151978,-0.15863627195358276,0.0027922527769419503,0.1762828826904297,-0.22693097591400146,-0.004929628605225389,0.2208397388458252,-0.2611963152885437,-0.010337838819452827,0.25394386053085327,-0.2825852036476135,-0.011635308070310657,0.12850356101989746,-0.1251206398010254,-0.019009186802634304,0.19567495584487915,-0.19250112771987915,-0.02618840421570212,0.23489141464233398,-0.22957444190979004,-0.030687703667410915,0.26476168632507324,-0.2607263922691345,-0.031681314958461826,0.1515434980392456,-0.07116711139678955,-0.03823553483022124,0.2153693437576294,-0.11694544553756714,-0.04223237271440894,0.24925541877746582,-0.14128053188323975,-0.04073264907134444,0.2778022289276123,-0.16559839248657227,-0.03766470859778792,background
0.0,0.0,0.0,0.03378760814666748,-0.07751506567001343,0.028618523112129424,0.07150053977966309,-0.11809474229812622,0.034192600479912016,0.1091507077217102,-0.11949527263641357,0.03035708629209921,0.14102256298065186,-0.11258864402770996,0.024992118781995032,0.08312225341796875,-0.17449301481246948,0.025933600223254416,0.14888864755630493,-0.23054707050323486,0.017224705970477316,0.1921919584274292,-0.26619774103164673,0.010476924671422694,0.2262359857559204,-0.28888463973999023,0.006439869018834088,0.09924834966659546,-0.16561442613601685,0.001917876029949639,0.16601628065109253,-0.2352871298789978,-0.0083438398254998,0.20808833837509155,-0.27247154712677,-0.01690231151263788,0.2407209873199463,-0.2975587844848633,-0.020678004988837984,0.11889570951461792,-0.13815325498580933,-0.021151381352353837,0.18347030878067017,-0.2125146985054016,-0.03081861771028116,0.2207714319229126,-0.2533169388771057,-0.03556926436107233,0.24918293952941895,-0.2868465185165405,-0.03644715137164667,0.1429290771484375,-0.09273236989974976,-0.04210713393371179,0.19961333274841309,-0.1495714783668518,-0.047197702148366716,0.22968637943267822,-0.18094539642333984,-0.04459616429488733,0.2549167275428772,-0.20931214094161987,-0.040744735666919496,background
0.0,0.0,0.0,0.05413806438446045,-0.027105271816253662,0.033072829008062854,0.10109961032867432,-0.06766647100448608,0.04375594830509044,0.13962936401367188,-0.08201944828033447,0.04359361132975437,0.17501604557037354,-0.08874809741973877,0.04346473491187908,0.09478497505187988,-0.18388080596923828,0.04650415828820087,0.1504179835319519,-0.24012398719787598,0.04633488854761936,0.18787908554077148,-0.27364134788513184,0.04161137318607189,0.22017407417297363,-0.30076998472213745,0.03605598559971668,0.09871333837509155,-0.18873542547225952,0.018741672620137706,0.15686219930648804,-0.2610311508178711,0.015777937829454913,0.19972801208496094,-0.3029300570487976,0.00855567096169807,0.23366707563400269,-0.33361172676086426,0.0025185579377762224,0.10834628343582153,-0.17269152402877808,-0.00915502501283072,0.16789352893829346,-0.24220800399780273,-0.011288399115244374,0.2072153091430664,-0.2813848853111267,-0.01512191189084433,0.23637396097183228,-0.31277960538864136,-0.019421065464655385,0.1283206343650818,-0.13889628648757935,-0.03574866080288075,0.17531979084014893,-0.19013893604278564,-0.037178080767432675,0.20362776517868042,-0.22436463832855225,-0.036892742157021985,0.2274315357208252,-0.25305694341659546,-0.037657499551812634,background
0.0,0.0,0.0,0.08332568407058716,-0.023112773895263672,0.04121536703928541,0.12029385566711426,-0.07950979471206665,0.058165497501931895,0.15275931358337402,-0.11130779981613159,0.06101042719706129,0.19095629453659058,-0.12873929738998413,0.06307597028239798,0.08580929040908813,-0.20303845405578613,0.07545770274623465,0.13620370626449585,-0.25242048501968384,0.0803265677593572,0.17653977870941162,-0.2798599600791931,0.07484051155074667,0.21260547637939453,-0.298763632774353,0.06816763745769094,0.07600510120391846,-0.21422642469406128,0.042531199177346934,0.1326015591621399,-0.2866505980491638,0.04498622136338781,0.17794883251190186,-0.325261652469635,0.03718115704282354,0.21917450428009033,-0.3503236174583435,0.029809565638743152,0.07572448253631592,-0.20690399408340454,0.007913436164699306,0.13590264320373535,-0.28168559074401855,0.008254112099848498,0.18176662921905518,-0.3211873173713684,0.003049979574598183,0.221224844455719,-0.34842729568481445,-0.0028275429442601308,0.09034639596939087,-0.1826990842819214,-0.02539697160796095,0.1439465880393982,-0.2385239601135254,-0.024600821191825162,0.17909234762191772,-0.26771360635757446,-0.02363526133672167,0.21159499883651733,-0.28860539197921753,-0.024875905940689336,background
0.0,0.0,0.0,0.07892006635665894,-0.031017303466796875,0.015489976647927506,0.11808657646179199,-0.10057663917541504,0.018431242350175125,0.148989737033844,-0.14081346988677979,0.01295178642465089,0.1852361559867859,-0.1729927659034729,0.007581176962389691,0.07665926218032837,-0.2177976369857788,0.027952030095889313,0.11602520942687988,-0.29593729972839355,0.013625159654452546,0.15471810102462769,-0.33945226669311523,-0.001176152583525436,0.19160282611846924,-0.36525505781173706,-0.01123881826208617,0.06609022617340088,-0.22138863801956177,0.00452481841637109,0.10922664403915405,-0.3163515329360962,-0.00963890759305741,0.1558271050453186,-0.36449965834617615,-0.02286968586997773,0.19816964864730835,-0.3915730118751526,-0.03149649521367337,0.06356668472290039,-0.20941191911697388,-0.02131365073876168,0.11569344997406006,-0.2984001636505127,-0.03427055126087453,0.16270750761032104,-0.33910661935806274,-0.04161656295912053,0.20264273881912231,-0.36453160643577576,-0.04626541232721593,0.07043659687042236,-0.18345695734024048,-0.047288578208849685,0.11477190256118774,-0.2471604347229004,-0.05449228381769444,0.14973753690719604,-0.2817103862762451,-0.05479486679689671,0.18035906553268433,-0.30713391304016113,-0.05509513264553334,background
0.0,0.0,0.0,0.06618398427963257,-0.04287785291671753,0.003949925736890236,0.10367476940155029,-0.1238817572593689,0.009550803308741251,0.13130676746368408,-0.17700594663619995,0.0095594050040404,0.1584172248840332,-0.21783757209777832,0.008950989661173026,0.0758901834487915,-0.2349032163619995,0.029454009575204054,0.10210186243057251,-0.31335771083831787,0.01879658174271981,0.12673145532608032,-0.3585367202758789,0.005050220494524638,0.1481202244758606,-0.3951294422149658,-0.005528025827004512,0.05877941846847534,-0.2434815764427185,0.014581333813623587,0.08231103420257568,-0.3317999243736267,0.0055247558889846005,0.10526955127716064,-0.38505667448043823,-0.008573789181753,0.12464302778244019,-0.42821136116981506,-0.019524157079501947,0.040456295013427734,-0.2404957413673401,-0.004266042760207256,0.058082640171051025,-0.3284538984298706,-0.01447162407879432,0.07510650157928467,-0.37971827387809753,-0.02421349290256103,0.09092533588409424,-0.42099428176879883,-0.03150814402346214,0.02121514081954956,-0.22470563650131226,-0.024478005277558168,0.028989136219024658,-0.29852527379989624,-0.03512660417203506,0.041918933391571045,-0.3455502986907959,-0.04128810021524032,0.05737847089767456,-0.38643932342529297,-0.04580823707823356,background
0.0,0.0,0.0,0.06383630633354187,-0.054937660694122314,0.001728033660640449,0.09272637963294983,-0.14693844318389893,0.007226286469688148,0.11292877793312073,-0.20959478616714478,0.0067732068847021765,0.13491293787956238,-0.25220465660095215,0.005380346453478069,0.05587884783744812,-0.25347602367401123,0.03588096333174917,0.0722297728061676,-0.3249320387840271,0.02432524507372591,0.09344258904457092,-0.36679530143737793,0.007409100900133581,0.11290034651756287,-0.401810884475708,-0.005506458678553372,0.03582325577735901,-0.26230162382125854,0.020514213493754596,0.05101117491722107,-0.34990671277046204,0.010018508895029754,0.07279667258262634,-0.40242379903793335,-0.0067397490938105875,0.09268215298652649,-0.4476912021636963,-0.018936893889019757,0.01508718729019165,-0.2590460181236267,0.00020908299399025054,0.02402910590171814,-0.35207799077033997,-0.012818338335762292,0.04330715537071228,-0.4055268168449402,-0.024700052091191083,0.0621703565120697,-0.4497303366661072,-0.03213585632414606,-0.007080763578414917,-0.23976391553878784,-0.021698712357590466,-0.009217321872711182,-0.32224732637405396,-0.033599019968221455,-0.002746373414993286,-0.3741725981235504,-0.039477408849904805,0.0073795318603515625,-0.42032724618911743,-0.04327172877759722,background
0.0,0.0,0.0,0.05989047884941101,-0.05925559997558594,-0.007398101386883127,0.08882668614387512,-0.15203958749771118,-0.004238521565952169,0.1061517596244812,-0.21912193298339844,-0.00484314270065056,0.11003327369689941,-0.27092504501342773,-0.005096875016846525,0.032072246074676514,-0.25494319200515747,0.02776835590853466,0.04387998580932617,-0.337338924407959,0.01580316119148506,0.0605292022228241,-0.38712403178215027,3.6301325650356375e-05,0.07357782125473022,-0.42451101541519165,-0.010963622366347181,0.010065704584121704,-0.26336634159088135,0.01793987222268356,0.021209776401519775,-0.35993075370788574,0.008604031170449389,0.03962966799736023,-0.41983726620674133,-0.007149227780558931,0.05472612380981445,-0.46900662779808044,-0.01855864085004555,-0.012935668230056763,-0.25934141874313354,0.0024584006729639896,-0.008256375789642334,-0.3565900921821594,-0.009158729461290704,0.007053375244140625,-0.41567325592041016,-0.02267662144944893,0.019937902688980103,-0.462856262922287,-0.031637419832208025,-0.03704211115837097,-0.2418828010559082,-0.015266245116748678,-0.04623645544052124,-0.3210769295692444,-0.02617158636198269,-0.04546988010406494,-0.3747903108596802,-0.03340657509610878,-0.04177135229110718,-0.4213731288909912,-0.03840709931895958,background
0.0,0.0,0.0,0.058810263872146606,-0.06374627351760864,-0.004857452422669439,0.07839405536651611,-0.15374940633773804,0.00015224675362901507,0.08404472470283508,-0.22279661893844604,0.0018717071979210687,0.09149894118309021,-0.27878129482269287,0.004210280418107004,0.01415485143661499,-0.24398338794708252,0.02654497667745659,0.027630209922790527,-0.3221440315246582,0.01659086875216076,0.043100833892822266,-0.3728340268135071,0.0035011367180288744,0.05595320463180542,-0.4152079224586487,-0.005703662358513384,-0.012402355670928955,-0.2557387948036194,0.01713919236854622,-0.008537471294403076,-0.3519703149795532,0.010398773174443932,0.005330115556716919,-0.4124855101108551,-0.000587543134400903,0.017916321754455566,-0.46407726407051086,-0.008738110143980293,-0.036689043045043945,-0.2513839602470398,0.0026115271502078485,-0.043735384941101074,-0.34558621048927307,-0.00716908445983222,-0.033473044633865356,-0.406416654586792,-0.01781654015584877,-0.022727370262145996,-0.45775365829467773,-0.02488651529355934,-0.06053560972213745,-0.23105192184448242,-0.013815868947943954,-0.08313381671905518,-0.30704885721206665,-0.023647850681385307,-0.08713424205780029,-0.3613726496696472,-0.02978926554723671,-0.08540388941764832,-0.4093458652496338,-0.033919394318303375,background
0.0,0.0,0.0,0.055271685123443604,-0.06286633014678955,-0.003221061314434337,0.0691191554069519,-0.151944100856781,0.0036266839588279254,0.06922832131385803,-0.21979355812072754,0.007090020458235813,0.07036048173904419,-0.27297264337539673,0.011294575407191587,-0.001070469617843628,-0.21949613094329834,0.028681474736913515,0.0033614039421081543,-0.29640883207321167,0.02075052168129332,0.014718770980834961,-0.34747111797332764,0.01009423471896298,0.024985313415527344,-0.38848206400871277,0.0026768012894535786,-0.029736816883087158,-0.2297508716583252,0.019894300959094835,-0.03292059898376465,-0.32556021213531494,0.014952136202737165,-0.021504372358322144,-0.38451215624809265,0.006477501242443395,-0.01010674238204956,-0.430623859167099,0.000285242479549197,-0.05501973628997803,-0.2275940179824829,0.006110798100962711,-0.06737220287322998,-0.3230312168598175,-0.0022680819974993938,-0.060335636138916016,-0.38324078917503357,-0.011489377357975172,-0.05076712369918823,-0.4319799542427063,-0.01785411220134847,-0.07826730608940125,-0.21160823106765747,-0.009302945808485674,-0.10664400458335876,-0.27962201833724976,-0.017366058194056677,-0.11486738920211792,-0.32972246408462524,-0.022256628611103224,-0.11599452793598175,-0.37383660674095154,-0.026056765579596686,background
0.0,0.0,0.0,0.05005195736885071,-0.06393295526504517,-0.002365690919049257,0.05556917190551758,-0.14275258779525757,0.004483640163726932,0.04842916131019592,-0.20714890956878662,0.007606881640441543,0.046061187982559204,-0.25834572315216064,0.011680423251874572,-0.02432769536972046,-0.19481581449508667,0.03337990210164321,-0.02263098955154419,-0.26604360342025757,0.025846078030355102,-0.011651724576950073,-0.31411123275756836,0.014320200278945094,-0.002119779586791992,-0.35364553332328796,0.006865400790758258,-0.05225633084774017,-0.20433229207992554,0.025674658797271377,-0.05954734981060028,-0.2933100759983063,0.02305210099328292,-0.05216868221759796,-0.35037389397621155,0.014981517538018352,-0.04328887164592743,-0.3961493670940399,0.00878244356024993,-0.07637584209442139,-0.2047000527381897,0.012776968970484859,-0.09299495816230774,-0.2923559546470642,0.007408789794482118,-0.08983947336673737,-0.34880924224853516,6.069214467174788e-05,-0.08209094405174255,-0.3928948938846588,-0.004910268385373229,-0.0971997082233429,-0.19278013706207275,-0.001961164905168289,-0.12439121305942535,-0.25765371322631836,-0.0055733640049027144,-0.1338941752910614,-0.3052489161491394,-0.007171604812555188,-0.13628846406936646,-0.34518298506736755,-0.00875706042390334,background
0.0,0.0,0.0,0.047418028116226196,-0.05687195062637329,0.0022399188688666527,0.05206519365310669,-0.13022679090499878,0.012457538463053197,0.04221177101135254,-0.18810123205184937,0.01789700712251374,0.03956589102745056,-0.23996633291244507,0.02428259427833268,-0.02740994095802307,-0.17936444282531738,0.04464254255580613,-0.028660327196121216,-0.24594295024871826,0.04284007202076623,-0.020709097385406494,-0.2899712920188904,0.03491272504615495,-0.014067500829696655,-0.3260512351989746,0.029273354515311212,-0.053301066160202026,-0.18983161449432373,0.03498263756918618,-0.06622378528118134,-0.2740250825881958,0.03747934575366685,-0.06472983956336975,-0.3273204565048218,0.03048093716788003,-0.06197616457939148,-0.3714227080345154,0.024184790506836862,-0.07544447481632233,-0.1898587942123413,0.020004038765904397,-0.08933377265930176,-0.27171534299850464,0.018330951288220376,-0.08782215416431427,-0.3243212401866913,0.010886421494063825,-0.08472242951393127,-0.3693629801273346,0.004895501371350974,-0.09400661289691925,-0.17932283878326416,0.003436298176524133,-0.11749985814094543,-0.2454596757888794,0.002332683021080584,-0.12144064903259277,-0.29303979873657227,0.0011197534127802555,-0.11798587441444397,-0.33632010221481323,-0.0009211670170827801,background
0.0,0.0,0.0,0.04624214768409729,-0.05110037326812744,0.0028232107381711558,0.049192994832992554,-0.12020206451416016,0.013847296310160573,0.04056796431541443,-0.17397838830947876,0.019665477981362756,0.04331803321838379,-0.22331976890563965,0.025979083215389664,-0.025511115789413452,-0.16777974367141724,0.048232162555251534,-0.02191820740699768,-0.2318657636642456,0.0487190728984217,-0.013412564992904663,-0.27420201897621155,0.04140315782049697,-0.007583945989608765,-0.3120799958705902,0.03585648741344016,-0.0495944619178772,-0.1792203187942505,0.038550654610190804,-0.051926419138908386,-0.26314473152160645,0.04168079998115104,-0.04592491686344147,-0.31933093070983887,0.03465625848392051,-0.03858464956283569,-0.3703709840774536,0.02845336515227359,-0.07154795527458191,-0.1800721287727356,0.023424277266059335,-0.07320208847522736,-0.2671296000480652,0.02087491024056476,-0.06494174897670746,-0.323772132396698,0.011635756304059441,-0.05568310618400574,-0.3724462687969208,0.005022035164330418,-0.09205976128578186,-0.1717301607131958,0.006819038835857327,-0.1048317700624466,-0.24583175778388977,0.004521436707619841,-0.10071218013763428,-0.2982439398765564,0.0022390046599696234,-0.08891767263412476,-0.344308078289032,-0.0002277606306222424,background
0.0,0.0,0.0,0.04401525855064392,-0.05179023742675781,-0.0007598551677006071,0.0482010543346405,-0.11938416957855225,0.005881418917567771,0.04019513726234436,-0.17116177082061768,0.007394010644645732,0.04342886805534363,-0.2203991413116455,0.008377979021759074,-0.012922033667564392,-0.17031550407409668,0.04031674608239655,-0.0008920729160308838,-0.23720324039459229,0.034276318248601,0.015350580215454102,-0.28708797693252563,0.02244560278603558,0.02499052882194519,-0.3262402415275574,0.0138957234809709,-0.03581838309764862,-0.18198567628860474,0.03134083792218689,-0.023070871829986572,-0.26296019554138184,0.02718822143623356,-0.004922598600387573,-0.3151940703392029,0.016222162615747493,0.008741766214370728,-0.35700637102127075,0.007516342193127912,-0.06182283163070679,-0.18267399072647095,0.01697549454519276,-0.05977541208267212,-0.2690882682800293,0.006119108736754697,-0.04158155620098114,-0.31152379512786865,-0.0041626920213388985,-0.029078513383865356,-0.3393857479095459,-0.009966867532341439,-0.09026816487312317,-0.1723412275314331,0.0014092469133970553,-0.09383223950862885,-0.2523282766342163,-0.008703365478424985,-0.07306817173957825,-0.28454458713531494,-0.011713416803388554,-0.052856311202049255,-0.3002161383628845,-0.013272942531614262,background
0.0,0.0,0.0,0.047555506229400635,-0.06313025951385498,-0.0026560437371188073,0.054403841495513916,-0.13516849279403687,-0.0008798244496972529,0.052300870418548584,-0.19639289379119873,-0.005829415746887889,0.05617135763168335,-0.24780750274658203,-0.01085834204863545,0.007583141326904297,-0.1827954649925232,0.031639709140250716,0.022226840257644653,-0.24883073568344116,0.015618596228847537,0.04933437705039978,-0.28415966033935547,-0.0017671845824622778,0.07010155916213989,-0.30325427651405334,-0.013102995228877035,-0.015330538153648376,-0.19001740217208862,0.021411576311180625,-0.0013861358165740967,-0.2730650305747986,-0.0003371856845149068,0.033383190631866455,-0.3033149540424347,-0.021867704574873414,0.06238254904747009,-0.3056543171405792,-0.034302682612946,-0.043215006589889526,-0.1881902813911438,0.0061040949105120035,-0.029054924845695496,-0.27191415429115295,-0.02378976624171969,0.007392823696136475,-0.28055286407470703,-0.044626043175270524,0.03458356857299805,-0.25815296173095703,-0.05253753903966185,-0.07543593645095825,-0.17872077226638794,-0.009430114176979032,-0.05421152710914612,-0.2467576265335083,-0.03690449613790747,-0.02083936333656311,-0.2567077875137329,-0.05189965758185622,0.006869882345199585,-0.24097084999084473,-0.05877834651332137,background
0.0,0.0,0.0,0.05510476231575012,-0.057648539543151855,-2.862661415647949e-05,0.0701245665550232,-0.13235348463058472,0.0011896938202617946,0.07357347011566162,-0.19101887941360474,-0.0055576580226706085,0.0722024142742157,-0.23851394653320312,-0.011183083860604626,0.020882517099380493,-0.18145495653152466,0.027628158347280163,0.040420740842819214,-0.2589120864868164,0.0014279856230778876,0.08156973123550415,-0.25181442499160767,-0.022209207399217945,0.10684853792190552,-0.22196197509765625,-0.03329146733733879,0.0009070634841918945,-0.18706196546554565,0.01524609433260693,0.02933928370475769,-0.2714383900165558,-0.015497485978929859,0.07500958442687988,-0.25576186180114746,-0.03917030697914825,0.10085660219192505,-0.21710610389709473,-0.048158162145345074,-0.024700865149497986,-0.18910038471221924,-0.0022073910687403497,0.007584035396575928,-0.2679052948951721,-0.03436188107582794,0.05389130115509033,-0.2498469352722168,-0.052180227695433956,0.07951569557189941,-0.20926415920257568,-0.05502152895781265,-0.05601528286933899,-0.18463432788848877,-0.01991643091890083,-0.018883630633354187,-0.24258744716644287,-0.04475765755626426,0.02116289734840393,-0.23558777570724487,-0.05500246664735542,0.04832497239112854,-0.20695996284484863,-0.056618989317147594,background
0.0,0.0,0.0,0.06221190094947815,-0.06422930955886841,0.006886729398125624,0.09347817301750183,-0.145485520362854,0.01006497059514544,0.10517773032188416,-0.20784926414489746,0.0032261827824058287,0.11091950535774231,-0.2577059268951416,-0.0023243151276020058,0.042319416999816895,-0.2232801914215088,0.040726975431049084,0.07413125038146973,-0.2671980857849121,0.0149154838969352,0.11266466975212097,-0.23957407474517822,-0.008266378300881172,0.13894852995872498,-0.20491456985473633,-0.018493381435668255,0.017435550689697266,-0.22910720109939575,0.024428219427669262,0.06929260492324829,-0.26655054092407227,-0.00507358518863299,0.11165988445281982,-0.22149497270584106,-0.024335657353198314,0.13734614849090576,-0.17197024822235107,-0.028808781052624965,-0.011436104774475098,-0.22995871305465698,0.0027359799811037533,0.051234692335128784,-0.2607238292694092,-0.030800101454055095,0.0928368866443634,-0.209650456905365,-0.0417916244963763,0.11579367518424988,-0.15584808588027954,-0.03740912965933063,-0.04473564028739929,-0.22132253646850586,-0.019095285902416492,0.016450613737106323,-0.24814850091934204,-0.0423690370420573,0.053551435470581055,-0.21621173620224,-0.04577231324712017,0.0763271152973175,-0.1771584153175354,-0.0401359192232249,background
0.0,0.0,0.0,0.06686004996299744,-0.045835673809051514,-0.0003153151349692962,0.11419400572776794,-0.10627108812332153,-0.005113597218326049,0.14292454719543457,-0.16169005632400513,-0.017337361075362878,0.1649673581123352,-0.21119636297225952,-0.026323929153761583,0.08070501685142517,-0.21338379383087158,0.022268833867826743,0.12144637107849121,-0.23148113489151,-0.004097964804998355,0.14268174767494202,-0.17771488428115845,-0.02278805869110556,0.14607030153274536,-0.12615442276000977,-0.028837742008647638,0.0561576783657074,-0.22923630475997925,0.00992748168818025,0.11190640926361084,-0.23975467681884766,-0.015774382003030496,0.13419821858406067,-0.17786580324172974,-0.027651563011488633,0.13874676823616028,-0.11966079473495483,-0.02821857082136603,0.025245100259780884,-0.2399314045906067,-0.007414447799703794,0.09031105041503906,-0.23923951387405396,-0.03626779439338179,0.10983121395111084,-0.1716262698173523,-0.039266258202871995,0.11221632361412048,-0.11169815063476562,-0.030991060383996683,-0.01194581389427185,-0.24026507139205933,-0.025614291154226976,0.05255192518234253,-0.2415894865989685,-0.0438928154338214,0.0764031708240509,-0.1933678388595581,-0.04143428029902907,0.08261942863464355,-0.14711254835128784,-0.032308127455792146,background
0.0,0.0,0.0,0.07632371783256531,-0.0292167067527771,-0.005410966442866538,0.13342472910881042,-0.089560866355896,-0.01096676194850943,0.16924896836280823,-0.14612054824829102,-0.022763961905582164,0.20610108971595764,-0.18574631214141846,-0.03164853526089928,0.12440678477287292,-0.20352405309677124,0.0198313985225127,0.16770008206367493,-0.19774556159973145,-0.011579330058737014,0.16591092944145203,-0.1378597617149353,-0.03403628988002083,0.15130695700645447,-0.0878872275352478,-0.041718933710797046,0.09695687890052795,-0.22621268033981323,0.010763617252962376,0.1540461778640747,-0.20203322172164917,-0.016709029654009555,0.15122640132904053,-0.1335892677307129,-0.026751706356151317,0.13694879412651062,-0.0795062780380249,-0.02573188019727013,0.06304183602333069,-0.2417161464691162,-0.004393212011052583,0.12804225087165833,-0.20864921808242798,-0.03627824036215088,0.12510326504707336,-0.13729113340377808,-0.03704596308801911,0.1119319498538971,-0.08059513568878174,-0.026224380338533138,0.022344917058944702,-0.2482864260673523,-0.020629489773853038,0.08773252367973328,-0.2305891513824463,-0.04136814547513268,0.10072150826454163,-0.17154276371002197,-0.03728928042386315,0.09872540831565857,-0.1232646107673645,-0.02565163744424126,background
0.0,0.0,0.0,0.08663105964660645,-0.007569730281829834,-0.007149001104210129,0.15107187628746033,-0.03738003969192505,-0.018239621525083294,0.20041188597679138,-0.06824976205825806,-0.03450966485348772,0.24859490990638733,-0.09100925922393799,-0.04748602442947458,0.1573786437511444,-0.1879088282585144,0.011061804848338852,0.21522727608680725,-0.12748700380325317,-0.021027908181224575,0.19612649083137512,-0.07015711069107056,-0.04444489859548639,0.16512319445610046,-0.03777015209197998,-0.05365286626425814,0.1351378858089447,-0.21308451890945435,0.00321140816862453,0.19833680987358093,-0.13160192966461182,-0.021959638675127735,0.17764315009117126,-0.06584644317626953,-0.03053687930611204,0.15000465512275696,-0.026920080184936523,-0.029654717524920216,0.10829007625579834,-0.2235453724861145,-0.009616085780237427,0.1754489243030548,-0.1381688117980957,-0.03705682091919016,0.15652015805244446,-0.0710328221321106,-0.034908874412451496,0.13038015365600586,-0.02659696340560913,-0.02336031243709158,0.0766858458518982,-0.220675528049469,-0.02409212522712778,0.14056158065795898,-0.159923255443573,-0.04056707256046366,0.14346668124198914,-0.10226231813430786,-0.03463350840416979,0.1325419545173645,-0.06306546926498413,-0.022058507879648914,background
0.0,0.0,0.0,0.0959908664226532,0.013607323169708252,0.006367779830242171,0.16348326206207275,-0.0036083459854125977,-0.0002404472193404672,0.21714478731155396,-0.011465609073638916,-0.014739439795022236,0.26802217960357666,-0.002191901206970215,-0.02631182407051824,0.16067880392074585,-0.17133772373199463,0.02148121598153807,0.22154396772384644,-0.07702547311782837,-0.006667012786721216,0.1899518370628357,-0.01952427625656128,-0.028583358945553528,0.153548002243042,0.0008150935173034668,-0.03919351284415029,0.14694374799728394,-0.18836385011672974,0.00609664668306209,0.22004854679107666,-0.07495957612991333,-0.01917504702717565,0.18011343479156494,-0.01213383674621582,-0.025970110642020927,0.1420201063156128,0.01005244255065918,-0.02395262193888925,0.13306468725204468,-0.1859307885169983,-0.01279447783738874,0.20583194494247437,-0.07233989238739014,-0.03759758730441831,0.16618549823760986,-0.013554394245147705,-0.032502254443471656,0.1292749047279358,0.008754491806030273,-0.02013773468345903,0.1164821982383728,-0.16639995574951172,-0.03246163387805723,0.17857277393341064,-0.08957552909851074,-0.04438818057090543,0.1639496088027954,-0.03807336091995239,-0.03593089242488645,0.1435336470603943,-0.010995149612426758,-0.02371345271379255,background
0.0,0.0,0.0,0.09281376004219055,0.017758190631866455,0.018886230388403646,0.1507091224193573,0.004952073097229004,0.01770203883361887,0.19594278931617737,0.004163205623626709,0.0069425208174891395,0.23609742522239685,0.007159709930419922,-0.0008620449544594067,0.15142706036567688,-0.16714394092559814,0.030000132942319624,0.21395352482795715,-0.05861175060272217,0.012525312104941122,0.176498681306839,-0.012798845767974854,-0.0031360090098075943,0.14373710751533508,-0.012551546096801758,-0.013660657717167624,0.1449454128742218,-0.17392820119857788,0.007785843653351776,0.21770581603050232,-0.04758960008621216,-0.009142411439000853,0.17351403832435608,-0.00611424446105957,-0.014816392710685022,0.13867440819740295,-0.005052804946899414,-0.015633287405847796,0.13833042979240417,-0.15764421224594116,-0.015971266230820902,0.2067016065120697,-0.03707820177078247,-0.03204488058972288,0.16135123372077942,0.0005766749382019043,-0.02733354506480623,0.12461152672767639,0.000371396541595459,-0.020114096379160173,0.1320578157901764,-0.12339985370635986,-0.039384052654980906,0.19068428874015808,-0.0390971302986145,-0.04702424307751585,0.16802117228507996,-0.002979099750518799,-0.039761864146470316,0.1441839039325714,0.006286025047302246,-0.03155901332783628,background
0.0,0.0,0.0,0.08395341038703918,0.009777367115020752,0.02268645171190542,0.1398286521434784,-0.004078984260559082,0.02466380041207117,0.18499931693077087,-0.0014603734016418457,0.017372187265408456,0.22022917866706848,-0.0046710968017578125,0.013322973662269533,0.13871654868125916,-0.1716182827949524,0.03778865005935472,0.19966545701026917,-0.06855207681655884,0.024945007675540865,0.16601130366325378,-0.024625718593597412,0.010241063350093782,0.13310065865516663,-0.025073885917663574,-0.00032168206760729845,0.13872823119163513,-0.17530786991119385,0.015044588634026468,0.20768657326698303,-0.05724054574966431,0.003234042824459493,0.16782024502754211,-0.016417264938354492,-0.002952246422665894,0.13466504216194153,-0.019896268844604492,-0.005224320067810595,0.13935890793800354,-0.15548574924468994,-0.00881971508150059,0.20349225401878357,-0.0428309440612793,-0.018103841653811514,0.16411957144737244,-0.00420987606048584,-0.012931432536589682,0.1318119466304779,-0.010019004344940186,-0.007477048280435383,0.14114287495613098,-0.11933910846710205,-0.03222990590964514,0.19252213835716248,-0.03070169687271118,-0.03191661644612509,0.16527459025382996,-0.0016270279884338379,-0.021813351622569144,0.1395556628704071,-0.008600115776062012,-0.013790139890062392,background
0.0,0.0,0.0,0.0667138397693634,-0.025385499000549316,0.018640846608022343,0.11122241616249084,-0.057531654834747314,0.017876424489358556,0.14912614226341248,-0.06546801328659058,0.008807682094911229,0.1751357614994049,-0.06731712818145752,0.0031688526624833457,0.09422340989112854,-0.20129847526550293,0.026282521558741223,0.1686452329158783,-0.13804876804351807,0.012521627021769177,0.14837607741355896,-0.08726543188095093,0.0005381108613704555,0.11591258645057678,-0.07336318492889404,-0.005763827694764245,0.09832999110221863,-0.19898629188537598,0.007548095786759745,0.17682722210884094,-0.11685711145401001,-0.003036116121521104,0.15008851885795593,-0.06628149747848511,-0.007345580833217014,0.1155497133731842,-0.05709385871887207,-0.00799992434885155,0.105844646692276,-0.17501038312911987,-0.012070913205107558,0.17975804209709167,-0.09335750341415405,-0.019253413530250896,0.15041783452033997,-0.04525655508041382,-0.01346480041947018,0.11876699328422546,-0.038541436195373535,-0.007467393635025132,0.11644396185874939,-0.13879632949829102,-0.031324473547002185,0.17337021231651306,-0.06791281700134277,-0.028362266125341762,0.1532479226589203,-0.03257960081100464,-0.01733482010867249,0.12898895144462585,-0.029277265071868896,-0.008720871398409713,background
0.0,0.0,0.0,0.07092225551605225,-0.04068034887313843,0.007421942656599345,0.10334086418151855,-0.09719187021255493,0.0024038369261849546,0.13492655754089355,-0.12944990396499634,-0.008875898322350917,0.1686803102493286,-0.15271401405334473,-0.015321732735521731,0.03546905517578125,-0.2252371907234192,0.01324012572478539,0.12582188844680786,-0.19258135557174683,-0.012553323297090468,0.1187543272972107,-0.1374669075012207,-0.030533557063229022,0.09060627222061157,-0.11043328046798706,-0.03878253256369346,0.03198164701461792,-0.2251470685005188,-0.0014467532786350823,0.1359349489212036,-0.1824081540107727,-0.025911006381995616,0.12251991033554077,-0.1212778091430664,-0.03336501797128433,0.09119737148284912,-0.09859436750411987,-0.0333578207104277,0.04058563709259033,-0.20747441053390503,-0.018415414965040622,0.1402246356010437,-0.15796297788619995,-0.0384801619260382,0.12111681699752808,-0.09548842906951904,-0.030917658707387385,0.09050172567367554,-0.07518452405929565,-0.020218967696912227,0.054930686950683594,-0.17950856685638428,-0.03571798582959884,0.13311338424682617,-0.1341131329536438,-0.04167049308706039,0.12268555164337158,-0.08893758058547974,-0.030232782712466655,0.10044217109680176,-0.07303905487060547,-0.019286106577403483,background
0.0,0.0,0.0,0.0655398964881897,-0.06215888261795044,0.008856837588645305,0.09289664030075073,-0.12516099214553833,0.0037138640855474137,0.11904740333557129,-0.1677291989326477,-0.008948054213725243,0.14556282758712769,-0.21021521091461182,-0.01784480554302803,-0.0053809285163879395,-0.2233486771583557,0.017107706467903938,0.07322359085083008,-0.2255852222442627,-0.015674389947854195,0.08324301242828369,-0.16674721240997314,-0.038060197655759964,0.07574236392974854,-0.12572354078292847,-0.04776572627266518,-0.016558855772018433,-0.22678816318511963,-0.0004561805016791709,0.08769315481185913,-0.22019809484481812,-0.035745797727905426,0.08714866638183594,-0.1465938687324524,-0.04630443272431961,0.0670311450958252,-0.10441398620605469,-0.04412913141091934,-0.015530377626419067,-0.21916651725769043,-0.021306706641517792,0.08543318510055542,-0.20168834924697876,-0.0536146220310556,0.07809215784072876,-0.12731963396072388,-0.04951793891628853,0.0558207631111145,-0.08942419290542603,-0.03640505862673393,-0.006927967071533203,-0.20188605785369873,-0.0420419294877874,0.07590091228485107,-0.18698257207870483,-0.05886649531563393,0.07985395193099976,-0.13314998149871826,-0.051763678018652115,0.06755673885345459,-0.10250043869018555,-0.04012082335790268,background
0.0,0.0,0.0,0.05536913871765137,-0.06353503465652466,0.008412390787469803,0.07387328147888184,-0.1302366852760315,0.005752125595080315,0.08853185176849365,-0.18118619918823242,-0.0047452232536500105,0.1070249080657959,-0.2270357608795166,-0.012259884897304119,-0.010228216648101807,-0.20409303903579712,0.028329394597875535,0.040328025817871094,-0.22658079862594604,0.002565298302414476,0.052436113357543945,-0.18422669172286987,-0.01650694587422663,0.05520445108413696,-0.13857173919677734,-0.024271868329179824,-0.02542954683303833,-0.2099590301513672,0.012615226980614125,0.0491943359375,-0.2303045392036438,-0.016469933252466262,0.05620962381362915,-0.1625446081161499,-0.02679328263891989,0.04870539903640747,-0.10933828353881836,-0.024904400270116867,-0.03554597496986389,-0.20897209644317627,-0.007101468901765884,0.04592418670654297,-0.2238103151321411,-0.037186250250471176,0.0491984486579895,-0.15307730436325073,-0.03827280939711386,0.03781086206436157,-0.10169529914855957,-0.02880986609650904,-0.041574299335479736,-0.200489342212677,-0.026518389742506088,0.037884294986724854,-0.21029537916183472,-0.04428074897421652,0.051534950733184814,-0.1576116681098938,-0.041518394063842834,0.04805797338485718,-0.11532706022262573,-0.032821364860666336,background
0.0,0.0,0.0,0.05431723594665527,-0.06263625621795654,0.009340555334588885,0.06559163331985474,-0.1344659924507141,0.011780107321342825,0.07549846172332764,-0.1913502812385559,0.005574384166052937,0.08948898315429688,-0.2402411699295044,0.0018475963008910412,-0.014202147722244263,-0.188085675239563,0.03829764381249845,0.01659870147705078,-0.22128844261169434,0.018906779514750838,0.0301055908203125,-0.1803101897239685,0.003148840202143788,0.030835986137390137,-0.12995928525924683,-0.002217858403795958,-0.03260713815689087,-0.1924545168876648,0.024027081133922934,0.021978437900543213,-0.2236955761909485,0.0007456965834222729,0.03465890884399414,-0.16593623161315918,-0.010913235207894445,0.02830737829208374,-0.11318337917327881,-0.010704458763697744,-0.04995959997177124,-0.19553732872009277,0.005486912952861189,0.01759237051010132,-0.22201383113861084,-0.021560488341251016,0.028422832489013672,-0.15562033653259277,-0.02489079169730246,0.019175291061401367,-0.10073584318161011,-0.016959887070456148,-0.06738060712814331,-0.1937028169631958,-0.012674809506037832,-0.0016443729400634766,-0.21810156106948853,-0.02932078584829867,0.015318691730499268,-0.17273753881454468,-0.027273794708648325,0.014503061771392822,-0.13030779361724854,-0.019000211803117395,background
0.0,0.0,0.0,0.04473596811294556,-0.0626225471496582,0.004854818885199563,0.05491960048675537,-0.12495481967926025,0.007695815605096357,0.05484801530838013,-0.18048912286758423,0.003010831153936522,0.04665827751159668,-0.2273043394088745,0.001370556266031997,-0.009601175785064697,-0.15598320960998535,0.03466444936113788,-0.006700605154037476,-0.20477545261383057,0.01860255104022457,0.016778171062469482,-0.17590022087097168,0.007356663313679235,0.023484498262405396,-0.12731748819351196,0.0061749118240399525,-0.027666181325912476,-0.16170889139175415,0.02390226822810604,-0.0057180821895599365,-0.21076947450637817,0.003961805333368318,0.016094684600830078,-0.16673648357391357,-0.00833433858586119,0.013872921466827393,-0.11258959770202637,-0.008978808219559653,-0.050714582204818726,-0.1685551404953003,0.009009349239043729,-0.01559668779373169,-0.21540546417236328,-0.01726059514565037,0.004790395498275757,-0.1588260531425476,-0.022536729383297427,0.0012277066707611084,-0.09907692670822144,-0.015518115754254325,-0.07838335633277893,-0.16966569423675537,-0.005389851904489262,-0.041461408138275146,-0.21165460348129272,-0.023154986011810763,-0.01857590675354004,-0.17553049325942993,-0.02165995064658688,-0.01323816180229187,-0.12896841764450073,-0.013334268624909384,background
0.0,0.0,0.0,0.04525843262672424,-0.06554114818572998,0.01602471999350996,0.055594950914382935,-0.12793010473251343,0.023608712549247457,0.06334921717643738,-0.17985355854034424,0.019995115767159177,0.06280678510665894,-0.22449785470962524,0.01680505468968363,-0.022907912731170654,-0.14936184883117676,0.05843004032496424,-0.041649073362350464,-0.20292586088180542,0.049216723139323904,-0.020626693964004517,-0.19578921794891357,0.03847335844758959,-0.008637040853500366,-0.16514462232589722,0.03612990125540705,-0.038356125354766846,-0.1549135446548462,0.04127988039974184,-0.028221547603607178,-0.2081940770149231,0.02348176955703707,-0.0030855536460876465,-0.16973018646240234,0.006861198763289167,-0.0022382736206054688,-0.12123394012451172,0.003970990027227117,-0.060062527656555176,-0.15788888931274414,0.0204164945286891,-0.034437596797943115,-0.21264374256134033,-0.005116102215907858,-0.007238864898681641,-0.15678894519805908,-0.014207473886273192,-0.00619351863861084,-0.10286986827850342,-0.009185541351399706,-0.08631765842437744,-0.15602940320968628,0.001212743995637311,-0.06227269768714905,-0.20726323127746582,-0.014590205554924296,-0.03565451502799988,-0.1728881597518921,-0.012411391292772578,-0.025884389877319336,-0.12933892011642456,-0.003829359705633806,background
0.0,0.0,0.0,0.04573526978492737,-0.06160169839859009,0.005584322866553748,0.06077176332473755,-0.12798482179641724,0.012349801157171214,0.06150045990943909,-0.19100052118301392,0.010265614856535876,0.04828837513923645,-0.2422754168510437,0.009252858367318595,-0.007309257984161377,-0.1452074646949768,0.05770853629385897,-0.01727914810180664,-0.19699162244796753,0.048539423402900184,0.0006821155548095703,-0.19756120443344116,0.03777775263463923,0.010772079229354858,-0.1744314432144165,0.03505405133640238,-0.029630064964294434,-0.1550748348236084,0.04679896405016848,-0.022156178951263428,-0.2107420563697815,0.029859849270934546,-0.0006215870380401611,-0.17665618658065796,0.013499805722887004,0.0014631450176239014,-0.1290372610092163,0.010467672739679301,-0.05643433332443237,-0.15850597620010376,0.03067453859424063,-0.04019969701766968,-0.217179536819458,0.0060618915786392336,-0.016957730054855347,-0.16829007863998413,-0.0027788453544133063,-0.014473944902420044,-0.11398762464523315,0.0022741153561867122,-0.08703505992889404,-0.15254145860671997,0.01508256422405907,-0.07528036832809448,-0.20594149827957153,2.912477887662135e-05,-0.05091452598571777,-0.1790531873703003,0.0011429944034091477,-0.03823578357696533,-0.1377667784690857,0.008723266441876376,background
0.0,0.0,0.0,0.046674519777297974,-0.060188233852386475,-0.0007725254887347432,0.06539496779441833,-0.13498187065124512,0.0037933779625589636,0.06522205471992493,-0.19800662994384766,0.0015951393382991341,0.0541495680809021,-0.2521412968635559,-0.00047034766395626093,0.009161293506622314,-0.16123676300048828,0.041056949945762256,0.013036549091339111,-0.2065334916114807,0.02815568290896664,0.035410523414611816,-0.23331356048583984,0.015929745810701945,0.05004090070724487,-0.24772804975509644,0.009813799823298552,-0.016279220581054688,-0.16949951648712158,0.031087460296824077,-0.0015287399291992188,-0.22522228956222534,0.0036035425240541485,0.013889133930206299,-0.17231082916259766,-0.009747715366408727,0.009842604398727417,-0.11836826801300049,-0.00814037739984741,-0.046252429485321045,-0.17029619216918945,0.016235752331688502,-0.026039212942123413,-0.22684216499328613,-0.018319379237816236,-0.007617741823196411,-0.16291069984436035,-0.019800387022421262,-0.010410070419311523,-0.10717958211898804,-0.007051326965317628,-0.0812438428401947,-0.15938782691955566,0.0015737246234337476,-0.06057143211364746,-0.21516305208206177,-0.02054795220248451,-0.03979218006134033,-0.17987680435180664,-0.016007600051686666,-0.03514409065246582,-0.1367989182472229,-0.0044014930514251205,background
0.0,0.0,0.0,0.051686644554138184,-0.04821419715881348,-0.00738924738534763,0.08060970902442932,-0.13228929042816162,-0.01194274887957647,0.08973264694213867,-0.19982165098190308,-0.020412979615414883,0.10422325134277344,-0.260351300239563,-0.025908632171834256,0.023761719465255737,-0.20130109786987305,0.017067603799020503,0.04931885004043579,-0.23496288061141968,-0.007045446397299315,0.06561285257339478,-0.1930651068687439,-0.021502749962294843,0.06682270765304565,-0.14540988206863403,-0.025431876970017697,-0.0013997256755828857,-0.20550912618637085,0.009756973976706718,0.044889211654663086,-0.24401038885116577,-0.019108923119986798,0.05409342050552368,-0.17110592126846313,-0.028290286628092076,0.040904104709625244,-0.11304104328155518,-0.025093449247563626,-0.02878740429878235,-0.2024174928665161,-0.0026350863888211506,0.025715380907058716,-0.2370803952217102,-0.036043886063183095,0.032446861267089844,-0.1602323055267334,-0.035390172121609,0.018027126789093018,-0.10517776012420654,-0.023557886449182774,-0.05982235074043274,-0.18622040748596191,-0.015386994896019246,-0.005178958177566528,-0.2147897481918335,-0.03761414435275867,0.012268602848052979,-0.1611868143081665,-0.03409131240614727,0.008893042802810669,-0.11745846271514893,-0.023768071053112294,background
0.0,0.0,0.0,0.05907091498374939,-0.05619001388549805,-0.008219582084649346,0.09557023644447327,-0.13860684633255005,-0.015036784168415807,0.11366468667984009,-0.2015787959098816,-0.024977751132183812,0.1361895501613617,-0.25547128915786743,-0.030993746649556897,0.025094524025917053,-0.23679769039154053,0.00757699081665919,0.0787762701511383,-0.24533116817474365,-0.021472269725137494,0.08291268348693848,-0.17918872833251953,-0.03822829952471807,0.07128989696502686,-0.12951022386550903,-0.043843295481138966,-0.0035525262355804443,-0.23980331420898438,0.00036313911775209817,0.06880408525466919,-0.24395525455474854,-0.029959594886832974,0.06888514757156372,-0.16206222772598267,-0.035976808574133656,0.05220600962638855,-0.11152172088623047,-0.03138983255260541,-0.02916485071182251,-0.23131555318832397,-0.011646159049206517,0.04625895619392395,-0.228415846824646,-0.0433789082431133,0.04341968894004822,-0.14832144975662231,-0.03812016924851491,0.024508342146873474,-0.1025322675704956,-0.02437181590133264,-0.053981244564056396,-0.2092055082321167,-0.02460108516746118,0.014977633953094482,-0.21333742141723633,-0.04259156441324308,0.022977501153945923,-0.15837544202804565,-0.03541470324628904,0.009541809558868408,-0.12336820363998413,-0.023392597269349835,background
0.0,0.0,0.0,0.07520760595798492,-0.049211084842681885,-0.010133201238033962,0.12124386429786682,-0.11588054895401001,-0.02023058475953121,0.14970198273658752,-0.17063778638839722,-0.032763198931036186,0.18309319019317627,-0.21115636825561523,-0.04170179085832615,0.049013108015060425,-0.2507202625274658,0.0021438920122704985,0.12207409739494324,-0.22355282306671143,-0.02796284945708294,0.11802402138710022,-0.1557418704032898,-0.048220426757154655,0.09921988844871521,-0.11615383625030518,-0.05829937102299709,0.022256672382354736,-0.25471407175064087,-0.005046754125771713,0.11020028591156006,-0.21409159898757935,-0.035008494723854255,0.09906235337257385,-0.1327458620071411,-0.042566002328214836,0.07436983287334442,-0.09250861406326294,-0.041192402113495064,0.0004183351993560791,-0.24219197034835815,-0.01648038903277893,0.08681100606918335,-0.19916963577270508,-0.04796743484240551,0.07593593001365662,-0.12228435277938843,-0.04480192156535168,0.05290497839450836,-0.08448100090026855,-0.03389826880794544,-0.018449604511260986,-0.2125626802444458,-0.029447245393214416,0.05441199243068695,-0.1842002272605896,-0.04830310212474842,0.05619265139102936,-0.1274813413619995,-0.04416623430353184,0.040675193071365356,-0.09494203329086304,-0.034934525359687996,background
0.0,0.0,0.0,0.08673259615898132,-0.03212428092956543,-0.008799016917805602,0.14033660292625427,-0.0774642825126648,-0.023522030072967937,0.18239057064056396,-0.11001908779144287,-0.041831003012816836,0.22816282510757446,-0.13378995656967163,-0.056350612523715427,0.0948203057050705,-0.23916858434677124,-0.0026004079028325577,0.17495852708816528,-0.16916018724441528,-0.03591150182739966,0.15935704112052917,-0.10296618938446045,-0.05943884465352767,0.13154849410057068,-0.08547282218933105,-0.07391385126368277,0.07043828070163727,-0.2399662733078003,-0.014409203524451186,0.16009032726287842,-0.1576346755027771,-0.04368990797058814,0.13823604583740234,-0.0874587893486023,-0.051229090871970584,0.10727906227111816,-0.07102781534194946,-0.052968786540191104,0.048622921109199524,-0.2238250970840454,-0.030263808998029162,0.1333436667919159,-0.14150899648666382,-0.05854981157438033,0.11781693994998932,-0.07418543100357056,-0.054187328996817996,0.09258806705474854,-0.058352112770080566,-0.04584955933944457,0.031410396099090576,-0.1906701922416687,-0.048268934222619464,0.09615695476531982,-0.13021868467330933,-0.06360817092911475,0.08954408764839172,-0.07966667413711548,-0.05846839908019774,0.0705999881029129,-0.06499791145324707,-0.050808237376372745,background
0.0,0.0,0.0,0.09299967437982559,-0.017245233058929443,-0.002103136779453507,0.15844594687223434,-0.053780555725097656,-0.01399374559679245,0.21046223491430283,-0.07261526584625244,-0.030273036027040234,0.2589806243777275,-0.07950347661972046,-0.04256905514904474,0.14286204427480698,-0.22504442930221558,-2.208263197189808e-06,0.2244335636496544,-0.12456244230270386,-0.027566271761145344,0.1935114786028862,-0.07172733545303345,-0.04708644647308802,0.16410049051046371,-0.07589614391326904,-0.06142778966733431,0.11920783668756485,-0.21979963779449463,-0.015906964355792752,0.20492853969335556,-0.10021084547042847,-0.039495567718233815,0.16940947622060776,-0.05127352476119995,-0.04439251769491648,0.1400217041373253,-0.055206298828125,-0.048319919893231145,0.09633585065603256,-0.19326865673065186,-0.03510265324422335,0.17660459131002426,-0.07890915870666504,-0.05715516109177088,0.1457429751753807,-0.03291898965835571,-0.05208703775116419,0.11657438427209854,-0.035299718379974365,-0.04813665796228861,0.07611250132322311,-0.14897280931472778,-0.05622013557859873,0.14568760246038437,-0.06473326683044434,-0.07033711943932985,0.12518023699522018,-0.023665547370910645,-0.06728264961549257,0.09830344468355179,-0.019906580448150635,-0.06389785830089068,background
0.0,0.0,0.0,0.10050027072429657,-0.0115509033203125,0.00024070176276325128,0.18360108137130737,-0.034219980239868164,-0.01278805444327702,0.2496662139892578,-0.03238236904144287,-0.030804654493309158,0.30094408988952637,-0.017744362354278564,-0.045275246634460586,0.1990770697593689,-0.1933596134185791,-0.004731071557230848,0.27310389280319214,-0.08616888523101807,-0.03304713024137129,0.2841607332229614,-0.027738451957702637,-0.04810780464050879,0.28817445039749146,-0.0009514093399047852,-0.05660414500472655,0.17299026250839233,-0.18487173318862915,-0.022178916170574325,0.2536727786064148,-0.05677497386932373,-0.045964924528576034,0.24716156721115112,-0.009586334228515625,-0.04941356359360327,0.24132883548736572,-0.01309114694595337,-0.05064336015222182,0.1445174217224121,-0.15191102027893066,-0.04226452661988844,0.22358664870262146,-0.027895689010620117,-0.06297235740659346,0.20701611042022705,0.009879112243652344,-0.05606613485453238,0.1886763572692871,0.0029687881469726562,-0.049547562285638946,0.11591845750808716,-0.10075342655181885,-0.06415913058755507,0.18545466661453247,0.00513911247253418,-0.07606319887874236,0.17630761861801147,0.04111605882644653,-0.06998169971940627,0.1592283844947815,0.04044640064239502,-0.06321936650512328,background
0.0,0.0,0.0,0.07898913323879242,-0.04942899942398071,-0.003998813425795333,0.1710466593503952,-0.05960458517074585,-0.015076418613688247,0.23938189446926117,-0.028885066509246826,-0.030096710865990417,0.27746953070163727,0.016106605529785156,-0.0449091654472511,0.24111421406269073,-0.11577010154724121,-0.01696770193208863,0.3103582113981247,0.006157815456390381,-0.04337958360244443,0.33041657507419586,0.082855224609375,-0.060684607570664184,0.33679066598415375,0.13574397563934326,-0.069719718044297,0.21599970757961273,-0.09840619564056396,-0.02879864463736226,0.2825618237257004,0.055101990699768066,-0.04397834578682591,0.2977292090654373,0.137489914894104,-0.04811936358143498,0.30582381784915924,0.18972766399383545,-0.05062982181240727,0.18316160142421722,-0.05957818031311035,-0.042456382160679595,0.24895812571048737,0.09444040060043335,-0.05726590121318509,0.2646804004907608,0.16314709186553955,-0.05824688563276936,0.2720765918493271,0.20682752132415771,-0.05613245556284596,0.14573143422603607,-0.005531370639801025,-0.05772063249875714,0.19640867412090302,0.11963504552841187,-0.06673111880351712,0.19574488699436188,0.17046821117401123,-0.06409824753333737,0.19327808916568756,0.20114970207214355,-0.05859578514625241,background
0.0,0.0,0.0,-0.08894872665405273,-0.12081843614578247,0.0016842478228227264,-0.1159210205078125,-0.2233959436416626,-0.008927571047706806,-0.13667958974838257,-0.299990177154541,-0.026801718790693485,-0.1557154655456543,-0.36704766750335693,-0.04046589920358201,0.012027382850646973,-0.3292088508605957,0.014762366730110443,-0.0837823748588562,-0.3856692314147949,-0.0236646667315199,-0.11119002103805542,-0.30503982305526733,-0.04990566561059495,-0.09994000196456909,-0.2501428723335266,-0.06384470725492974,0.03546249866485596,-0.31226933002471924,-0.004611875787986719,-0.0866747498512268,-0.370463490486145,-0.041618515197797024,-0.11323189735412598,-0.28062736988067627,-0.050200757031007015,-0.09352809190750122,-0.2347387671470642,-0.05113124886588594,0.041827261447906494,-0.27900564670562744,-0.029062031228704654,-0.08226948976516724,-0.32297831773757935,-0.0626645576401188,-0.1027330756187439,-0.2405110001564026,-0.0494247716112568,-0.08044475317001343,-0.19991445541381836,-0.03480162510709306,0.030418455600738525,-0.23541265726089478,-0.05511044377522012,-0.06602418422698975,-0.26491647958755493,-0.07488375568823358,-0.08253616094589233,-0.21351170539855957,-0.06512493306831857,-0.06401103734970093,-0.18176031112670898,-0.05324981400804063,background
0.0,0.0,0.0,-0.0901411771774292,-0.10454016923904419,-0.001358539418276905,-0.11007708311080933,-0.19830554723739624,-0.010475380316336214,-0.1256670355796814,-0.2771022915840149,-0.02448181618746048,-0.1496371030807495,-0.34514760971069336,-0.03364906270797974,0.0171586275100708,-0.31111252307891846,0.016411136865656317,-0.08059149980545044,-0.3585870862007141,-0.0174994244873119,-0.09903115034103394,-0.28288733959198,-0.042141919925768434,-0.08344787359237671,-0.23042798042297363,-0.05414604578908211,0.032486915588378906,-0.3020017743110657,0.004606836970936001,-0.0949176549911499,-0.33572089672088623,-0.02974988144632107,-0.10920834541320801,-0.2521965503692627,-0.03925949518378502,-0.08419853448867798,-0.2081586718559265,-0.03977303762729889,0.028649628162384033,-0.27736330032348633,-0.011919182695407926,-0.09632682800292969,-0.3039410710334778,-0.04167825911935097,-0.10355371236801147,-0.22329604625701904,-0.032982917472679674,-0.07770442962646484,-0.18029701709747314,-0.020906558230478822,0.009285449981689453,-0.2449589967727661,-0.030253643140156328,-0.0881345272064209,-0.2528224587440491,-0.048931499913294374,-0.09568214416503906,-0.19494426250457764,-0.045033289089758455,-0.07347577810287476,-0.16418713331222534,-0.03647696782644516,background
0.0,0.0,0.0,-0.09405863285064697,-0.08782845735549927,0.0019347718122162405,-0.12417536973953247,-0.18144291639328003,-0.005427234187095564,-0.14475315809249878,-0.25589239597320557,-0.019502587928741377,-0.1682283878326416,-0.321294903755188,-0.02918082134362976,-0.012292981147766113,-0.31273728609085083,0.02879296398225506,-0.12057167291641235,-0.3348230719566345,-0.007316781985878151,-0.13495254516601562,-0.264384925365448,-0.03630102829572479,-0.11737114191055298,-0.21777230501174927,-0.050894838138788145,-0.0002570152282714844,-0.3100922703742981,0.013044617757827837,-0.1318446397781372,-0.30708009004592896,-0.020575192137926024,-0.13144665956497192,-0.2244681715965271,-0.03318903998967926,-0.09984105825424194,-0.18913614749908447,-0.03539847986337463,-0.003843963146209717,-0.28926926851272583,-0.008466961174576682,-0.12965363264083862,-0.27905189990997314,-0.036231018915145796,-0.12261217832565308,-0.19846636056900024,-0.0304515588426284,-0.0889846682548523,-0.16734397411346436,-0.02114312195715229,-0.019087672233581543,-0.25825417041778564,-0.03250970350143234,-0.11653727293014526,-0.24058526754379272,-0.04989169941779892,-0.11718189716339111,-0.18047744035720825,-0.046868313416212004,-0.09389126300811768,-0.15431678295135498,-0.038973853304355544,background
0.0,0.0,0.0,-0.0968397855758667,-0.06573867797851562,0.0029228868214090653,-0.13370835781097412,-0.13965386152267456,-0.00755906749799351,-0.1671958565711975,-0.19300419092178345,-0.024099635354275506,-0.1997610330581665,-0.23801261186599731,-0.036976721531743806,-0.038681745529174805,-0.28948378562927246,0.021637199052577216,-0.14763754606246948,-0.2947264313697815,-0.008767336069638532,-0.15329709649085999,-0.2265918254852295,-0.03412492240130405,-0.1298477053642273,-0.19252508878707886,-0.048009992039794724,-0.0324823260307312,-0.2862086296081543,0.00657794631734987,-0.15936625003814697,-0.2735995054244995,-0.01995960476159553,-0.15261006355285645,-0.2043284773826599,-0.02988396251856784,-0.1207423210144043,-0.18281835317611694,-0.03278390730082492,-0.03898811340332031,-0.2649352550506592,-0.012762562765772145,-0.15696609020233154,-0.2467505931854248,-0.0320430625444601,-0.14543962478637695,-0.1817353367805481,-0.025217930248970788,-0.11428916454315186,-0.16578149795532227,-0.018645352146620553,-0.05506664514541626,-0.23454922437667847,-0.03440304512440662,-0.14218801259994507,-0.20530986785888672,-0.04544969314991931,-0.13345015048980713,-0.1524432897567749,-0.04127307648121814,-0.10688149929046631,-0.1355639100074768,-0.034841437286729615,background
0.0,0.0,0.0,-0.08799731731414795,-0.06012463569641113,0.00661188604618701,-0.12622633576393127,-0.13121259212493896,-0.0005589002782357966,-0.153355211019516,-0.17824143171310425,-0.014407747813208971,-0.1804095208644867,-0.21374446153640747,-0.025348300502344046,-0.06523376703262329,-0.2848583459854126,0.025500885754183855,-0.19348901510238647,-0.23743396997451782,-0.007202198185666475,-0.189580500125885,-0.16674840450286865,-0.035713619009300146,-0.15673786401748657,-0.1378733515739441,-0.05135125146870223,-0.06786787509918213,-0.2833287715911865,0.008464393749193277,-0.20600011944770813,-0.22420519590377808,-0.020241476983471784,-0.19222816824913025,-0.15003854036331177,-0.033953359738632116,-0.15710297226905823,-0.13063311576843262,-0.03937964366440383,-0.07799828052520752,-0.26156389713287354,-0.012428841941698465,-0.2040662169456482,-0.20673149824142456,-0.03456401304964629,-0.1871834099292755,-0.13524103164672852,-0.030215347573800955,-0.15272670984268188,-0.12075918912887573,-0.024768393874808226,-0.0904165506362915,-0.2258644700050354,-0.03542122842435447,-0.1777910590171814,-0.1707324981689453,-0.05096639917854873,-0.16514891386032104,-0.1183469295501709,-0.04917035849456397,-0.13505196571350098,-0.11017566919326782,-0.04371192158822623,background
0.0,0.0,0.0,-0.09632489085197449,-0.04212749004364014,0.006256775891927191,-0.14885613322257996,-0.09451019763946533,-0.0010445262691405333,-0.19178542494773865,-0.13022011518478394,-0.0148417307449904,-0.2298886775970459,-0.16255295276641846,-0.024594720491620592,-0.09027639031410217,-0.25833660364151,0.03151490162923665,-0.19368091225624084,-0.21051931381225586,0.0057542202608260595,-0.177324116230011,-0.14569735527038574,-0.01977851804480224,-0.1448514759540558,-0.12381851673126221,-0.03458784897014766,-0.09074166417121887,-0.25572288036346436,0.015244794039574572,-0.203016996383667,-0.19426298141479492,-0.008659462483080915,-0.17889001965522766,-0.13223987817764282,-0.021890945771190218,-0.1445319652557373,-0.11808174848556519,-0.027180358806106142,-0.0986325740814209,-0.23495417833328247,-0.004545143378379635,-0.20215189456939697,-0.17400890588760376,-0.021138330960127405,-0.17585358023643494,-0.1144256591796875,-0.016090309285971216,-0.14200234413146973,-0.10479593276977539,-0.010413925202044538,-0.10966721177101135,-0.20049983263015747,-0.02631145905837684,-0.18592345714569092,-0.143105149269104,-0.037596173623057894,-0.16498029232025146,-0.09887611865997314,-0.03356994692370563,-0.13311812281608582,-0.09306979179382324,-0.02649342831358581,background
0.0,0.0,0.0,-0.09969696402549744,-0.010326385498046875,-0.0010853754965864937,-0.15754830837249756,-0.053037941455841064,-0.010800815713992051,-0.20116186141967773,-0.0837545394897461,-0.02537634928285115,-0.24080201983451843,-0.11736559867858887,-0.035203918409933976,-0.11830133199691772,-0.23170369863510132,0.025357768344292708,-0.21705269813537598,-0.1606115698814392,-0.005662256447067193,-0.19146737456321716,-0.10260647535324097,-0.03423679952084058,-0.15571630001068115,-0.09183865785598755,-0.05104861740528577,-0.1134260892868042,-0.2399914264678955,0.012330166468927928,-0.2239225208759308,-0.15218693017959595,-0.018687350270738534,-0.19010376930236816,-0.09363353252410889,-0.034305177224268846,-0.15151047706604004,-0.09304338693618774,-0.040141157401194505,-0.11599165201187134,-0.2263595461845398,-0.005015531615754298,-0.2176513671875,-0.1413976550102234,-0.029210216892352037,-0.18275165557861328,-0.08544492721557617,-0.023834328693737916,-0.1442277431488037,-0.08999484777450562,-0.016550907460441522,-0.12443915009498596,-0.1965300440788269,-0.024662915212502412,-0.19803360104560852,-0.11791503429412842,-0.04234097112475865,-0.1693497598171234,-0.07457935810089111,-0.03869688842951291,-0.13390058279037476,-0.08036714792251587,-0.03076190460978978,background
0.0,0.0,0.0,-0.0988054871559143,0.008724629878997803,-0.005872071303542725,-0.16049733757972717,-0.024906814098358154,-0.015263362370546929,-0.20620757341384888,-0.052118539810180664,-0.03040292817365753,-0.24815872311592102,-0.07992184162139893,-0.04049560199689495,-0.12704041600227356,-0.20226126909255981,0.032079214647296794,-0.20860517024993896,-0.13895052671432495,-0.007073632490005366,-0.18150594830513,-0.07876110076904297,-0.03873018692445385,-0.14296001195907593,-0.061157405376434326,-0.05414671222877132,-0.11942332983016968,-0.21543371677398682,0.020281751125935443,-0.21294215321540833,-0.1350882649421692,-0.021671512678381077,-0.17940741777420044,-0.06114751100540161,-0.03980888198327648,-0.14144954085350037,-0.057996392250061035,-0.04196552331757175,-0.11598995327949524,-0.2123011350631714,0.0016037596602700432,-0.20625129342079163,-0.13023638725280762,-0.03531852509092914,-0.17176145315170288,-0.061331212520599365,-0.03162641222786533,-0.1328684389591217,-0.0660170316696167,-0.01880336138617622,-0.11629575490951538,-0.19301235675811768,-0.019353374421712033,-0.18531090021133423,-0.12015902996063232,-0.041887769058462254,-0.1589398980140686,-0.07070332765579224,-0.037224435761686436,-0.12342458963394165,-0.07651358842849731,-0.025301267907138936,background
0.0,0.0,0.0,-0.09254637360572815,0.015784800052642822,-0.002824022670836257,-0.1542496681213379,-0.018247663974761963,-0.009297829124705004,-0.2001967430114746,-0.04659920930862427,-0.021659672263638186,-0.24320632219314575,-0.07186669111251831,-0.02881520986892383,-0.12742388248443604,-0.19484227895736694,0.029943879690392805,-0.20650389790534973,-0.13976305723190308,-0.005709536376969027,-0.17914465069770813,-0.07582861185073853,-0.03103683889247577,-0.1414751410484314,-0.057464659214019775,-0.04236302525140445,-0.11710268259048462,-0.20831531286239624,0.01777336001060803,-0.20867332816123962,-0.13541853427886963,-0.02083217539228599,-0.1756388545036316,-0.05882960557937622,-0.03267122805453937,-0.13768300414085388,-0.055320560932159424,-0.030561910945550608,-0.11003708839416504,-0.20587772130966187,-0.0007867586134011617,-0.198217511177063,-0.12745481729507446,-0.03748629987575214,-0.1628585159778595,-0.054785728454589844,-0.03031204827465217,-0.12408843636512756,-0.05931276082992554,-0.01476167328991096,-0.10539907217025757,-0.18679606914520264,-0.02094021998681228,-0.17279359698295593,-0.11574649810791016,-0.043834228071943926,-0.14784657955169678,-0.06402641534805298,-0.0379240475628535,-0.1129213273525238,-0.06965231895446777,-0.0250983182374398,background
0.0,0.0,0.0,-0.08761405944824219,0.004559993743896484,-0.0005186630913271983,-0.14690852165222168,-0.037407875061035156,-0.0057218212785414835,-0.19449752569198608,-0.06743615865707397,-0.017228719607203402,-0.23849350214004517,-0.09123736619949341,-0.024687842294781603,-0.11596688628196716,-0.2041732668876648,0.0304208390263625,-0.192704439163208,-0.1608484387397766,0.0007028438232623557,-0.17955312132835388,-0.09446501731872559,-0.021557771429627337,-0.14918893575668335,-0.06943684816360474,-0.032239823430984416,-0.10158997774124146,-0.2181154489517212,0.01734791247525891,-0.19240984320640564,-0.1611807942390442,-0.013176565818696417,-0.17374151945114136,-0.07912325859069824,-0.023372675121038355,-0.14075428247451782,-0.06583112478256226,-0.022440268486946024,-0.09054410457611084,-0.21564584970474243,-0.001372612026727893,-0.18140244483947754,-0.1516718864440918,-0.03185972833654205,-0.1617499589920044,-0.07709300518035889,-0.024958229452579417,-0.1271595060825348,-0.0716286301612854,-0.011411572635381617,-0.08465683460235596,-0.1944880485534668,-0.021461688742249407,-0.15772247314453125,-0.14253079891204834,-0.040984029710500636,-0.14499300718307495,-0.08803844451904297,-0.03358423972150604,-0.11402741074562073,-0.07993578910827637,-0.02075449639579574,background
0.0,0.0,0.0,-0.07809364795684814,-0.018182039260864258,-0.00016227360362108811,-0.12673309445381165,-0.07419294118881226,-0.002561438321265541,-0.16638493537902832,-0.11683571338653564,-0.011693779337349497,-0.20625683665275574,-0.1557532548904419,-0.01657647542202767,-0.09783270955085754,-0.22155308723449707,0.03359899953460399,-0.17362037301063538,-0.18772178888320923,-0.0006540327613606678,-0.1568509042263031,-0.12257349491119385,-0.025626881937625967,-0.12183335423469543,-0.0957689881324768,-0.036428824956658445,-0.08419084548950195,-0.23268800973892212,0.021232350771185793,-0.17300790548324585,-0.18806785345077515,-0.015572679187300764,-0.15192076563835144,-0.11243754625320435,-0.030618383507373892,-0.11600744724273682,-0.0883249044418335,-0.030932341660502516,-0.07248210906982422,-0.234666109085083,0.0028786913443923368,-0.16188859939575195,-0.18169701099395752,-0.03023633636081513,-0.13953256607055664,-0.11109250783920288,-0.027241148944142424,-0.10168015956878662,-0.09416717290878296,-0.015114581170621477,-0.06171828508377075,-0.2235279083251953,-0.01715752198839482,-0.13535380363464355,-0.1787511706352234,-0.038611003155949675,-0.12305495142936707,-0.12386691570281982,-0.035002854610922896,-0.09174755215644836,-0.10728591680526733,-0.02403967357719239,background
0.0,0.0,0.0,-0.0751301646232605,-0.027747273445129395,-0.0007918592890518994,-0.11850687861442566,-0.09795868396759033,-0.0019227180163170488,-0.14986100792884827,-0.15318965911865234,-0.009230670519059458,-0.18222734332084656,-0.19830375909805298,-0.013032016344254771,-0.05720549821853638,-0.24343597888946533,0.02896043751400157,-0.13737371563911438,-0.22553062438964844,-0.0014639872823636324,-0.13392001390457153,-0.15688055753707886,-0.0235802521928008,-0.1057632565498352,-0.12048083543777466,-0.03363203909236745,-0.04177314043045044,-0.24814748764038086,0.016978935338670453,-0.13858294486999512,-0.22360587120056152,-0.017725300975030223,-0.12963759899139404,-0.14391642808914185,-0.03140515740949468,-0.09836196899414062,-0.10849964618682861,-0.03157742228347615,-0.031835317611694336,-0.2429795265197754,-0.00036974548117996164,-0.13027390837669373,-0.21339023113250732,-0.03297780361015157,-0.11869585514068604,-0.13694167137145996,-0.02901419159013585,-0.08454364538192749,-0.10775107145309448,-0.016693190671389857,-0.02539372444152832,-0.22580379247665405,-0.019299306906646052,-0.10445213317871094,-0.20063167810440063,-0.042988884262626925,-0.10325592756271362,-0.14181822538375854,-0.04021142702538327,-0.0778307318687439,-0.11452239751815796,-0.030012323520963946,background
0.0,0.0,0.0,-0.07117414474487305,-0.03871119022369385,0.0006124835833816178,-0.11284029483795166,-0.11622804403305054,0.00016758811193540168,-0.14025741815567017,-0.1740180253982544,-0.0070695174019874685,-0.163648784160614,-0.22820281982421875,-0.010943801151597654,-0.040284156799316406,-0.2503262758255005,0.03370756654999241,-0.11488765478134155,-0.25300753116607666,0.0024201166722832568,-0.1237902045249939,-0.18333512544631958,-0.02086840198376194,-0.10460042953491211,-0.1390516757965088,-0.031498078266167795,-0.023628056049346924,-0.25167858600616455,0.02146484888157829,-0.11067473888397217,-0.2531619071960449,-0.01468818263151661,-0.11567246913909912,-0.16970670223236084,-0.03018873930909649,-0.09278303384780884,-0.12675726413726807,-0.030401907870555078,-0.010430455207824707,-0.2450096607208252,0.003758272146797026,-0.10163778066635132,-0.23982256650924683,-0.030204394841575777,-0.0994718074798584,-0.16046476364135742,-0.027998445564890062,-0.06979340314865112,-0.1251644492149353,-0.015898464256906664,0.00036072731018066406,-0.22782939672470093,-0.015053543271505987,-0.07671356201171875,-0.21953457593917847,-0.03840516881086842,-0.07785075902938843,-0.16273373365402222,-0.03548911587336079,-0.0526658296585083,-0.13504701852798462,-0.024581177169466173,background
0.0,0.0,0.0,-0.059768080711364746,-0.04397338628768921,0.0019656329365034253,-0.09641909599304199,-0.12987613677978516,0.0036920486433018596,-0.11650979518890381,-0.194652259349823,-0.001908570952195987,-0.12861216068267822,-0.25430530309677124,-0.005994198569510445,-0.03350341320037842,-0.22521501779556274,0.030684542185213104,-0.0659794807434082,-0.27559739351272583,0.005069048883910909,-0.10464668273925781,-0.2353731393814087,-0.01361966943875359,-0.11653369665145874,-0.18531787395477295,-0.022390950196836457,-0.008430063724517822,-0.23087573051452637,0.01683317711069776,-0.05477505922317505,-0.28662949800491333,-0.010476216399524674,-0.0927165150642395,-0.22382009029388428,-0.0229586900262575,-0.09256350994110107,-0.17227470874786377,-0.022820120403025612,0.01856553554534912,-0.22537535429000854,-0.0019460267670865505,-0.040719449520111084,-0.2650274634361267,-0.032367195659730896,-0.06516116857528687,-0.19832998514175415,-0.03248249339446829,-0.05088484287261963,-0.14981138706207275,-0.022672876441333756,0.04462558031082153,-0.20930123329162598,-0.021184248575423226,-0.019422292709350586,-0.23791074752807617,-0.04382269057020949,-0.04085654020309448,-0.1890087127685547,-0.040631551021192536,-0.02817457914352417,-0.14622128009796143,-0.03070877837524222,background
0.0,0.0,0.0,-0.04523557424545288,-0.0572587251663208,0.004232412173166722,-0.058511197566986084,-0.16207832098007202,0.006272349475636929,-0.06125283241271973,-0.23609960079193115,-0.0003771972279196234,-0.07105737924575806,-0.29578280448913574,-0.006176569530055076,0.01582890748977661,-0.24245500564575195,0.02842816800506398,0.01286172866821289,-0.31919026374816895,0.00198956506022796,-0.03412818908691406,-0.30664968490600586,-0.01579613893596843,-0.06373560428619385,-0.2647380232810974,-0.02289486400155738,0.04310053586959839,-0.23833584785461426,0.011963254741147011,0.019598186016082764,-0.3266635537147522,-0.014752073244437724,-0.03605246543884277,-0.28896576166152954,-0.024545897760674507,-0.05460125207901001,-0.2380947470664978,-0.02239580734936908,0.0701482892036438,-0.22123116254806519,-0.009419313662931472,0.030105650424957275,-0.29730045795440674,-0.04082079886762813,-0.01287984848022461,-0.2389853596687317,-0.039399168485090286,-0.015378236770629883,-0.1768578290939331,-0.027406276234671623,0.0954287052154541,-0.19210708141326904,-0.031149639779016525,0.044184982776641846,-0.2549089789390564,-0.05512560068933681,0.0041384100914001465,-0.21686148643493652,-0.05144938736526683,-0.0025709867477416992,-0.1644173264503479,-0.04068180083601192,background
0.0,0.0,0.0,-0.05123072862625122,-0.06259703636169434,0.002494044614422819,-0.06119132041931152,-0.17710238695144653,0.004191912490341565,-0.062065303325653076,-0.25837868452072144,-0.0031763058962042123,-0.06357258558273315,-0.3228038549423218,-0.007867301103260615,0.019034862518310547,-0.2490888237953186,0.035126248154256245,0.027332186698913574,-0.3467113971710205,0.011246470514151952,-0.01665109395980835,-0.3626275062561035,-0.004218006261226037,-0.048229336738586426,-0.34188270568847656,-0.010018275339689353,0.048386991024017334,-0.24105912446975708,0.018677295896623036,0.04450058937072754,-0.3545494079589844,-0.006266036291208366,-0.016878724098205566,-0.3535569906234741,-0.015815044042255977,-0.04656779766082764,-0.3266203999519348,-0.013757345486965278,0.0758063793182373,-0.22216933965682983,-0.003640337601837018,0.05338430404663086,-0.324789822101593,-0.03231436595001469,-0.01074153184890747,-0.29463720321655273,-0.03274966984668026,-0.03669530153274536,-0.24466240406036377,-0.022919561934259036,0.09658610820770264,-0.19340741634368896,-0.02693096942880402,0.05394834280014038,-0.27460920810699463,-0.047997309115316966,0.0018298625946044922,-0.25850409269332886,-0.046899380382683376,-0.0204811692237854,-0.21737271547317505,-0.039214765873339275,background
0.0,0.0,0.0,-0.06432032585144043,-0.06773078441619873,0.00182765177106603,-0.08073300123214722,-0.19116932153701782,0.004053979200591584,-0.08521836996078491,-0.2768702507019043,-0.003183718285242776,-0.09408271312713623,-0.342481791973114,-0.0074167121003370085,-0.007919013500213623,-0.26772910356521606,0.03878228694321706,0.002406179904937744,-0.37487804889678955,0.014709542059620162,-0.03718423843383789,-0.3977479934692383,-0.002969716422910551,-0.06772536039352417,-0.38479554653167725,-0.011105665451566438,0.02189481258392334,-0.2629627585411072,0.020562387557049533,0.03230118751525879,-0.3883931636810303,-0.006276697831879119,-0.022894203662872314,-0.40269535779953003,-0.020145761294941167,-0.057318031787872314,-0.38236987590789795,-0.021657983286957005,0.0497206449508667,-0.24566161632537842,-0.004210360328386287,0.04408764839172363,-0.3615570664405823,-0.03170244067786143,-0.017941653728485107,-0.3476916551589966,-0.03784433051822589,-0.048987746238708496,-0.3075963258743286,-0.03363291963813708,0.07347530126571655,-0.21874260902404785,-0.03034276932356761,0.04350388050079346,-0.3095027804374695,-0.0485440981375973,-0.00849539041519165,-0.30460113286972046,-0.05068196400878833,-0.03490793704986572,-0.27095168828964233,-0.04776934578893588,background
0.0,0.0,0.0,-0.06864690780639648,-0.054056406021118164,-0.007001009547877857,-0.10891461372375488,-0.17020690441131592,-0.008877594267744371,-0.12457525730133057,-0.2612725496292114,-0.01828411897810156,-0.12566763162612915,-0.32306748628616333,-0.023277559561449834,-0.04279834032058716,-0.2697400450706482,0.023562195467036418,-0.048496127128601074,-0.3916618227958679,-0.003640082908589193,-0.09287059307098389,-0.37698841094970703,-0.0221784033456629,-0.11006367206573486,-0.3286391496658325,-0.03052634118290598,-0.014122843742370605,-0.2708025574684143,0.011686689907890013,-0.023345887660980225,-0.4061310887336731,-0.019072362465578863,-0.0784502625465393,-0.38185811042785645,-0.033346931693870374,-0.09754621982574463,-0.32727646827697754,-0.03413760965855772,0.016725659370422363,-0.26017677783966064,-0.0066028477268105235,0.005053520202636719,-0.3819606304168701,-0.03373743897469694,-0.04927796125411987,-0.3520686626434326,-0.039272862730342695,-0.06729257106781006,-0.2977908253669739,-0.03482171824367697,0.05157196521759033,-0.23968052864074707,-0.026896556151825735,0.029517769813537598,-0.3353225588798523,-0.04382985016496832,-0.01746833324432373,-0.3276599049568176,-0.04641374504359419,-0.03861796855926514,-0.28848975896835327,-0.043722081241924116,background
0.0,0.0,0.0,-0.08230549097061157,-0.0619196891784668,-0.005094843287110962,-0.13582700490951538,-0.15195351839065552,-0.011799302253962196,-0.16099202632904053,-0.23060858249664307,-0.02704235941553179,-0.18433356285095215,-0.29247671365737915,-0.03883673280859057,-0.10246074199676514,-0.26252293586730957,0.03006442978596624,-0.13744056224822998,-0.34356361627578735,-0.006105672869921364,-0.1526842713356018,-0.2720678448677063,-0.03258459300184313,-0.14258140325546265,-0.20681053400039673,-0.04442944035315577,-0.06595426797866821,-0.2671019434928894,0.01547435175245937,-0.10789990425109863,-0.35634511709213257,-0.0227863493599898,-0.12604957818984985,-0.2697717547416687,-0.038882155273199714,-0.11331677436828613,-0.2018270492553711,-0.03911218449854914,-0.02152836322784424,-0.26437246799468994,-0.006051077343613542,-0.06893432140350342,-0.34835028648376465,-0.04248357594394747,-0.08903712034225464,-0.26257967948913574,-0.038790792528629936,-0.07705235481262207,-0.19536560773849487,-0.025182910565376915,0.030292868614196777,-0.25161147117614746,-0.029102623764515556,-0.02151280641555786,-0.3129626512527466,-0.05106657028579775,-0.04483664035797119,-0.2510673999786377,-0.042782709304333366,-0.036489009857177734,-0.19315427541732788,-0.029297141660094894,background
0.0,0.0,0.0,-0.07411617040634155,-0.04329800605773926,-0.022322057720884914,-0.13246679306030273,-0.12942254543304443,-0.035284225803479785,-0.1702452301979065,-0.19019269943237305,-0.048955594163999194,-0.20241355895996094,-0.24453771114349365,-0.06028647066341364,-0.0842900276184082,-0.26787590980529785,-0.01712155805216753,-0.13972258567810059,-0.25618433952331543,-0.05764190198169672,-0.1655498743057251,-0.1656983494758606,-0.08543825612650835,-0.16485118865966797,-0.10443776845932007,-0.09898137019263231,-0.028006374835968018,-0.2631795406341553,-0.02325733655379736,-0.09679949283599854,-0.22131788730621338,-0.05543245465742075,-0.12343007326126099,-0.11690467596054077,-0.06423715965138399,-0.12402385473251343,-0.05684971809387207,-0.06579338477240526,0.025275588035583496,-0.23367613554000854,-0.034658324879274005,-0.041420042514801025,-0.19148123264312744,-0.06980700508938753,-0.0657351016998291,-0.0890202522277832,-0.0592717276631447,-0.06623703241348267,-0.028039216995239258,-0.04577724726186716,0.07510107755661011,-0.18828672170639038,-0.04827178732739412,0.016641974449157715,-0.13755470514297485,-0.07481619433747255,-0.007890582084655762,-0.06255096197128296,-0.06462502942667925,-0.009867668151855469,-0.019976496696472168,-0.050154474538430804,background
0.0,0.0,0.0,-0.030054330825805664,-0.09970831871032715,-0.011905146616086881,-0.10109388828277588,-0.20729541778564453,-0.024647886718199175,-0.16794490814208984,-0.2719714045524597,-0.034335887844250124,-0.2255229949951172,-0.32114702463150024,-0.04734720926968805,-0.1464133858680725,-0.21112060546875,-0.051134212727234285,-0.26032936573028564,-0.21602517366409302,-0.07355667542903177,-0.32549208402633667,-0.21543192863464355,-0.08412008624760858,-0.3721716105937958,-0.2142447829246521,-0.09249393534152262,-0.15107125043869019,-0.14564907550811768,-0.058975315506145876,-0.2724606990814209,-0.10738474130630493,-0.08197104078023187,-0.24667078256607056,-0.08553123474121094,-0.07743871104209177,-0.20866656303405762,-0.08883458375930786,-0.07510035377232782,-0.15091383457183838,-0.06774461269378662,-0.06614878665892832,-0.2661382555961609,-0.03634929656982422,-0.08992294114320032,-0.2345801591873169,-0.020184576511383057,-0.06998181980340235,-0.19753342866897583,-0.02551722526550293,-0.057035802716896455,-0.14872831106185913,0.013155162334442139,-0.07373795550553552,-0.23663330078125,0.03153103590011597,-0.09827233743159525,-0.20488590002059937,0.04323732852935791,-0.08694077920405618,-0.16977375745773315,0.04031401872634888,-0.07645993571965448,skip back
0.0,0.0,0.0,-0.04173457622528076,-0.11381864547729492,0.013257439312113206,-0.1166570782661438,-0.21349984407424927,0.015369820472372453,-0.18121856451034546,-0.27848395705223083,0.01407760294951288,-0.22788000106811523,-0.31985363364219666,0.010067994770182054,-0.16759389638900757,-0.2499018907546997,-0.004661034728812297,-0.2726328372955322,-0.2601200044155121,-0.0194660443174115,-0.3361424207687378,-0.26854491233825684,-0.02814737700991543,-0.38649386167526245,-0.27673640847206116,-0.03459665545396717,-0.17729341983795166,-0.19419771432876587,-0.02015673735313328,-0.2813342213630676,-0.15218353271484375,-0.04006804519467266,-0.24780577421188354,-0.12096136808395386,-0.038713112409638484,-0.2070254683494568,-0.12137138843536377,-0.03373511874251278,-0.1852198839187622,-0.12065666913986206,-0.034538425441311915,-0.2735448479652405,-0.08070427179336548,-0.053356531943606456,-0.2380073070526123,-0.05237466096878052,-0.037644341524170954,-0.20400285720825195,-0.058264732360839844,-0.023283488984631617,-0.1869819164276123,-0.038649797439575195,-0.04760727279953869,-0.2612088918685913,-0.018037617206573486,-0.05859881260566624,-0.22629231214523315,0.002217590808868408,-0.04311377921276005,-0.1942487359046936,-0.002237558364868164,-0.02827053510718258,skip back
0.0,0.0,0.0,-0.03718209266662598,-0.10924017429351807,0.013996316231242645,-0.10257774591445923,-0.20092087984085083,0.012885991595140922,-0.165050208568573,-0.26429903507232666,0.00795831635539912,-0.21226787567138672,-0.3036826252937317,0.00015531450688399673,-0.15880435705184937,-0.23243731260299683,-0.01697558432871915,-0.26502954959869385,-0.24962151050567627,-0.03235709749216653,-0.3224966526031494,-0.2568049430847168,-0.037958272621580136,-0.3666876554489136,-0.2638833224773407,-0.041431923285671246,-0.169775128364563,-0.180006206035614,-0.03214091144556619,-0.26502639055252075,-0.13091343641281128,-0.04886928655261613,-0.23779910802841187,-0.0971212387084961,-0.042188194469162,-0.2026677131652832,-0.09767889976501465,-0.03634635068530656,-0.17624741792678833,-0.11059260368347168,-0.04516758479232408,-0.25483882427215576,-0.07025313377380371,-0.06090779312009431,-0.22697478532791138,-0.043181419372558594,-0.04243821732754327,-0.19524359703063965,-0.04692155122756958,-0.028685697243162167,-0.1801205277442932,-0.03428387641906738,-0.056877502129026425,-0.2425571084022522,-0.0197906494140625,-0.06547991268391229,-0.21567052602767944,-0.0003699064254760742,-0.04931399680728532,-0.18811273574829102,0.0006285905838012695,-0.035004486218639386,skip back
0.0,0.0,0.0,-0.03464639186859131,-0.10633915662765503,0.010791781343385765,-0.09411722421646118,-0.2003997266292572,0.008204029857978412,-0.15740209817886353,-0.26224851608276367,0.002640963516995498,-0.20686417818069458,-0.2990569472312927,-0.005306659747049025,-0.15117788314819336,-0.2316102385520935,-0.016854111120238713,-0.25750017166137695,-0.24181461334228516,-0.030722076088324002,-0.3166627585887909,-0.24805426597595215,-0.03624329903735202,-0.3617669343948364,-0.25434643030166626,-0.04058722221864741,-0.1627272367477417,-0.1780184805393219,-0.029951760560408047,-0.2507478594779968,-0.11728650331497192,-0.046091226875915936,-0.22418874502182007,-0.08658665418624878,-0.040846979260578564,-0.19082194566726685,-0.0906071662902832,-0.03710359150184672,-0.17107897996902466,-0.10745620727539062,-0.04121017643822711,-0.2455117106437683,-0.05961132049560547,-0.0555188227595238,-0.21873605251312256,-0.03505605459213257,-0.038334338009491375,-0.18895173072814941,-0.042754530906677246,-0.026697427049413136,-0.17678970098495483,-0.03186315298080444,-0.05160227233184855,-0.23885810375213623,-0.010405004024505615,-0.059995884090795926,-0.2132350206375122,0.009243965148925781,-0.04544952699555438,-0.18595492839813232,0.009414315223693848,-0.03277978488816302,skip back
0.0,0.0,0.0,-0.03313601016998291,-0.10380667448043823,0.01204617433793942,-0.09406059980392456,-0.1898224949836731,0.011392313247398533,-0.1539047360420227,-0.252325177192688,0.007350507384018101,-0.2030234932899475,-0.2873486876487732,0.0010670907384167094,-0.1496819257736206,-0.22717225551605225,-0.011753182666524253,-0.25217652320861816,-0.2386302947998047,-0.024058351101501785,-0.3097078204154968,-0.24557960033416748,-0.029957614647372566,-0.35399770736694336,-0.25316667556762695,-0.034626420395596824,-0.1648516058921814,-0.17758220434188843,-0.02448161113463243,-0.24577975273132324,-0.11095458269119263,-0.03911050762437185,-0.2223859429359436,-0.07664191722869873,-0.035441528814061485,-0.19026577472686768,-0.0764351487159729,-0.032553545938952766,-0.1748887300491333,-0.10937762260437012,-0.03527143578432401,-0.24122166633605957,-0.05715811252593994,-0.04816235955260595,-0.21623975038528442,-0.03160601854324341,-0.033518630819543205,-0.18765592575073242,-0.038396239280700684,-0.023482125060780845,-0.18054378032684326,-0.036108195781707764,-0.04520798082850774,-0.23278510570526123,-0.012799620628356934,-0.053092166589721046,-0.20809853076934814,0.008486926555633545,-0.04042365755341848,-0.1819266676902771,0.008866548538208008,-0.028883850010259948,skip back
0.0,0.0,0.0,-0.03164243698120117,-0.10385549068450928,0.012051340186928883,-0.09186232089996338,-0.18629765510559082,0.010667905205821171,-0.1505858302116394,-0.2464376986026764,0.006089156953578367,-0.19406676292419434,-0.29047703742980957,-0.0006448233090736721,-0.1486678123474121,-0.22712761163711548,-0.013519675476516113,-0.24889734387397766,-0.2381001114845276,-0.025981877004767284,-0.30745843052864075,-0.24347984790802002,-0.03162778542008482,-0.35282212495803833,-0.24972295761108398,-0.036314159637356624,-0.16423332691192627,-0.17785942554473877,-0.02617320046391569,-0.24190819263458252,-0.10767954587936401,-0.0396033302005776,-0.21836310625076294,-0.07405620813369751,-0.035052303230429516,-0.1869322657585144,-0.0762144923210144,-0.032168198382521496,-0.17409390211105347,-0.1099470853805542,-0.03680208698477827,-0.23568731546401978,-0.05227726697921753,-0.048742879187727794,-0.21094006299972534,-0.028303325176239014,-0.03455059975948416,-0.18359529972076416,-0.03796076774597168,-0.025434380402828083,-0.17999166250228882,-0.03672558069229126,-0.046563774352932796,-0.22966504096984863,-0.006492018699645996,-0.05436129496064268,-0.20380127429962158,0.015719056129455566,-0.042079459881449566,-0.17791283130645752,0.015322327613830566,-0.030916793277526722,skip back
0.0,0.0,0.0,-0.02957761287689209,-0.10357040166854858,0.013862076012429725,-0.09102761745452881,-0.1883886754512787,0.013739275543031226,-0.15228861570358276,-0.24565911293029785,0.0103801635857792,-0.19476443529129028,-0.2881513237953186,0.004764710815635453,-0.1460593342781067,-0.23061835765838623,-0.011964425647619237,-0.2474408745765686,-0.24223127961158752,-0.02373016739076661,-0.3069800138473511,-0.24599334597587585,-0.028765627386036385,-0.3528327941894531,-0.2496204376220703,-0.03300295511073159,-0.1623528003692627,-0.18132120370864868,-0.024882537515821923,-0.240911066532135,-0.1151883602142334,-0.03691503891533898,-0.21457171440124512,-0.08351635932922363,-0.03139247486180352,-0.18224447965621948,-0.08711564540863037,-0.027833200262847413,-0.1730586290359497,-0.11353754997253418,-0.03551948929018067,-0.23793810606002808,-0.05946469306945801,-0.04629392662829446,-0.21097123622894287,-0.03524833917617798,-0.03131931388563203,-0.18280547857284546,-0.04493606090545654,-0.021856987120571603,-0.17918407917022705,-0.0395580530166626,-0.045037840696039666,-0.2304234504699707,-0.009610414505004883,-0.05223223680442857,-0.2026667594909668,0.011297881603240967,-0.03946609535998391,-0.1759830117225647,0.0098724365234375,-0.028038344549003114,skip back
0.0,0.0,0.0,-0.030988574028015137,-0.10228109359741211,0.011739397826062259,-0.09350240230560303,-0.1885707974433899,0.010608186418579635,-0.15523111820220947,-0.24564659595489502,0.006804494591818866,-0.19747620820999146,-0.28741398453712463,0.0009277389006854264,-0.1459447741508484,-0.22993198037147522,-0.015449143541587773,-0.24712041020393372,-0.24271690845489502,-0.028379613129033032,-0.3071710467338562,-0.24597451090812683,-0.0340765505708589,-0.3534901440143585,-0.24870288372039795,-0.03852123167885679,-0.16275650262832642,-0.17826294898986816,-0.02732957114054102,-0.24174785614013672,-0.11268287897109985,-0.03999896493328947,-0.2159309983253479,-0.08173471689224243,-0.0345728262938394,-0.18330103158950806,-0.08495223522186279,-0.03128534701241392,-0.17411935329437256,-0.11005425453186035,-0.0370585448719396,-0.23803824186325073,-0.05656236410140991,-0.047964019296301785,-0.21143728494644165,-0.03386211395263672,-0.03305520263089079,-0.18304163217544556,-0.04323399066925049,-0.023825341431034985,-0.18138837814331055,-0.03689897060394287,-0.04586484056486029,-0.2328302264213562,-0.0063245296478271484,-0.05252807733191389,-0.2055150866508484,0.014017701148986816,-0.039619063553942624,-0.1789725422859192,0.012477517127990723,-0.028322841567529622,skip back
0.0,0.0,0.0,-0.02670830488204956,-0.10111474990844727,0.011965994847429329,-0.08354777097702026,-0.18802180886268616,0.009450662074101501,-0.13736116886138916,-0.244337260723114,0.00402382261441403,-0.1706244945526123,-0.27587661147117615,-0.004061099948870606,-0.1426839828491211,-0.23245179653167725,-0.018835686022924847,-0.24518737196922302,-0.24641546607017517,-0.031211713204669422,-0.306082159280777,-0.24743133783340454,-0.03684824878959603,-0.35366660356521606,-0.24745938181877136,-0.04191779519109673,-0.16133522987365723,-0.1817581057548523,-0.03134924719719834,-0.24132025241851807,-0.11455905437469482,-0.0430302972593779,-0.21555256843566895,-0.08266955614089966,-0.03767989377169556,-0.1834842562675476,-0.08503550291061401,-0.03502557227997727,-0.17372536659240723,-0.11278200149536133,-0.04123700583963341,-0.2384052872657776,-0.057124435901641846,-0.05009204695610947,-0.21146541833877563,-0.03448086977005005,-0.035279048482465214,-0.18250828981399536,-0.04176086187362671,-0.027036247650670475,-0.1817196011543274,-0.03737807273864746,-0.05032283614067978,-0.23330414295196533,-0.005062282085418701,-0.056452942887830204,-0.20643466711044312,0.014852285385131836,-0.04356708178906388,-0.17898350954055786,0.014517366886138916,-0.03252893860130257,skip back
0.0,0.0,0.0,-0.03191792964935303,-0.10331583023071289,0.009338907567212118,-0.09661895036697388,-0.1949831247329712,0.006828057249435915,-0.15918314456939697,-0.25774043798446655,0.0019633089149238003,-0.20190072059631348,-0.302065908908844,-0.0047669176520912515,-0.14496952295303345,-0.23602694272994995,-0.016986047247996794,-0.24664604663848877,-0.2465074062347412,-0.030592718491902815,-0.3065880537033081,-0.2477681040763855,-0.03656591228639172,-0.3529978394508362,-0.2487165331840515,-0.04161694399510907,-0.16102999448776245,-0.18538904190063477,-0.028743843878260122,-0.24446725845336914,-0.11533904075622559,-0.04311687625443028,-0.21903634071350098,-0.08177506923675537,-0.038270865897288786,-0.18737590312957764,-0.08514642715454102,-0.03539888686930226,-0.17267000675201416,-0.11720585823059082,-0.038763196537843214,-0.24024605751037598,-0.0570148229598999,-0.05075011901055859,-0.2128669023513794,-0.033989548683166504,-0.036177193144908415,-0.18462932109832764,-0.044543325901031494,-0.0275116910735278,-0.18044358491897583,-0.04366403818130493,-0.048212481061568724,-0.23267823457717896,-0.0066506266593933105,-0.05602421365176724,-0.20504742860794067,0.013988256454467773,-0.044359122733226286,-0.17895293235778809,0.010923683643341064,-0.03426424540077733,skip back
0.0,0.0,0.0,-0.032672345638275146,-0.10296005010604858,0.007511829529960323,-0.09819501638412476,-0.19618526101112366,0.004284902979691196,-0.16244786977767944,-0.26194292306900024,-0.0008626676480503193,-0.2040073275566101,-0.3131884038448334,-0.007765542677532267,-0.1449466347694397,-0.23281937837600708,-0.016967008317749332,-0.24656164646148682,-0.24188268184661865,-0.03080494372073872,-0.30527177453041077,-0.24189314246177673,-0.0370497074526952,-0.3501306176185608,-0.24258217215538025,-0.041914780120293926,-0.16037148237228394,-0.1806676983833313,-0.02735793819550736,-0.24430066347122192,-0.11493808031082153,-0.04188231794063313,-0.21852713823318481,-0.08181333541870117,-0.037115212957303356,-0.18575334548950195,-0.08544641733169556,-0.033791024665276836,-0.17126214504241943,-0.11202132701873779,-0.036249366084973644,-0.23970943689346313,-0.05802023410797119,-0.048881464133899044,-0.2130448818206787,-0.03372591733932495,-0.03459823174301846,-0.18403774499893188,-0.04322594404220581,-0.025449965576569866,-0.1783466339111328,-0.03911936283111572,-0.044540565888326,-0.23023641109466553,-0.007173717021942139,-0.05192494435135586,-0.20372158288955688,0.01339411735534668,-0.04008859066192372,-0.17750924825668335,0.011314988136291504,-0.029669985602538418,skip back
0.0,0.0,0.0,-0.031154870986938477,-0.10422396659851074,0.008446503257317772,-0.09341543912887573,-0.19849315285682678,0.0050879282075300125,-0.1569729447364807,-0.26440322399139404,-0.0003774189667922201,-0.19812160730361938,-0.312358021736145,-0.007972295569317112,-0.1413555145263672,-0.23377710580825806,-0.01879753003461815,-0.24411386251449585,-0.24247610569000244,-0.03283675218565918,-0.30319422483444214,-0.24128180742263794,-0.039066760042743454,-0.34801536798477173,-0.2414921522140503,-0.04389760101778961,-0.15747803449630737,-0.18158301711082458,-0.029871303761439094,-0.24120301008224487,-0.11728322505950928,-0.043777698824243316,-0.2166435718536377,-0.08295929431915283,-0.03854804317100502,-0.18457895517349243,-0.08539992570877075,-0.03525863046391464,-0.16878032684326172,-0.11306363344192505,-0.0392306243871019,-0.23776358366012573,-0.06059485673904419,-0.05099947581632591,-0.2123921513557434,-0.03490161895751953,-0.036229496995048294,-0.18359404802322388,-0.043469786643981934,-0.027146494189338455,-0.17615705728530884,-0.03947043418884277,-0.04791814664943672,-0.2306838035583496,-0.008889257907867432,-0.054660393098430404,-0.205877423286438,0.01200878620147705,-0.042129462758140335,-0.179764986038208,0.00975954532623291,-0.0314406400416658,skip back
0.0,0.0,0.0,-0.029570281505584717,-0.1008371114730835,0.011239290358730614,-0.08976489305496216,-0.1898556351661682,0.009401043998309433,-0.14721828699111938,-0.25143009424209595,0.004835871635236799,-0.18469840288162231,-0.29475492238998413,-0.0018910025197556024,-0.14224845170974731,-0.2337583303451538,-0.015627185692778767,-0.2440289855003357,-0.2440171241760254,-0.030460192700616062,-0.30348604917526245,-0.24636217951774597,-0.038299548318377674,-0.3493729829788208,-0.24878516793251038,-0.04420762403844947,-0.1587314009666443,-0.1823684573173523,-0.027775217657676876,-0.24151772260665894,-0.12039482593536377,-0.04275228350400084,-0.21570605039596558,-0.0858151912689209,-0.03841109841107482,-0.18219268321990967,-0.08783161640167236,-0.035118183931103886,-0.17080986499786377,-0.11372745037078857,-0.03798819973110312,-0.2395082712173462,-0.06596380472183228,-0.05150550871132964,-0.21286320686340332,-0.03834432363510132,-0.03651637106179351,-0.18299686908721924,-0.045626819133758545,-0.026219428395620525,-0.17850255966186523,-0.03928673267364502,-0.04722655459283942,-0.2310667634010315,-0.016239464282989502,-0.05572681768774146,-0.2042863368988037,0.005625784397125244,-0.042641783943167866,-0.17711973190307617,0.004660844802856445,-0.03070591284870261,skip back
0.0,0.0,0.0,-0.030759155750274658,-0.10019338130950928,0.011025472858278818,-0.0897405743598938,-0.19030344486236572,0.009234461316196985,-0.14824771881103516,-0.25093817710876465,0.004839505848764247,-0.19039249420166016,-0.2878386080265045,-0.001720912207559877,-0.14415442943572998,-0.2291380763053894,-0.016203235520691806,-0.24552583694458008,-0.24021586775779724,-0.029715884162754946,-0.30450665950775146,-0.24202540516853333,-0.03654750591394418,-0.34999144077301025,-0.2444869875907898,-0.041871232597799235,-0.1613457202911377,-0.17869162559509277,-0.02819605512794965,-0.2416898012161255,-0.11438482999801636,-0.04140138780948632,-0.21611392498016357,-0.07962721586227417,-0.03641383132216447,-0.1833145022392273,-0.08212220668792725,-0.033204650192232066,-0.17321264743804932,-0.11090493202209473,-0.03812287902709954,-0.23910486698150635,-0.05978912115097046,-0.049496633617849284,-0.2131064534187317,-0.033526599407196045,-0.03433497404930108,-0.18418771028518677,-0.04198390245437622,-0.024810194655032092,-0.1805848479270935,-0.03757786750793457,-0.04723355328914636,-0.23206192255020142,-0.011264681816101074,-0.05432392439124101,-0.20612424612045288,0.010236561298370361,-0.04106580620882028,-0.17968589067459106,0.008988797664642334,-0.02945993623015397,skip back
0.0,0.0,0.0,-0.029364049434661865,-0.0996633768081665,0.01351168899529398,-0.08654582500457764,-0.18272963166236877,0.012334227177433377,-0.14447957277297974,-0.2404595911502838,0.008132437790862923,-0.18672579526901245,-0.2781356871128082,0.0016848835741427592,-0.14422017335891724,-0.22582420706748962,-0.013594386552341575,-0.2456534504890442,-0.23663446307182312,-0.025672333699532146,-0.30452853441238403,-0.23870176076889038,-0.0314205255479294,-0.3493954539299011,-0.24092954397201538,-0.03577725255198061,-0.16105157136917114,-0.17520421743392944,-0.025995603215761776,-0.23984050750732422,-0.11261612176895142,-0.03689787947840273,-0.21439504623413086,-0.07916039228439331,-0.031028531876273746,-0.18148261308670044,-0.08079296350479126,-0.027438231197066898,-0.17228758335113525,-0.10726964473724365,-0.03607901224202692,-0.23609215021133423,-0.05846172571182251,-0.045063373085923786,-0.21087616682052612,-0.03279745578765869,-0.029607341077991123,-0.18269795179367065,-0.04008525609970093,-0.020241180819340343,-0.17908763885498047,-0.03389936685562134,-0.045077108231254215,-0.23061484098434448,-0.009987235069274902,-0.04998921641416132,-0.2043789029121399,0.011312603950500488,-0.035798482981391544,-0.17786896228790283,0.011471211910247803,-0.023702625569768543,skip back
0.0,0.0,0.0,-0.028377234935760498,-0.09979963302612305,0.011106254628373335,-0.08561384677886963,-0.18707120418548584,0.009143396376146029,-0.14577919244766235,-0.2467254400253296,0.00471467022083516,-0.1882879137992859,-0.2867510914802551,-0.001879255075493802,-0.14404571056365967,-0.22678512334823608,-0.01601459728323107,-0.24567705392837524,-0.23694270849227905,-0.02861479567133074,-0.3053666353225708,-0.23762762546539307,-0.0347180374874938,-0.35086655616760254,-0.238805890083313,-0.03936237925432806,-0.1613134741783142,-0.17547675967216492,-0.027351311312543203,-0.23966151475906372,-0.11261528730392456,-0.0389018551423419,-0.21471822261810303,-0.07946741580963135,-0.033347790034042646,-0.18204867839813232,-0.08112871646881104,-0.029882068650351812,-0.17279833555221558,-0.10695165395736694,-0.03649733299158697,-0.23626965284347534,-0.057780563831329346,-0.04647362688325529,-0.21114832162857056,-0.03222775459289551,-0.031432309092508603,-0.18246608972549438,-0.03936892747879028,-0.022088277058230688,-0.17976707220077515,-0.03275197744369507,-0.044686623753534604,-0.2307325005531311,-0.008411407470703125,-0.0503423147811759,-0.2045232057571411,0.01249539852142334,-0.036560860367046644,-0.17747318744659424,0.012501239776611328,-0.024589006693588544,skip back
0.0,0.0,0.0,-0.025977909564971924,-0.10047215223312378,0.011986903226699042,-0.08143436908721924,-0.18582499027252197,0.01041343746217649,-0.14011335372924805,-0.2444290816783905,0.0061390826802210086,-0.18144696950912476,-0.2858845591545105,-0.0005562138769334979,-0.1430903673171997,-0.2269006073474884,-0.015175787420247389,-0.24476838111877441,-0.23490333557128906,-0.028115218193505598,-0.303879976272583,-0.235306978225708,-0.03486618368444283,-0.34860098361968994,-0.23668548464775085,-0.03991151197371323,-0.16092699766159058,-0.17601722478866577,-0.02663753523049195,-0.23744428157806396,-0.11205387115478516,-0.03762474997458298,-0.21215027570724487,-0.08046352863311768,-0.03247430516896088,-0.1793840527534485,-0.08361572027206421,-0.029524283171866728,-0.1724623441696167,-0.1074036955833435,-0.0358241644364341,-0.23432934284210205,-0.05770784616470337,-0.045436151013944936,-0.20921772718429565,-0.03192007541656494,-0.030662374259208036,-0.18066513538360596,-0.0392918586730957,-0.021541613773678137,-0.1794644594192505,-0.03341478109359741,-0.04401205448922951,-0.22871649265289307,-0.008868753910064697,-0.04966418786463578,-0.20255708694458008,0.012314975261688232,-0.036242488459919286,-0.17604351043701172,0.012415170669555664,-0.02450243911263783,skip back
0.0,0.0,0.0,-0.027268052101135254,-0.09861040115356445,0.011250081213148633,-0.08409172296524048,-0.1836557388305664,0.00946939896974186,-0.1428663730621338,-0.24274533987045288,0.005251933561595479,-0.185696542263031,-0.2835273742675781,-0.001315938102123937,-0.14435285329818726,-0.22460001707077026,-0.016285928225187263,-0.24575024843215942,-0.232060968875885,-0.028969971722034416,-0.30461129546165466,-0.23238599300384521,-0.03540321279135128,-0.34899240732192993,-0.23399293422698975,-0.040265789514450034,-0.16182547807693481,-0.17272567749023438,-0.0275080709513702,-0.23791390657424927,-0.10961228609085083,-0.03852266285386463,-0.2122654914855957,-0.07902508974075317,-0.033150056636003455,-0.17928922176361084,-0.08269602060317993,-0.030136470010546645,-0.17317718267440796,-0.10364669561386108,-0.036464846020606956,-0.23464930057525635,-0.05475878715515137,-0.04631556782689472,-0.20951789617538452,-0.02930271625518799,-0.03144420895543476,-0.18089014291763306,-0.03665804862976074,-0.022278022280005416,-0.18031656742095947,-0.029581725597381592,-0.04445106748309513,-0.2296438217163086,-0.00629425048828125,-0.05040417451229473,-0.20296454429626465,0.014547169208526611,-0.03698198336925884,-0.1761130690574646,0.014739751815795898,-0.025260076185730895,skip back
0.0,0.0,0.0,-0.025513410568237305,-0.09969550371170044,0.013653484789784898,-0.0817456841468811,-0.18602824211120605,0.012354951037224282,-0.13836336135864258,-0.24564161896705627,0.007963723188396443,-0.16995108127593994,-0.29401999711990356,0.0011552964915892971,-0.1424182653427124,-0.22950738668441772,-0.013797399902585994,-0.24522089958190918,-0.23647230863571167,-0.02538219405138875,-0.30497485399246216,-0.23461425304412842,-0.03102095177197839,-0.3504163324832916,-0.23433101177215576,-0.035665660479907046,-0.1614263653755188,-0.177301287651062,-0.026223047951106082,-0.23958969116210938,-0.11497235298156738,-0.03616366846287633,-0.21178185939788818,-0.083310067653656,-0.030477837974075328,-0.1782023310661316,-0.08700019121170044,-0.027092454338315974,-0.1735292673110962,-0.10799992084503174,-0.036093636730555545,-0.23642581701278687,-0.059212446212768555,-0.04432635320151235,-0.2099042534828186,-0.03313261270523071,-0.02924666678333665,-0.18074369430541992,-0.04016530513763428,-0.020186934003476154,-0.18051427602767944,-0.03212738037109375,-0.044806062558535587,-0.2304469347000122,-0.008721888065338135,-0.04945136917555715,-0.20371747016906738,0.012248992919921875,-0.035305097082499515,-0.1761643886566162,0.01306372880935669,-0.023102975765112888,skip back
0.0,0.0,0.0,-0.027361571788787842,-0.09892606735229492,0.011831380841300643,-0.08442550897598267,-0.18475574254989624,0.010502864089772856,-0.1438249945640564,-0.24306944012641907,0.006558444765374816,-0.18579286336898804,-0.2831820249557495,0.00034013571681157373,-0.1445978283882141,-0.22767192125320435,-0.014371335092022264,-0.24709486961364746,-0.23442840576171875,-0.02635768387003168,-0.3065257668495178,-0.23374909162521362,-0.032451519328191125,-0.35114938020706177,-0.23469746112823486,-0.03708021860106214,-0.16287946701049805,-0.17600321769714355,-0.025730162444546067,-0.23968935012817383,-0.11156034469604492,-0.036599127161338174,-0.21339482069015503,-0.07941937446594238,-0.031707254755332315,-0.17987024784088135,-0.08299612998962402,-0.02866602088792547,-0.17501330375671387,-0.10695213079452515,-0.03477074723227247,-0.23694384098052979,-0.05727362632751465,-0.044118025857045495,-0.21153628826141357,-0.030731141567230225,-0.02985482435209974,-0.18257033824920654,-0.03844594955444336,-0.0209784261463426,-0.18282049894332886,-0.032349348068237305,-0.042805650788380945,-0.23188775777816772,-0.008527278900146484,-0.048280620533063257,-0.2053644061088562,0.012870848178863525,-0.03513105358464941,-0.17823892831802368,0.012833654880523682,-0.023450120869114244,skip back
0.0,0.0,0.0,-0.02931082248687744,-0.10230857133865356,0.010241475562963842,-0.08737033605575562,-0.19098854064941406,0.007979675802801012,-0.14989125728607178,-0.24995553493499756,0.003436041671250223,-0.19165074825286865,-0.2950534522533417,-0.0033058278249313844,-0.14537107944488525,-0.22695404291152954,-0.015861854281808974,-0.24811983108520508,-0.23287543654441833,-0.02848933483340943,-0.3075900375843048,-0.2310774326324463,-0.0345381780979892,-0.35248374938964844,-0.2311457395553589,-0.03886671210506165,-0.16343086957931519,-0.1733485758304596,-0.026451032933380247,-0.2406827211380005,-0.11221224069595337,-0.03763944129326546,-0.2144290804862976,-0.07950359582901001,-0.03229676778295243,-0.18074214458465576,-0.08197462558746338,-0.028708489936377646,-0.17507576942443848,-0.10395622253417969,-0.034896103989865424,-0.23668301105499268,-0.05651646852493286,-0.04423143560865128,-0.211591899394989,-0.030079543590545654,-0.02957774917462075,-0.18259358406066895,-0.03694051504135132,-0.020315476086523176,-0.1822962760925293,-0.029335379600524902,-0.04243886689522469,-0.23160433769226074,-0.006839931011199951,-0.04716393570282662,-0.20518332719802856,0.014086604118347168,-0.033366469990994574,-0.1780140995979309,0.014313578605651855,-0.021270314556147696,skip back
0.0,0.0,0.0,-0.02699148654937744,-0.10004961490631104,0.01634628942741756,-0.08195656538009644,-0.18647155165672302,0.01758433564140205,-0.14270943403244019,-0.24409332871437073,0.015651258291143222,-0.18666476011276245,-0.28310030698776245,0.011207766482073112,-0.14441907405853271,-0.22357982397079468,-0.009112592204076009,-0.24639171361923218,-0.23011714220046997,-0.018527801497441487,-0.3050483465194702,-0.22860270738601685,-0.022775763063293653,-0.34869271516799927,-0.22877657413482666,-0.02577336633072491,-0.1636841893196106,-0.17116084694862366,-0.02110037894414063,-0.23781085014343262,-0.11144250631332397,-0.027739948941928105,-0.21119612455368042,-0.08091390132904053,-0.021198989240986066,-0.17788392305374146,-0.08431762456893921,-0.017357173724633412,-0.17542076110839844,-0.10224306583404541,-0.03028171451256867,-0.23419225215911865,-0.056015074253082275,-0.03582131245599385,-0.20854276418685913,-0.029977798461914062,-0.020705166621667104,-0.18004626035690308,-0.03718674182891846,-0.011711099533897595,-0.18235260248184204,-0.028203129768371582,-0.03800572955475445,-0.22980046272277832,-0.008392632007598877,-0.03946864732967015,-0.20244324207305908,0.012131214141845703,-0.024524583830100255,-0.175340473651886,0.012842416763305664,-0.012054216465514855,skip back
0.0,0.0,0.0,-0.027635037899017334,-0.10084503889083862,0.017690229363580556,-0.08475357294082642,-0.18398821353912354,0.01996336983873448,-0.1460246443748474,-0.23936975002288818,0.018984302081008764,-0.18909448385238647,-0.27512258291244507,0.015421828389008851,-0.1446647047996521,-0.22077631950378418,-0.009362879075268893,-0.24650108814239502,-0.2263842523097992,-0.018968502856949954,-0.3063499927520752,-0.22381722927093506,-0.023706004820923,-0.3508681058883667,-0.22192847728729248,-0.027109094761470942,-0.16435778141021729,-0.1676967442035675,-0.021595313079814105,-0.2368253469467163,-0.10747885704040527,-0.028254148416380076,-0.20967727899551392,-0.07853877544403076,-0.021608433552245288,-0.17588579654693604,-0.08271563053131104,-0.01774250609443584,-0.17609232664108276,-0.09853261709213257,-0.030825936101535945,-0.23249894380569458,-0.051335275173187256,-0.035767772101024775,-0.20688050985336304,-0.02584540843963623,-0.020459278352717547,-0.17828154563903809,-0.03309619426727295,-0.0115217388199369,-0.18257182836532593,-0.02469158172607422,-0.038542282633642344,-0.22717827558517456,-0.0036330819129943848,-0.039423824153999476,-0.19945508241653442,0.016971051692962646,-0.024416903831223635,-0.17212820053100586,0.016891181468963623,-0.012052467890242724,skip back
0.0,0.0,0.0,-0.024678409099578857,-0.10082411766052246,0.01901783031050286,-0.07588404417037964,-0.18310457468032837,0.021476462302842947,-0.13378435373306274,-0.2362026572227478,0.02035965379897675,-0.1749798059463501,-0.2672343850135803,0.016570620058217855,-0.14427590370178223,-0.22241181135177612,-0.007774103613456873,-0.24601680040359497,-0.22591382265090942,-0.01669730822916904,-0.3058764934539795,-0.2207556962966919,-0.021584266977271227,-0.350786030292511,-0.2167203426361084,-0.025141852157076983,-0.16445142030715942,-0.17003408074378967,-0.020628420816620974,-0.2365056276321411,-0.10436421632766724,-0.02560197393771091,-0.20980143547058105,-0.07365673780441284,-0.019399581657609133,-0.176937997341156,-0.07740664482116699,-0.01624489779945293,-0.17587631940841675,-0.10048878192901611,-0.030281847523411898,-0.23234796524047852,-0.04874074459075928,-0.0336106849777309,-0.20645183324813843,-0.02399444580078125,-0.019288605259617952,-0.1781873106956482,-0.03230118751525879,-0.01155623252864757,-0.1815720796585083,-0.025963664054870605,-0.03834219108696857,-0.22622019052505493,-0.0004171133041381836,-0.03856067563768306,-0.1987566351890564,0.01977008581161499,-0.023785477684697298,-0.1714800000190735,0.01869112253189087,-0.011641889991125254,skip back
0.0,0.0,0.0,-0.0312572717666626,-0.09998095035552979,0.01565420874408119,-0.09047985076904297,-0.1850963830947876,0.016729884455116917,-0.15374428033828735,-0.237490713596344,0.014929305436226059,-0.19823837280273438,-0.269075870513916,0.010488093504818607,-0.14726203680038452,-0.2155608832836151,-0.012016712082413505,-0.2486017942428589,-0.21705815196037292,-0.02237636535414822,-0.30806687474250793,-0.21158075332641602,-0.02769991322406895,-0.3519054055213928,-0.20727801322937012,-0.031475437199560474,-0.16553133726119995,-0.16136497259140015,-0.02385552725741036,-0.23696047067642212,-0.09504282474517822,-0.031471100961653065,-0.2090386152267456,-0.06756001710891724,-0.025545426970211338,-0.17549020051956177,-0.07437819242477417,-0.022249567648259472,-0.17588162422180176,-0.09156233072280884,-0.032778607075897526,-0.232077956199646,-0.03820657730102539,-0.0387630177194751,-0.20538562536239624,-0.014310121536254883,-0.024355679144946407,-0.1767367720603943,-0.024187326431274414,-0.016085111861912083,-0.18144899606704712,-0.017654061317443848,-0.040345003222910236,-0.22433412075042725,0.009419560432434082,-0.0426915561313308,-0.1952286958694458,0.029123544692993164,-0.028840913763133358,-0.16790807247161865,0.026886582374572754,-0.017244487395373653,skip back
0.0,0.0,0.0,-0.03065943717956543,-0.10145819187164307,0.015962152134534335,-0.08782082796096802,-0.18617504835128784,0.01679953220104835,-0.1485515832901001,-0.2394099235534668,0.014412737775501228,-0.19050157070159912,-0.27567046880722046,0.009405975554045654,-0.15014058351516724,-0.21846693754196167,-0.01024286602819302,-0.25074851512908936,-0.21774601936340332,-0.020656658012512708,-0.3104521632194519,-0.21053415536880493,-0.026104481566790128,-0.3550020158290863,-0.20473897457122803,-0.030033049780968213,-0.1686840057373047,-0.16422981023788452,-0.02263808963084557,-0.23925811052322388,-0.09458178281784058,-0.03069885042691567,-0.2109081745147705,-0.06574058532714844,-0.025298708725813412,-0.17751091718673706,-0.07208901643753052,-0.022083621148112798,-0.17865341901779175,-0.09340262413024902,-0.032256882313731694,-0.23537135124206543,-0.03827393054962158,-0.03812140193963387,-0.20746761560440063,-0.014328300952911377,-0.023770140159967923,-0.17871832847595215,-0.024961352348327637,-0.015491449881437802,-0.18273448944091797,-0.017860889434814453,-0.040590695712808156,-0.2264024019241333,0.010451436042785645,-0.042946193043235326,-0.19682425260543823,0.029399096965789795,-0.02895876174056866,-0.16957855224609375,0.02589893341064453,-0.017054967258218312,skip back
0.0,0.0,0.0,-0.029711663722991943,-0.09956300258636475,0.015157785453851602,-0.0850062370300293,-0.1849646270275116,0.016098186560924432,-0.14544057846069336,-0.23777228593826294,0.014033912868256948,-0.19064253568649292,-0.2677311599254608,0.009491694347019575,-0.15107214450836182,-0.2150576114654541,-0.010076384804193594,-0.25037920475006104,-0.21665626764297485,-0.02047215755933962,-0.30949825048446655,-0.20886129140853882,-0.02629792112762175,-0.35359615087509155,-0.20209640264511108,-0.030343055537883856,-0.16910022497177124,-0.16161787509918213,-0.021690180337969878,-0.23851603269577026,-0.09208506345748901,-0.029517391509358504,-0.2110048532485962,-0.06382769346237183,-0.024709787032549002,-0.1782301664352417,-0.0697985291481018,-0.022000938466732123,-0.17850369215011597,-0.09138667583465576,-0.030556348896567442,-0.23445504903793335,-0.035869479179382324,-0.03667217660600386,-0.20667612552642822,-0.012772321701049805,-0.023201433754508116,-0.1780705451965332,-0.02314174175262451,-0.0154166452577158,-0.18247008323669434,-0.016906440258026123,-0.03814236614758215,-0.22456002235412598,0.011950552463531494,-0.04060819912606917,-0.19504141807556152,0.030156970024108887,-0.027218658289854147,-0.16800934076309204,0.026442766189575195,-0.015764862111751654,skip back
0.0,0.0,0.0,-0.030109107494354248,-0.10007679462432861,0.01457986653451826,-0.08667886257171631,-0.18616461753845215,0.015367550297128219,-0.14942246675491333,-0.2374611496925354,0.013472298613237399,-0.19460535049438477,-0.2659345865249634,0.009016615791665572,-0.1498415470123291,-0.21458134055137634,-0.012006201328290445,-0.24963846802711487,-0.21535831689834595,-0.02251704830075596,-0.3089069724082947,-0.20649802684783936,-0.028175013618124467,-0.35308945178985596,-0.19865453243255615,-0.03214227455998753,-0.16820496320724487,-0.16092512011528015,-0.02311044420446251,-0.23660987615585327,-0.09027087688446045,-0.03078133101905678,-0.20867621898651123,-0.06228494644165039,-0.025615387143147927,-0.17627859115600586,-0.06889790296554565,-0.022816367925656778,-0.17782354354858398,-0.0908823013305664,-0.03140974837685917,-0.23253273963928223,-0.03371196985244751,-0.037260462076915246,-0.204642653465271,-0.010679125785827637,-0.02370367619539593,-0.17633169889450073,-0.021290481090545654,-0.016013043479574662,-0.182048499584198,-0.016668319702148438,-0.03845327767874096,-0.22386085987091064,0.013223767280578613,-0.040672015877021295,-0.19432467222213745,0.031702280044555664,-0.027328646288765412,-0.16731250286102295,0.027985453605651855,-0.016040988744748574,skip back
0.0,0.0,0.0,-0.02928715944290161,-0.09973835945129395,0.013403044965798472,-0.08778619766235352,-0.1847536563873291,0.013432055663997744,-0.15096402168273926,-0.23752018809318542,0.01100566512786827,-0.19410794973373413,-0.2718610167503357,0.006087272845888947,-0.14936649799346924,-0.2187533974647522,-0.013992839540605928,-0.24922099709510803,-0.2171507179737091,-0.025278925012116815,-0.30893707275390625,-0.20887792110443115,-0.031051234389906313,-0.35374194383621216,-0.20178928971290588,-0.03529589162326374,-0.1675449013710022,-0.16537749767303467,-0.025257780264382745,-0.2371441125869751,-0.0925290584564209,-0.03464124635911503,-0.20869702100753784,-0.06354230642318726,-0.029671563814645197,-0.1761433482170105,-0.07060444355010986,-0.026605201001530077,-0.1776105761528015,-0.09505438804626465,-0.03383010910010853,-0.2322821021080017,-0.03563809394836426,-0.04163125441527882,-0.20449626445770264,-0.011401116847991943,-0.028356448794966127,-0.17668288946151733,-0.02286750078201294,-0.020349510993128206,-0.18259382247924805,-0.019930779933929443,-0.04119390160894909,-0.22484159469604492,0.011825263500213623,-0.045369687537913705,-0.19480514526367188,0.03155118227005005,-0.0327448612556509,-0.1678268313407898,0.027370750904083252,-0.0215900885418705,skip back
0.0,0.0,0.0,-0.029867887496948242,-0.10290426015853882,0.015798301056946684,-0.0879812240600586,-0.18798604607582092,0.017196242318476607,-0.15004795789718628,-0.24039974808692932,0.015559785620297362,-0.1923145055770874,-0.2746681869029999,0.011234677948976923,-0.149952232837677,-0.2160300612449646,-0.009832475713466238,-0.24947479367256165,-0.21530047059059143,-0.019052411808644365,-0.3083226680755615,-0.20743036270141602,-0.02399375420716865,-0.3520030081272125,-0.2014843225479126,-0.027608939825569223,-0.1684620976448059,-0.16161125898361206,-0.021194986446772646,-0.2364445924758911,-0.09136134386062622,-0.02810718436447246,-0.20848554372787476,-0.06290513277053833,-0.02310762871709926,-0.17540425062179565,-0.0689132809638977,-0.020317602350388597,-0.17830097675323486,-0.0913851261138916,-0.029593863903556894,-0.23210328817367554,-0.035581886768341064,-0.034224274947320055,-0.20475924015045166,-0.012244105339050293,-0.02109373678175075,-0.17630618810653687,-0.022373199462890625,-0.013838614716206621,-0.1826971173286438,-0.017360329627990723,-0.03663807307091815,-0.22397732734680176,0.01164090633392334,-0.03782502134052379,-0.19480937719345093,0.030106306076049805,-0.024610364257370065,-0.16770660877227783,0.02658259868621826,-0.01348604206648929,skip back
0.0,0.0,0.0,-0.030170679092407227,-0.10014396905899048,0.014060839792193747,-0.0880083441734314,-0.18486568331718445,0.014761694488527155,-0.15026026964187622,-0.23443740606307983,0.012825441328288889,-0.19468426704406738,-0.26304155588150024,0.008527712678016997,-0.15114253759384155,-0.21533697843551636,-0.011768473530707979,-0.2508876919746399,-0.21519705653190613,-0.022125525618491793,-0.3102208971977234,-0.2053210735321045,-0.02754026673227372,-0.35411590337753296,-0.19650799036026,-0.0313518682816607,-0.16909420490264893,-0.16151294112205505,-0.022721249828634882,-0.23742419481277466,-0.08936524391174316,-0.030975230256615305,-0.20945405960083008,-0.06030857563018799,-0.02624733954161229,-0.17704451084136963,-0.06726974248886108,-0.023525165612397814,-0.17888730764389038,-0.09151166677474976,-0.03094322069972577,-0.2337125539779663,-0.03340548276901245,-0.037122726658878946,-0.20617175102233887,-0.009470760822296143,-0.024108771453200006,-0.1780053973197937,-0.020854294300079346,-0.016624437863526964,-0.18334496021270752,-0.017536938190460205,-0.03795858121901574,-0.22563397884368896,0.01351463794708252,-0.040690139154492044,-0.19637447595596313,0.03258150815963745,-0.027906341696677828,-0.16927462816238403,0.027997195720672607,-0.016824914360938692,skip back
0.0,0.0,0.0,-0.03169828653335571,-0.10110872983932495,0.015161748782162476,-0.08902758359909058,-0.18517842888832092,0.015445046864812184,-0.14950162172317505,-0.23822444677352905,0.012635504633550454,-0.19139808416366577,-0.2743162512779236,0.007314896948997784,-0.15258890390396118,-0.21483048796653748,-0.010327324464554977,-0.25176993012428284,-0.2132585048675537,-0.02034144122862358,-0.31067147850990295,-0.20364254713058472,-0.025794144913191985,-0.3546738624572754,-0.19552269577980042,-0.029743669747944068,-0.17043888568878174,-0.16087231040000916,-0.021891143366332244,-0.23755401372909546,-0.08862751722335815,-0.029477091699476432,-0.2094477415084839,-0.060662806034088135,-0.02456090991162796,-0.17692440748214722,-0.06775569915771484,-0.02187191900574703,-0.1798054575920105,-0.09017562866210938,-0.030669599964852523,-0.23329925537109375,-0.03245556354522705,-0.0361342320289566,-0.20561593770980835,-0.009549617767333984,-0.022724302678938102,-0.17736631631851196,-0.020633697509765625,-0.015180564678843211,-0.18381547927856445,-0.01571667194366455,-0.038185686066384505,-0.22520536184310913,0.014301180839538574,-0.0401424655761673,-0.1956748366355896,0.033022940158843994,-0.026715856238837432,-0.16883474588394165,0.029026389122009277,-0.01532183420621891,skip back
0.0,0.0,0.0,-0.031554222106933594,-0.10210162401199341,0.015625168166991443,-0.08793950080871582,-0.18837720155715942,0.016830249287124843,-0.15066313743591309,-0.23931053280830383,0.0150820720642173,-0.19423210620880127,-0.2729373574256897,0.010714356385108204,-0.1516541838645935,-0.21091806888580322,-0.01014275423443678,-0.2506723999977112,-0.2102871537208557,-0.019206799037817746,-0.30904728174209595,-0.20060640573501587,-0.0235677728728092,-0.35271185636520386,-0.19255271553993225,-0.02667455881095293,-0.1695135235786438,-0.15698429942131042,-0.021445316664937764,-0.23649746179580688,-0.08623915910720825,-0.027626254998210698,-0.20933347940444946,-0.0582161545753479,-0.021977014310721188,-0.17690163850784302,-0.06476426124572754,-0.019001820527080326,-0.17828023433685303,-0.08699947595596313,-0.02983719988918665,-0.23187744617462158,-0.030375897884368896,-0.03417382522678736,-0.20531034469604492,-0.007806003093719482,-0.020427040226820736,-0.17758041620254517,-0.018208563327789307,-0.012907671213213234,-0.18172425031661987,-0.01306682825088501,-0.036875241838458805,-0.22390925884246826,0.016597390174865723,-0.03756025194383028,-0.19542980194091797,0.03469192981719971,-0.02374366059160593,-0.16923505067825317,0.031253695487976074,-0.012370681792560845,skip back
0.0,0.0,0.0,-0.029421985149383545,-0.10345470905303955,0.014618398637963992,-0.08442699909210205,-0.1916705071926117,0.015789619663252097,-0.1475089192390442,-0.24503284692764282,0.014212562718881827,-0.1913396120071411,-0.28035807609558105,0.010073151455713969,-0.15042531490325928,-0.21212005615234375,-0.010326679779694814,-0.24953106045722961,-0.21267026662826538,-0.019555271586881418,-0.3085782527923584,-0.20466095209121704,-0.02391533272574975,-0.3531643748283386,-0.19826853275299072,-0.027102976089821595,-0.16894090175628662,-0.15865188837051392,-0.021509909054742593,-0.23817479610443115,-0.09173154830932617,-0.02847482728074624,-0.21129465103149414,-0.06280559301376343,-0.0230237794877155,-0.17841953039169312,-0.06732416152954102,-0.019698801434145707,-0.1778421401977539,-0.08952969312667847,-0.029923317006335992,-0.2318434715270996,-0.035327017307281494,-0.03545759150992467,-0.20569956302642822,-0.011139869689941406,-0.02210277782987191,-0.17787867784500122,-0.01986008882522583,-0.014309941774712343,-0.1811819076538086,-0.016491055488586426,-0.037005419826613206,-0.22350621223449707,0.011135697364807129,-0.03859765732894971,-0.19488483667373657,0.029970407485961914,-0.025088240376220483,-0.16809958219528198,0.02725166082382202,-0.013690080477402944,skip back
0.0,0.0,0.0,-0.02808588743209839,-0.10228347778320312,0.015822322746686268,-0.08047258853912354,-0.19085025787353516,0.017266811510495472,-0.14256739616394043,-0.24568843841552734,0.015685384800605107,-0.18458330631256104,-0.2853785753250122,0.011458133054844666,-0.14932996034622192,-0.2132599651813507,-0.008130407253332805,-0.24853116273880005,-0.21388500928878784,-0.015232398467190933,-0.3061563968658447,-0.20503473281860352,-0.018511591771670055,-0.3496641516685486,-0.1994897425174713,-0.021240961099096012,-0.1684349775314331,-0.16160821914672852,-0.019416321361489963,-0.2342613935470581,-0.09349393844604492,-0.023828260893054676,-0.20741701126098633,-0.06402063369750977,-0.01835969492239542,-0.17596054077148438,-0.06861960887908936,-0.015660519072838497,-0.17804312705993652,-0.0938839316368103,-0.027702153021522236,-0.22848033905029297,-0.03780168294906616,-0.030290941068955135,-0.2028132677078247,-0.013275086879730225,-0.017467700237460804,-0.17606550455093384,-0.022286593914031982,-0.010941462883778286,-0.18281012773513794,-0.021420657634735107,-0.03463302023155279,-0.22324883937835693,0.007145404815673828,-0.03402867383701391,-0.19485288858413696,0.026077687740325928,-0.02048456511838026,-0.16813969612121582,0.023756086826324463,-0.009463156865962219,skip back
0.0,0.0,0.0,-0.02785360813140869,-0.10138636827468872,0.014995181313622652,-0.08118200302124023,-0.18907424807548523,0.015990476435888468,-0.14311623573303223,-0.24569526314735413,0.013845718777645288,-0.18384695053100586,-0.29225122928619385,0.009051403342652975,-0.1492183804512024,-0.20997416973114014,-0.008139609978627504,-0.24835750460624695,-0.21398258209228516,-0.01593461880935365,-0.3061601221561432,-0.20569372177124023,-0.019373547905217947,-0.3491777777671814,-0.20068341493606567,-0.02212450342727834,-0.16756939888000488,-0.1610139012336731,-0.019199256473314108,-0.2326585054397583,-0.09312736988067627,-0.025007390105258764,-0.20725888013839722,-0.06110572814941406,-0.02053180585158998,-0.1760944128036499,-0.06527560949325562,-0.018236848213803114,-0.17700839042663574,-0.0948096513748169,-0.027432080977689566,-0.2276272177696228,-0.038890957832336426,-0.03194844598425561,-0.20331507921218872,-0.011612653732299805,-0.019852219768893065,-0.17624390125274658,-0.01938849687576294,-0.013160393261443915,-0.18244564533233643,-0.023769259452819824,-0.034280980625283064,-0.22270387411117554,0.006505012512207031,-0.035076229521166624,-0.19585615396499634,0.02680283784866333,-0.02233197974516088,-0.16931849718093872,0.024721741676330566,-0.01148987157745296,skip back
0.0,0.0,0.0,-0.027141332626342773,-0.10167580842971802,0.012629630227735333,-0.07981675863265991,-0.18910646438598633,0.012364065458228879,-0.13989996910095215,-0.24571257829666138,0.00943294558410912,-0.1799391508102417,-0.29246750473976135,0.004161647238930755,-0.148645281791687,-0.21132659912109375,-0.011522230508575149,-0.2477923035621643,-0.21685776114463806,-0.021233244615444846,-0.30596232414245605,-0.20950216054916382,-0.025934505092749305,-0.34959521889686584,-0.20436304807662964,-0.029648377376446433,-0.166467547416687,-0.16201946139335632,-0.022230201217183776,-0.23366987705230713,-0.0938909649848938,-0.030367272722372718,-0.20759952068328857,-0.06215912103652954,-0.02622671127582521,-0.1762615442276001,-0.06629729270935059,-0.024148347603926368,-0.1758180856704712,-0.0958547592163086,-0.030397285523662276,-0.22798502445220947,-0.039272189140319824,-0.03731968701148958,-0.20241636037826538,-0.013386130332946777,-0.024273213746795363,-0.17530149221420288,-0.022075951099395752,-0.016616740080365844,-0.18089944124221802,-0.025205910205841064,-0.037394241246232696,-0.22245681285858154,0.004791319370269775,-0.040267978611240096,-0.19427216053009033,0.024592161178588867,-0.027075032519945808,-0.16731280088424683,0.021815836429595947,-0.015701883288869567,skip back
0.0,0.0,0.0,-0.02761000394821167,-0.09950453042984009,0.014366235427672791,-0.07950294017791748,-0.18686681985855103,0.014547422371919083,-0.13856595754623413,-0.24506139755249023,0.011729346431906151,-0.17727220058441162,-0.29387709498405457,0.006372646737958121,-0.14864832162857056,-0.20701947808265686,-0.00966974363464601,-0.24810457229614258,-0.2129732370376587,-0.0178365494756747,-0.3062211871147156,-0.20594900846481323,-0.021352195337300373,-0.34908750653266907,-0.20146170258522034,-0.024295103892569614,-0.16618472337722778,-0.158727765083313,-0.020691412657384944,-0.23212653398513794,-0.09120160341262817,-0.0270092684476424,-0.20558369159698486,-0.060957491397857666,-0.022010843425874782,-0.17404323816299438,-0.0654759407043457,-0.019669438868646694,-0.17497146129608154,-0.09320777654647827,-0.028975463628654552,-0.22591537237167358,-0.036062419414520264,-0.03392831903684623,-0.2002357840538025,-0.011299550533294678,-0.020548896089081836,-0.17355835437774658,-0.02017831802368164,-0.013275693327074123,-0.1797574758529663,-0.02327173948287964,-0.03593007770169265,-0.22026026248931885,0.007463634014129639,-0.03683129248011596,-0.19178485870361328,0.026522517204284668,-0.02303166051197536,-0.16541123390197754,0.02350074052810669,-0.011755412600820137,skip back
0.0,0.0,0.0,-0.026595890522003174,-0.10008752346038818,0.012499565021386161,-0.077595055103302,-0.18731582164764404,0.01180007378130199,-0.13727718591690063,-0.24532747268676758,0.008493219265034213,-0.177459716796875,-0.2933330833911896,0.002816665214737668,-0.1493467092514038,-0.20825791358947754,-0.01154990890503882,-0.24882805347442627,-0.21348658204078674,-0.02003276464969872,-0.3072566092014313,-0.2055048942565918,-0.023688496327707753,-0.35099679231643677,-0.2005387842655182,-0.026900879344651685,-0.16673815250396729,-0.16071990132331848,-0.022020650333473668,-0.23228085041046143,-0.09175938367843628,-0.029051975584337697,-0.2056683897972107,-0.061757564544677734,-0.024409572831103787,-0.17467862367630005,-0.06708037853240967,-0.022245613164017186,-0.17525893449783325,-0.09536105394363403,-0.029841828397223935,-0.22603589296340942,-0.036891162395477295,-0.03573693265647648,-0.19998294115066528,-0.012125253677368164,-0.022629867545077786,-0.17366546392440796,-0.021769225597381592,-0.015365545875141606,-0.17973482608795166,-0.025281250476837158,-0.03648437117666958,-0.22030234336853027,0.006812393665313721,-0.03872095724076985,-0.19125932455062866,0.02590256929397583,-0.02550078859061955,-0.16470938920974731,0.022424638271331787,-0.01438184292496203,skip back
0.0,0.0,0.0,-0.026682913303375244,-0.10130578279495239,0.015575946768365156,-0.0780642032623291,-0.18807822465896606,0.016481764142952215,-0.13602852821350098,-0.24573183059692383,0.014291996596000445,-0.17321085929870605,-0.2943715453147888,0.009508016978941214,-0.14865046739578247,-0.20647668838500977,-0.009990733588495004,-0.2482331395149231,-0.21245521306991577,-0.017774425918617,-0.3064638674259186,-0.20542368292808533,-0.020891517872371423,-0.34992122650146484,-0.20105507969856262,-0.023749128455676782,-0.16607213020324707,-0.1585022509098053,-0.021471864084162462,-0.2334267497062683,-0.091519296169281,-0.027504288131751764,-0.20664703845977783,-0.06179600954055786,-0.02181083383635496,-0.17491930723190308,-0.06676864624023438,-0.019069305161394823,-0.17451417446136475,-0.09343481063842773,-0.03001407953576063,-0.22638481855392456,-0.03680312633514404,-0.03444000566975092,-0.20023399591445923,-0.01248931884765625,-0.02019669721499895,-0.17360281944274902,-0.02158254384994507,-0.012515080633022535,-0.17856311798095703,-0.02363044023513794,-0.03717800090686296,-0.21990907192230225,0.006678104400634766,-0.03784992779270624,-0.19094038009643555,0.02522587776184082,-0.023685204336800325,-0.16438966989517212,0.022114455699920654,-0.012276968459048021,skip back
0.0,0.0,0.0,-0.027820110321044922,-0.10094159841537476,0.015138238979773178,-0.08054763078689575,-0.18848669528961182,0.015782824097470893,-0.13969308137893677,-0.24713197350502014,0.013510084091024055,-0.17637884616851807,-0.2979690432548523,0.008730371794001712,-0.15134352445602417,-0.20600390434265137,-0.009021293060584412,-0.25088536739349365,-0.21134638786315918,-0.015695674033565865,-0.3089103698730469,-0.2036401331424713,-0.018201600448890076,-0.3519657850265503,-0.1993202567100525,-0.02075315421978985,-0.16892069578170776,-0.15759721398353577,-0.019999749647183762,-0.23492282629013062,-0.09054160118103027,-0.024924186678333626,-0.207561194896698,-0.061064958572387695,-0.019157997952504502,-0.17576688528060913,-0.06673675775527954,-0.01647826439301525,-0.17735278606414795,-0.09215891361236572,-0.028055267097158776,-0.22820794582366943,-0.03547459840774536,-0.03161387300650631,-0.20191723108291626,-0.01128077507019043,-0.017814024971528397,-0.17541217803955078,-0.02093517780303955,-0.010615011365814553,-0.1814061999320984,-0.022469520568847656,-0.034715680094166146,-0.2221388816833496,0.007366478443145752,-0.03468948757807766,-0.19299066066741943,0.026037096977233887,-0.020619634227557526,-0.16643822193145752,0.022822797298431396,-0.009374495284362183,skip back
0.0,0.0,0.0,-0.03001314401626587,-0.10256296396255493,0.013787571588210312,-0.08460432291030884,-0.1902700662612915,0.013974543908290116,-0.1433178186416626,-0.2501284182071686,0.011216636063210217,-0.1793941855430603,-0.30318859219551086,0.006099859034321753,-0.15243059396743774,-0.20818626880645752,-0.008375333374686988,-0.2510890066623688,-0.21282663941383362,-0.015649464665301593,-0.30872249603271484,-0.20522519946098328,-0.018623827709205898,-0.3519395887851715,-0.200825035572052,-0.021524402065523418,-0.1689792275428772,-0.1595698595046997,-0.019221720038302692,-0.23543763160705566,-0.09244149923324585,-0.02514876866186455,-0.2080390453338623,-0.06399595737457275,-0.019912504343636783,-0.1766868233680725,-0.07049375772476196,-0.017471787272342,-0.17679232358932495,-0.09379076957702637,-0.027479699565418514,-0.22828418016433716,-0.037683069705963135,-0.03233606995488003,-0.2019484043121338,-0.01372826099395752,-0.018441851003416332,-0.1755945086479187,-0.02323704957962036,-0.01075940740699366,-0.1803905963897705,-0.023488521575927734,-0.034522159708984645,-0.22280055284500122,0.006026923656463623,-0.03542214886689976,-0.19423353672027588,0.024495363235473633,-0.021331590352900776,-0.16798263788223267,0.021853387355804443,-0.009865558458812984,skip back
0.0,0.0,0.0,-0.029592037200927734,-0.1004018783569336,0.016572633472861753,-0.08228856325149536,-0.18631130456924438,0.017572194052519308,-0.13914120197296143,-0.24474835395812988,0.01521210064518641,-0.17601889371871948,-0.2940122187137604,0.010344904562117563,-0.15168458223342896,-0.20486187934875488,-0.00852162419479896,-0.2512243092060089,-0.20886486768722534,-0.01550858962011148,-0.30852794647216797,-0.20046153664588928,-0.018040141376076235,-0.35063260793685913,-0.19536462426185608,-0.020386612328110232,-0.1679670214653015,-0.1559048295021057,-0.020525805937467112,-0.23411035537719727,-0.08898496627807617,-0.025803374411879076,-0.20664507150650024,-0.06088149547576904,-0.01978101051074077,-0.17473268508911133,-0.06754404306411743,-0.016907530190763964,-0.17546063661575317,-0.08984124660491943,-0.029554881440816416,-0.22630244493484497,-0.0345454216003418,-0.03360475628298332,-0.2001374363899231,-0.010735511779785156,-0.019128430920062556,-0.17368197441101074,-0.020352423191070557,-0.011255678074775233,-0.178974449634552,-0.019783318042755127,-0.03709181426685859,-0.22101503610610962,0.00867164134979248,-0.03715725644153167,-0.19232481718063354,0.027297496795654297,-0.022361643897710337,-0.16600275039672852,0.024656236171722412,-0.010548722284255518,skip back
0.0,0.0,0.0,-0.02930694818496704,-0.1001507043838501,0.014034298641462328,-0.0826956033706665,-0.1868046522140503,0.014455918615539076,-0.14008808135986328,-0.24558699131011963,0.011827833412070277,-0.17735815048217773,-0.29470571875572205,0.006825209988136294,-0.15244102478027344,-0.20366263389587402,-0.008915978090982435,-0.25133028626441956,-0.20809775590896606,-0.015907120498042104,-0.3080487847328186,-0.19918274879455566,-0.01849853301249027,-0.350014865398407,-0.19408529996871948,-0.021146696599345205,-0.16822898387908936,-0.15585383772850037,-0.019910490678768156,-0.23449009656906128,-0.0864417552947998,-0.025878115164260862,-0.20707988739013672,-0.057760775089263916,-0.020648018064122198,-0.17588090896606445,-0.06509226560592651,-0.01828425990245819,-0.17567753791809082,-0.09095966815948486,-0.028269142450909612,-0.22648704051971436,-0.03291040658950806,-0.03298519605598926,-0.1997368335723877,-0.008998095989227295,-0.019314406978111265,-0.17362189292907715,-0.019504666328430176,-0.01192343754522085,-0.17907869815826416,-0.021844089031219482,-0.035442486943821905,-0.2203890085220337,0.00979524850845337,-0.03663138354025364,-0.19163495302200317,0.028413116931915283,-0.023187626691679952,-0.1655341386795044,0.024692654609680176,-0.012261694835643766,skip back
0.0,0.0,0.0,-0.028444528579711914,-0.09986847639083862,0.014747671282236752,-0.08100003004074097,-0.18552902340888977,0.015547144657318768,-0.1380302906036377,-0.24424031376838684,0.01328714141840237,-0.17574149370193481,-0.29250428080558777,0.008721269166414913,-0.15107685327529907,-0.20327556133270264,-0.00860001755660278,-0.2496320605278015,-0.20830011367797852,-0.015755404287631336,-0.3067588210105896,-0.19937008619308472,-0.018445874133760753,-0.3492325246334076,-0.1936720609664917,-0.020936036983187023,-0.1676669716835022,-0.15454217791557312,-0.019611038768346134,-0.23398101329803467,-0.08802521228790283,-0.025261143723184887,-0.20662188529968262,-0.06030142307281494,-0.01938914557700855,-0.1751421093940735,-0.06735056638717651,-0.016441036516482654,-0.17561542987823486,-0.0888528823852539,-0.02793270772104961,-0.22569352388381958,-0.03380030393600464,-0.032243857660944286,-0.1994275450706482,-0.010681629180908203,-0.017878126853759113,-0.17348366975784302,-0.020735561847686768,-0.009906898753399673,-0.1793491244316101,-0.019632577896118164,-0.03499285368030769,-0.2199001908302307,0.008617281913757324,-0.035241218784506145,-0.1910003423690796,0.02707153558731079,-0.02075175059741241,-0.16490519046783447,0.024248719215393066,-0.009077138768191162,skip back
0.0,0.0,0.0,-0.029667556285858154,-0.09905236959457397,0.012163820267943493,-0.0830802321434021,-0.1849416196346283,0.011109670215574852,-0.1398429274559021,-0.24519485235214233,0.007255886272815815,-0.1767323613166809,-0.29599571228027344,0.0011603929440582306,-0.15116173028945923,-0.20335471630096436,-0.011593821867080578,-0.24991437792778015,-0.2078489065170288,-0.020433526894720444,-0.30749785900115967,-0.19910928606987,-0.02400118339684809,-0.3502362370491028,-0.1934185028076172,-0.027090719378264794,-0.16737008094787598,-0.15549960732460022,-0.022327825835617432,-0.23401933908462524,-0.0866783857345581,-0.03012885007885302,-0.2066677212715149,-0.05834376811981201,-0.02517540980008448,-0.17518842220306396,-0.06540977954864502,-0.022611950001390824,-0.1754743456840515,-0.09034621715545654,-0.03065506037202681,-0.22552192211151123,-0.03254979848861694,-0.03708136495080794,-0.19928646087646484,-0.009258091449737549,-0.023272116145761856,-0.17338532209396362,-0.02003312110900879,-0.0153097672748288,-0.17970597743988037,-0.02102452516555786,-0.03795479278889502,-0.2204437255859375,0.010082483291625977,-0.04023245017853583,-0.19155514240264893,0.028325438499450684,-0.026644453814895996,-0.16552448272705078,0.02461099624633789,-0.015323293803902516,skip back
0.0,0.0,0.0,-0.02871018648147583,-0.10081589221954346,0.013086958448951691,-0.08167499303817749,-0.18752458691596985,0.012821962717538327,-0.1401984691619873,-0.24704605340957642,0.009768563914661854,-0.17807883024215698,-0.2975728511810303,0.004389162301634997,-0.15066391229629517,-0.2056708037853241,-0.010032117706174404,-0.24969828128814697,-0.21128487586975098,-0.01826183438711837,-0.3072063624858856,-0.20257019996643066,-0.021659204144413025,-0.3498643636703491,-0.19659650325775146,-0.024581433613235504,-0.1675540804862976,-0.15823012590408325,-0.020646327514583618,-0.2338753342628479,-0.08985960483551025,-0.027343222279483825,-0.20654720067977905,-0.060873329639434814,-0.022114831362301857,-0.17516964673995972,-0.06733119487762451,-0.019528813068205864,-0.17580485343933105,-0.09309762716293335,-0.028750880960757286,-0.2264670729637146,-0.035904526710510254,-0.03451796375625804,-0.1997411847114563,-0.011600494384765625,-0.020597986285025627,-0.17349708080291748,-0.021455585956573486,-0.012654165145391971,-0.17965644598007202,-0.023611485958099365,-0.03566615783088878,-0.22088515758514404,0.006442546844482422,-0.037375730801755935,-0.19169414043426514,0.025529086589813232,-0.02340849988573268,-0.1653834581375122,0.02265220880508423,-0.011858952571088821,skip back
0.0,0.0,0.0,-0.026588022708892822,-0.1004517674446106,0.015031656410400274,-0.07719957828521729,-0.1884119212627411,0.016075819890801313,-0.13630622625350952,-0.2465246319770813,0.014130626965169313,-0.1755726933479309,-0.2934955954551697,0.009811677198712232,-0.15007507801055908,-0.20541125535964966,-0.008089475173647998,-0.2493884265422821,-0.21235454082489014,-0.014614621017273066,-0.30675458908081055,-0.202997624874115,-0.016913849700387118,-0.34885573387145996,-0.1970542073249817,-0.019156589944060443,-0.16741222143173218,-0.15789192914962769,-0.019025113273556826,-0.23267215490341187,-0.09016621112823486,-0.023825611759122012,-0.2049577236175537,-0.062068283557891846,-0.017920594502385256,-0.1735648512840271,-0.06973040103912354,-0.015173478823300002,-0.1757293939590454,-0.09255963563919067,-0.02719560622065842,-0.22526013851165771,-0.035298705101013184,-0.03107698245733559,-0.19818401336669922,-0.011740446090698242,-0.017024133194382784,-0.1720922589302063,-0.022581398487091064,-0.009487492803629038,-0.1798626184463501,-0.02272021770477295,-0.034016415316756365,-0.22009581327438354,0.007006466388702393,-0.03409143148749649,-0.1904885172843933,0.025977909564971924,-0.019720842901762126,-0.1640729308128357,0.02241271734237671,-0.008209740582998393,skip back
0.0,0.0,0.0,-0.02653658390045166,-0.10372722148895264,0.012369878084967922,-0.07972437143325806,-0.19474118947982788,0.012087909930954766,-0.13969147205352783,-0.25678348541259766,0.00913794008792479,-0.1778610348701477,-0.30826085805892944,0.0037759362790836803,-0.14904212951660156,-0.21055182814598083,-0.010864158666123558,-0.24886131286621094,-0.21954327821731567,-0.018923976963748146,-0.30720460414886475,-0.21097856760025024,-0.021940085610737015,-0.3507780134677887,-0.2050403356552124,-0.02464162515698831,-0.16691404581069946,-0.1612074077129364,-0.02110890070198934,-0.23584312200546265,-0.09870833158493042,-0.027620683929313827,-0.2089213728904724,-0.0696764588356018,-0.02230095261930387,-0.17689329385757446,-0.07517725229263306,-0.019610212689627815,-0.1760454773902893,-0.09466290473937988,-0.028838237321366478,-0.23003369569778442,-0.043743252754211426,-0.03481149817108076,-0.20337724685668945,-0.018346965312957764,-0.021241763180483986,-0.17568016052246094,-0.025856435298919678,-0.013420333659638572,-0.18105661869049072,-0.02384120225906372,-0.03533873850702207,-0.22465193271636963,0.0016761422157287598,-0.0372297889947788,-0.19559413194656372,0.02045130729675293,-0.023565150371183563,-0.168052077293396,0.018400609493255615,-0.01220650276391666,skip back
0.0,0.0,0.0,-0.02849787473678589,-0.106548011302948,0.011525844643443861,-0.08549225330352783,-0.20072898268699646,0.01124888793620471,-0.1422520875930786,-0.26492780447006226,0.008050505491524973,-0.18066835403442383,-0.31581082940101624,0.002804884408220687,-0.1510779857635498,-0.21921506524085999,-0.009945639920800886,-0.2498713731765747,-0.23166298866271973,-0.020555255514949522,-0.3084180951118469,-0.22427257895469666,-0.02487722556051608,-0.35163000226020813,-0.21870756149291992,-0.0281929350918233,-0.1668652892112732,-0.16660809516906738,-0.02138686696943637,-0.2433326244354248,-0.111408531665802,-0.03179321582373973,-0.2161046266555786,-0.0815114974975586,-0.02634767028447982,-0.1821223497390747,-0.08544975519180298,-0.02273765350636836,-0.1753150224685669,-0.09712982177734375,-0.03109186845776435,-0.23703783750534058,-0.05494314432144165,-0.04192578191813823,-0.21012723445892334,-0.029841959476470947,-0.02722947816309329,-0.18092554807662964,-0.03566533327102661,-0.017259615985125265,-0.17875629663467407,-0.02417457103729248,-0.03958645979818698,-0.23029333353042603,-0.0061280131340026855,-0.04531679446753856,-0.20255708694458008,0.01205676794052124,-0.03139760116991397,-0.17500931024551392,0.010979771614074707,-0.019272280437320433,skip back
0.0,0.0,0.0,-0.044411659240722656,-0.1067812442779541,0.013420624802677139,-0.11348164081573486,-0.20160186290740967,0.011020409087507232,-0.17345112562179565,-0.2649691700935364,0.00423307638135384,-0.21901017427444458,-0.30867233872413635,-0.0024204960513429796,-0.1578928828239441,-0.24194946885108948,-0.012797085424097077,-0.2688024640083313,-0.19278359413146973,-0.03693987414720823,-0.24121242761611938,-0.15354299545288086,-0.048825222854645745,-0.20401179790496826,-0.15163183212280273,-0.05304742962601949,-0.16270065307617188,-0.18412548303604126,-0.029671229277880684,-0.2652008533477783,-0.12875306606292725,-0.04763858378413488,-0.2325649857521057,-0.09768998622894287,-0.04596738502863218,-0.19679367542266846,-0.10212922096252441,-0.04415136561277677,-0.16648465394973755,-0.11554640531539917,-0.04598431274774839,-0.25669777393341064,-0.070689857006073,-0.06348984301570226,-0.2228596806526184,-0.04525858163833618,-0.04879600540283491,-0.18889498710632324,-0.050155818462371826,-0.037354752277167336,-0.16807079315185547,-0.040392279624938965,-0.06083295852425863,-0.24137508869171143,-0.021290183067321777,-0.07390117258313467,-0.2100999355316162,0.0005208849906921387,-0.0608441753733473,-0.1793910264968872,0.0015423893928527832,-0.047698829178841606,skip back
0.0,0.0,0.0,-0.04363149404525757,-0.10232794284820557,0.0023370538964968546,-0.12787890434265137,-0.1823323369026184,-0.010778264595558085,-0.21256500482559204,-0.19310486316680908,-0.025036046734442152,-0.2700020670890808,-0.16715401411056519,-0.03833254285751764,-0.14797985553741455,-0.24367153644561768,-0.037336757859577574,-0.2783994674682617,-0.18476539850234985,-0.06975012131630365,-0.24834871292114258,-0.1432822346687317,-0.08432397105394784,-0.2104749083518982,-0.14675629138946533,-0.09099065371452753,-0.1451905369758606,-0.18206900358200073,-0.053650120726217665,-0.2775648236274719,-0.12028813362121582,-0.07936563946901742,-0.2404668927192688,-0.09069424867630005,-0.07524660088716928,-0.20224642753601074,-0.09698116779327393,-0.07229440518318597,-0.14265179634094238,-0.10500329732894897,-0.06953669198452417,-0.26389288902282715,-0.05752825736999512,-0.09514711656271402,-0.223879873752594,-0.033839285373687744,-0.07559562333523218,-0.18516510725021362,-0.04158759117126465,-0.060773069491972365,-0.14046144485473633,-0.021641135215759277,-0.08460129656492654,-0.23399442434310913,0.00030690431594848633,-0.106288990458836,-0.20107120275497437,0.018418967723846436,-0.09298728265463296,-0.16630429029464722,0.016044914722442627,-0.07997638591228906,skip back
0.0,0.0,0.0,-0.05848419666290283,-0.09537726640701294,-0.009025523440413963,-0.1595851182937622,-0.16490095853805542,-0.030729238876574527,-0.25144314765930176,-0.1521778106689453,-0.051273631864660274,-0.3024894595146179,-0.10659021139144897,-0.07124057319151689,-0.15013623237609863,-0.24371904134750366,-0.05641951691495706,-0.27923792600631714,-0.17633682489395142,-0.09027063008534242,-0.26625436544418335,-0.1220884919166565,-0.10152891185271073,-0.23685979843139648,-0.11786586046218872,-0.10648177471148301,-0.12730765342712402,-0.18493938446044922,-0.06969208177315522,-0.2632371783256531,-0.09691983461380005,-0.10053751524674226,-0.23280704021453857,-0.06697350740432739,-0.0975161856054001,-0.19612109661102295,-0.0771598219871521,-0.0965037709115677,-0.11163067817687988,-0.10677295923233032,-0.08244415279614259,-0.23994988203048706,-0.029577791690826416,-0.11234108265625764,-0.20461833477020264,-0.009396374225616455,-0.09657887276398469,-0.16781914234161377,-0.020770370960235596,-0.08534988667952348,-0.10521382093429565,-0.02246493101119995,-0.09449382033335496,-0.21044331789016724,0.024316728115081787,-0.11982238199698259,-0.18213123083114624,0.0377507209777832,-0.11004432942854692,-0.147932767868042,0.029033243656158447,-0.10047369357334901,skip back
0.0,0.0,0.0,-0.0778842568397522,-0.0707244873046875,-0.006103785074969892,-0.17386841773986816,-0.1284785270690918,-0.0197734328170327,-0.2481963038444519,-0.1317843794822693,-0.033157752658894424,-0.30021944642066956,-0.12510818243026733,-0.04875558411674774,-0.17113804817199707,-0.23111361265182495,-0.040925154294541244,-0.27387022972106934,-0.1436225175857544,-0.0684322545488385,-0.2808833718299866,-0.06505340337753296,-0.08027099614935196,-0.2579231858253479,-0.02641075849533081,-0.08594492619829452,-0.1401006579399109,-0.18910712003707886,-0.051714202221205596,-0.2473510503768921,-0.0803370475769043,-0.07673250680761612,-0.2512960433959961,-0.0013332962989807129,-0.08269669657545364,-0.2347118854522705,0.0381733775138855,-0.08847778832512176,-0.11354660987854004,-0.12531930208206177,-0.061706607993414764,-0.21635299921035767,-0.023499011993408203,-0.08593060618238724,-0.21793091297149658,0.045040905475616455,-0.0803777182658223,-0.20383214950561523,0.07352334260940552,-0.07735980099039352,-0.09221559762954712,-0.05283522605895996,-0.07076802646713531,-0.18076860904693604,0.034196674823760986,-0.09497271275120056,-0.17994266748428345,0.07947200536727905,-0.09000815993147171,-0.16650927066802979,0.09256511926651001,-0.08299069648580826,skip back
0.0,0.0,0.0,0.06160387396812439,-0.08360671997070312,0.024690014215337897,0.14420974254608154,-0.09055131673812866,0.03232110189102855,0.19592556357383728,-0.033798277378082275,0.03712916644118991,0.226386159658432,0.02264481782913208,0.03989577190779414,0.18606409430503845,-0.1341228485107422,-0.0005698333627890406,0.2859143614768982,-0.15111255645751953,-0.0008440018066551147,0.3421958088874817,-0.1585642695426941,0.0037210231164124252,0.3877037763595581,-0.168237566947937,0.006511425970273876,0.1958114504814148,-0.07561814785003662,-0.0202669865468863,0.3081802725791931,-0.07736960053443909,-0.02994062109090123,0.37337613105773926,-0.07323417067527771,-0.03337800232864652,0.42430466413497925,-0.07580354809761047,-0.03355393288828168,0.19380837678909302,-0.010975539684295654,-0.036078062934649324,0.29598233103752136,0.016185879707336426,-0.05049454895950589,0.3565881848335266,0.03365731239318848,-0.06164396284319196,0.4041806161403656,0.04004251956939697,-0.06724541364408765,0.1774069368839264,0.05335968732833862,-0.04733683271504674,0.2349872589111328,0.06191223859786987,-0.046297428293001985,0.2100372314453125,0.04707282781600952,-0.03358611567117009,0.17778488993644714,0.038628995418548584,-0.02507573841310773,next
0.0,0.0,0.0,0.061660826206207275,-0.0853317379951477,0.024209745344251132,0.1443268060684204,-0.09307855367660522,0.03152052883478973,0.19525493681430817,-0.037818968296051025,0.03605006833049629,0.22538135945796967,0.01789933443069458,0.03850696433755729,0.18558280169963837,-0.13383838534355164,-0.0025867434455904004,0.2858647257089615,-0.15182864665985107,-0.003519413876801991,0.34303440153598785,-0.1599968671798706,0.0010994363105965022,0.388963058590889,-0.1691960096359253,0.00413590588095758,0.19619028270244598,-0.07346990704536438,-0.022221671301394963,0.3094722181558609,-0.07765048742294312,-0.03244935150769379,0.3760557621717453,-0.07494011521339417,-0.03540328692224648,0.42688776552677155,-0.07784819602966309,-0.03500096674588349,0.1947963684797287,-0.007718563079833984,-0.037924582022696995,0.29713551700115204,0.017039954662322998,-0.052562681842118764,0.35770852863788605,0.032634437084198,-0.06326379056599762,0.4039588123559952,0.03809911012649536,-0.06836770649579194,0.17876036465168,0.056784868240356445,-0.04913050856021073,0.2352703958749771,0.061174750328063965,-0.04833588923838761,0.2101384848356247,0.0444602370262146,-0.03554747055795815,0.17708449065685272,0.03547114133834839,-0.026795884478360676,next
0.0,0.0,0.0,0.06333154439926147,-0.08491519093513489,0.025508715025523543,0.1458817571401596,-0.09062659740447998,0.033187924138644576,0.19515781104564667,-0.034020066261291504,0.03772030603084886,0.2246556431055069,0.023764193058013916,0.03998064454589212,0.18578849732875824,-0.13354864716529846,0.0002307841752440254,0.28495989739894867,-0.1507968306541443,7.522669710624541e-05,0.3413301557302475,-0.15874618291854858,0.0048147534945996995,0.38689403235912323,-0.16830229759216309,0.007660820800253987,0.19689147174358368,-0.07433480024337769,-0.02021591160502112,0.30865077674388885,-0.07702454924583435,-0.029395075329205156,0.37411563098430634,-0.0739414393901825,-0.03276078943218863,0.4249267429113388,-0.07717844843864441,-0.032987890579363466,0.19544179737567902,-0.009469687938690186,-0.03674936462249434,0.29708485305309296,0.01664668321609497,-0.05110802669133818,0.3584616035223007,0.03288841247558594,-0.06287235561813986,0.4063662439584732,0.03843235969543457,-0.06909193638767874,0.17933298647403717,0.05479836463928223,-0.04860002715196288,0.23398585617542267,0.06068253517150879,-0.04769303817357695,0.20921902358531952,0.04550349712371826,-0.0353132056077925,0.17700840532779694,0.037262141704559326,-0.027177132480403543,next
0.0,0.0,0.0,0.0643896609544754,-0.08801054954528809,0.0255039719711192,0.14728979766368866,-0.10135906934738159,0.03348588327273205,0.19875523447990417,-0.05301564931869507,0.03822169209226445,0.22955551743507385,0.0005976557731628418,0.040810653365696226,0.18640965223312378,-0.13551899790763855,-0.0011616655313275714,0.28547143936157227,-0.15279918909072876,-0.002630550289978828,0.3420655429363251,-0.16056740283966064,0.0011324378508277277,0.38762590289115906,-0.16894522309303284,0.0036272796648688654,0.19659262895584106,-0.07497838139533997,-0.021666972540771212,0.3093104064464569,-0.07894796133041382,-0.030809626557385172,0.3757898211479187,-0.07686424255371094,-0.03366920223132297,0.4263715147972107,-0.07938745617866516,-0.03348415961161777,0.19465887546539307,-0.008413910865783691,-0.038274610989248004,0.29671138525009155,0.016497790813446045,-0.05124460776940509,0.356865793466568,0.03098428249359131,-0.06173217540279552,0.4030531048774719,0.03638625144958496,-0.06723511462703868,0.17793145775794983,0.057306647300720215,-0.0504920730520837,0.23417097330093384,0.06338095664978027,-0.04955626150265857,0.21209421753883362,0.0469171404838562,-0.03753861656085178,0.18204250931739807,0.037944674491882324,-0.029276526175891604,next
0.0,0.0,0.0,0.0630340725183487,-0.0841473937034607,0.023845994648240776,0.1447432041168213,-0.09111595153808594,0.030451381382249565,0.19466519355773926,-0.033738553524017334,0.03441818970134136,0.22452351450920105,0.02431708574295044,0.03628327864100811,0.18432140350341797,-0.13408583402633667,-0.0037608858768862774,0.28420570492744446,-0.150438129901886,-0.005088601458169251,0.34120869636535645,-0.1576070785522461,-0.0009198666306247105,0.38753941655158997,-0.16670942306518555,0.001561462798804314,0.1942005157470703,-0.07545030117034912,-0.023350602212644844,0.3068762421607971,-0.07752975821495056,-0.03418224883387211,0.37241920828819275,-0.07354208827018738,-0.03804935348341587,0.42331311106681824,-0.07602715492248535,-0.03858629820058468,0.19287565350532532,-0.01059955358505249,-0.03889173847744587,0.2957701086997986,0.01727396249771118,-0.05405830052802685,0.35704633593559265,0.033864617347717285,-0.06535028127143505,0.40472882986068726,0.03975266218185425,-0.07117382642934444,0.17727208137512207,0.05363929271697998,-0.04989827257702473,0.2334497570991516,0.06014752388000488,-0.04949277100274685,0.2081119418144226,0.04413193464279175,-0.03698070925781849,0.17574119567871094,0.035462796688079834,-0.02867665906558159,next
0.0,0.0,0.0,0.06236922740936279,-0.08842775225639343,0.023755786398083956,0.14468732476234436,-0.10068106651306152,0.030601357498795778,0.19633568823337555,-0.048841238021850586,0.035032685303718836,0.22692133486270905,0.005874574184417725,0.037581003659994394,0.18355830013751984,-0.13597431778907776,-0.005854535924612492,0.2837243229150772,-0.15400785207748413,-0.008306287771432608,0.3412725180387497,-0.16213196516036987,-0.004799632897942274,0.3874426335096359,-0.1704159379005432,-0.0022294158883084947,0.19304414093494415,-0.07517287135124207,-0.02458947019871971,0.3067946881055832,-0.07950663566589355,-0.03518693203326961,0.37392739951610565,-0.07662409543991089,-0.038007647341459005,0.4243609756231308,-0.07853177189826965,-0.03761076608893177,0.19199909269809723,-0.00858837366104126,-0.039207570797174185,0.2952006012201309,0.016521334648132324,-0.053450752592056006,0.3555595725774765,0.03151124715805054,-0.06371875906583568,0.4009293466806412,0.03727847337722778,-0.06868551725742122,0.1770540028810501,0.056639134883880615,-0.04937306473252079,0.2335187941789627,0.0623134970664978,-0.04855908880230686,0.20808152854442596,0.04402679204940796,-0.03592512810823223,0.17493413388729095,0.03342634439468384,-0.02718452790972492,next
0.0,0.0,0.0,0.061028361320495605,-0.08318793773651123,0.02634478911014071,0.14262962341308594,-0.0857807993888855,0.03335483736546507,0.1931220293045044,-0.02586650848388672,0.03762178859861365,0.2252770960330963,0.030590951442718506,0.03979260466249457,0.18424847722053528,-0.13289779424667358,-0.0037331395670605616,0.28410470485687256,-0.15007811784744263,-0.004107323557121845,0.3403092622756958,-0.15801870822906494,0.0009379701567979737,0.38605010509490967,-0.16731351613998413,0.004025587264465003,0.19406822323799133,-0.0740540623664856,-0.023810546927137466,0.3079177141189575,-0.07810443639755249,-0.03416067370025644,0.37402278184890747,-0.07483819127082825,-0.03756609567253122,0.4245065450668335,-0.07704818248748779,-0.03792215519396791,0.1922769844532013,-0.00892794132232666,-0.03937130429594049,0.2966505289077759,0.018775582313537598,-0.053740348748846145,0.3578464388847351,0.03609919548034668,-0.06482417889682779,0.4039795994758606,0.04306519031524658,-0.07068395622818002,0.17667412757873535,0.05553966760635376,-0.04998068892209062,0.23294758796691895,0.061551451683044434,-0.04803807669131288,0.20750179886817932,0.04358702898025513,-0.035249602131528945,0.17450401186943054,0.03308272361755371,-0.027113448910398574,next
0.0,0.0,0.0,0.06035540997982025,-0.08608013391494751,0.025325029561116708,0.1434013396501541,-0.09095463156700134,0.03306553460080863,0.19468992948532104,-0.03269946575164795,0.038010976681306374,0.22471600770950317,0.024537324905395508,0.040945216486051095,0.18493923544883728,-0.13658678531646729,-0.0006501096684417007,0.28462743759155273,-0.15398624539375305,-0.00026332133327855445,0.3406917154788971,-0.1621095836162567,0.00488384713773371,0.38617420196533203,-0.17174500226974487,0.007948395268812192,0.1948852241039276,-0.07766351103782654,-0.02048047870974301,0.30829471349716187,-0.08113473653793335,-0.029550172915861594,0.37418124079704285,-0.07853418588638306,-0.032616440734074104,0.4250257909297943,-0.08157128095626831,-0.03272742458264588,0.19296452403068542,-0.012646913528442383,-0.03630623646657227,0.2965531647205353,0.014696121215820312,-0.05009650864283799,0.3578786849975586,0.03162938356399536,-0.06149205618183373,0.40468451380729675,0.03835177421569824,-0.06749020197074174,0.17656725645065308,0.051441848278045654,-0.047458176097080695,0.2336515486240387,0.05844771862030029,-0.04571669601480721,0.2085479199886322,0.041675567626953125,-0.03323500656168221,0.1756109893321991,0.03227102756500244,-0.0251723384169793,next
0.0,0.0,0.0,0.06180034577846527,-0.08391496539115906,0.024669746356806854,0.1432853788137436,-0.08909872174263,0.03109986190756331,0.19317717850208282,-0.0329936146736145,0.03476963792999754,0.22419442236423492,0.0226210355758667,0.036075110035739044,0.18378044664859772,-0.1311362385749817,-0.004589651757129332,0.2831876128911972,-0.14745891094207764,-0.004993714903690716,0.33931247889995575,-0.1550235152244568,0.00029062772009069704,0.3843979984521866,-0.16437804698944092,0.0036139671697981157,0.193619504570961,-0.07145389914512634,-0.024737275717058083,0.3069651871919632,-0.07290130853652954,-0.03379020611683359,0.372235044836998,-0.06718027591705322,-0.035800786269106766,0.42201678454875946,-0.06750735640525818,-0.035192565572657486,0.19159258902072906,-0.006270349025726318,-0.040768568915524384,0.2937435954809189,0.020474731922149658,-0.054059767675795456,0.3546135276556015,0.03703564405441284,-0.06414656857887735,0.40144549310207367,0.04300522804260254,-0.06961904237905969,0.17509059607982635,0.05771911144256592,-0.052271341485180756,0.23073004186153412,0.06496310234069824,-0.05056785191337099,0.20557083189487457,0.04992854595184326,-0.037566275847353836,0.1725025624036789,0.041476547718048096,-0.029190165502228638,next
0.0,0.0,0.0,0.05921642482280731,-0.08599945902824402,0.025876442366097763,0.1397177278995514,-0.09343284368515015,0.03280836755857308,0.19150510430335999,-0.041586220264434814,0.03662219310626824,0.2232707142829895,0.012364029884338379,0.038150802650307014,0.18305176496505737,-0.13528868556022644,-0.0022528889358000015,0.28271210193634033,-0.1526651680469513,-0.003786493628467724,0.33942660689353943,-0.16014382243156433,9.325363771495176e-05,0.3854603171348572,-0.1675858497619629,0.002720547071476176,0.19389301538467407,-0.07726088166236877,-0.02267375176325004,0.30597132444381714,-0.08105945587158203,-0.03266953637375991,0.3721959590911865,-0.07832813262939453,-0.03580035602226417,0.423053503036499,-0.07989633083343506,-0.03578916897549789,0.19222545623779297,-0.012594103813171387,-0.03899304156675498,0.29553839564323425,0.01499408483505249,-0.05355164741649787,0.3570576310157776,0.03298443555831909,-0.06459284906759422,0.4040354788303375,0.0417025089263916,-0.07035692369117896,0.17570370435714722,0.051478445529937744,-0.05060997565760772,0.23130467534065247,0.06173592805862427,-0.0500304285205857,0.20621103048324585,0.04785817861557007,-0.03762195219769637,0.17355114221572876,0.040820300579071045,-0.029353113449360535,next
0.0,0.0,0.0,0.06007607281208038,-0.08393773436546326,0.023374145610773667,0.1401418298482895,-0.0935589075088501,0.029450054972016915,0.19118569791316986,-0.042160749435424805,0.03281663520499478,0.22309334576129913,0.012831389904022217,0.0340954193310381,0.18316484987735748,-0.13461396098136902,-0.004621691310262577,0.28164516389369965,-0.150468111038208,-0.006137700525528089,0.3377097100019455,-0.156815767288208,-0.002123607795169846,0.3828134983778,-0.16481313109397888,0.0004779520899091949,0.193429097533226,-0.07578486204147339,-0.024235470460212127,0.30488692224025726,-0.07613515853881836,-0.03411445976928462,0.3698333352804184,-0.07092851400375366,-0.03670586855844249,0.41963057219982147,-0.07208985090255737,-0.03640698106721629,0.1919616311788559,-0.01115959882736206,-0.03991704644397487,0.2915116399526596,0.016452312469482422,-0.05268949853018512,0.3506384342908859,0.033590078353881836,-0.06166974665359248,0.39650993049144745,0.04003340005874634,-0.06645687507227649,0.1755615919828415,0.052691102027893066,-0.05150779546931972,0.23054258525371552,0.0627945065498352,-0.04947304190829982,0.20574967563152313,0.049814045429229736,-0.03601366864279498,0.17373161017894745,0.042816340923309326,-0.027122410254037277,next
0.0,0.0,0.0,0.06134285032749176,-0.0895683765411377,0.021927627489418455,0.1419704705476761,-0.10558506846427917,0.027463829830736586,0.19468410313129425,-0.061095476150512695,0.030570841148943373,0.22673456370830536,-0.010257363319396973,0.03174954721376366,0.18185485899448395,-0.1335422396659851,-0.007806652936636738,0.2803240269422531,-0.1510481834411621,-0.011529622844903997,0.33668850362300873,-0.15913498401641846,-0.008920797392278246,0.38173674046993256,-0.16694700717926025,-0.006823601912259392,0.19165585935115814,-0.07288312911987305,-0.026462177991419367,0.304424449801445,-0.07656475901603699,-0.03686780041411453,0.37031905353069305,-0.07380115985870361,-0.039062402456551126,0.4197714179754257,-0.07559400796890259,-0.0383254506285482,0.19006894528865814,-0.0061342716217041016,-0.04135697638943725,0.29217006266117096,0.018710196018218994,-0.055229409843235544,0.351515993475914,0.03234457969665527,-0.06476535206988387,0.395788237452507,0.037168264389038086,-0.06947098231270843,0.17429490387439728,0.05943405628204346,-0.0521571666593843,0.23125655949115753,0.06569176912307739,-0.052187606006413034,0.20848478376865387,0.048133254051208496,-0.04024724593713813,0.17728637158870697,0.03773981332778931,-0.031842815935164026,next
0.0,0.0,0.0,0.058781981468200684,-0.08567449450492859,0.025840030197571195,0.13806363940238953,-0.09931102395057678,0.03275021459586469,0.19136342406272888,-0.05407994985580444,0.03665782805211393,0.22535929083824158,-0.0038192272186279297,0.0382411695612177,0.18140637874603271,-0.1359788179397583,-0.003932571358461701,0.28068894147872925,-0.1521385908126831,-0.007032615918149077,0.33735910058021545,-0.15914952754974365,-0.004202916606743656,0.3834380507469177,-0.16716498136520386,-0.0019635144560083972,0.19226250052452087,-0.07897159457206726,-0.024055627028872095,0.3042047619819641,-0.07966715097427368,-0.03481168005936297,0.36972475051879883,-0.07461026310920715,-0.03757092435233744,0.42025646567344666,-0.07517674565315247,-0.037101072113443934,0.19094249606132507,-0.01520538330078125,-0.040025763999153696,0.2930237650871277,0.01387721300125122,-0.054953438084055506,0.3533920347690582,0.032275378704071045,-0.06499443654291781,0.399758905172348,0.040215492248535156,-0.06985075477831515,0.1749897003173828,0.048382580280303955,-0.05133543987147959,0.2313806712627411,0.062098562717437744,-0.05057749230735453,0.2062564492225647,0.05065631866455078,-0.03738467101328524,0.17383018136024475,0.04439198970794678,-0.028353609930206858,next
0.0,0.0,0.0,0.05781430006027222,-0.08759593963623047,0.024753784364946796,0.13769681751728058,-0.09585690498352051,0.031166733778007938,0.18891625106334686,-0.043126463890075684,0.034937867498882724,0.22099752724170685,0.011061787605285645,0.03626511765170903,0.1811261624097824,-0.1330510675907135,-0.005182387237510966,0.27892477810382843,-0.150324285030365,-0.006300789234302329,0.3343234211206436,-0.16008859872817993,-0.002035294822491096,0.37877441942691803,-0.16990119218826294,0.0006194771965226664,0.19251148402690887,-0.07294678688049316,-0.024498267495147275,0.3040483146905899,-0.07589328289031982,-0.03351774665068774,0.3687601834535599,-0.07300543785095215,-0.035934774600974606,0.4174901992082596,-0.07482391595840454,-0.03580017986249118,0.19141153991222382,-0.007563531398773193,-0.039585838490239666,0.2935483902692795,0.017051756381988525,-0.05231887327980189,0.35402102768421173,0.031707167625427246,-0.06285784991931109,0.39932532608509064,0.03815352916717529,-0.06891249718617587,0.1759805828332901,0.05626535415649414,-0.050125258439294385,0.22853891551494598,0.06100261211395264,-0.048959149443618344,0.20436514914035797,0.04368716478347778,-0.0376224652166286,0.17283864319324493,0.03430604934692383,-0.030352555611244725,next
0.0,0.0,0.0,0.060440704226493835,-0.0897984504699707,0.024169489380625464,0.14069530367851257,-0.10107976198196411,0.030478970718291976,0.19209454953670502,-0.0506817102432251,0.0340045426159179,0.22434328496456146,0.003659963607788086,0.03553063386371491,0.1818486601114273,-0.13743215799331665,-0.003976075805070423,0.27916811406612396,-0.1531062126159668,-0.006714621919485353,0.3353721648454666,-0.16101068258285522,-0.004044378071370147,0.38131748139858246,-0.16864177584648132,-0.0022845511672073826,0.19248239696025848,-0.07791933417320251,-0.02324939368972423,0.3041149228811264,-0.07856258749961853,-0.033480469498130105,0.3698551207780838,-0.0743412971496582,-0.03674969485709312,0.42007704079151154,-0.07505571842193604,-0.037079509708377145,0.19148091971874237,-0.011741876602172852,-0.03854596278378608,0.2927291840314865,0.01626729965209961,-0.05151894352147224,0.35208506882190704,0.032115280628204346,-0.06103632262656333,0.3967941850423813,0.039228856563568115,-0.06617615408012512,0.17647691071033478,0.053143441677093506,-0.04963604769417884,0.2304050773382187,0.058677732944488525,-0.04807602650234344,0.20591126382350922,0.04155445098876953,-0.03565884045073631,0.17482177913188934,0.03259110450744629,-0.027418975147696756,next
0.0,0.0,0.0,0.0599728524684906,-0.08641839027404785,0.021352356935807393,0.14003394544124603,-0.09659737348556519,0.02604722854024999,0.1904677003622055,-0.045936524868011475,0.028182553763457463,0.22061334550380707,0.007368147373199463,0.02799954887754552,0.1822846680879593,-0.13005048036575317,-0.007424902000508382,0.2796793133020401,-0.1478269100189209,-0.011002399322620704,0.33606041967868805,-0.15683835744857788,-0.008852030445865466,0.3810131698846817,-0.16546332836151123,-0.007408192210874631,0.1931968778371811,-0.07023259997367859,-0.026566998397044017,0.30481596291065216,-0.07277649641036987,-0.03663745272629626,0.37034179270267487,-0.0691155195236206,-0.03959322843425639,0.41938789188861847,-0.07013139128684998,-0.03962045285575755,0.19154681265354156,-0.00518345832824707,-0.042050344233445,0.29391567409038544,0.01879674196243286,-0.05608565110438235,0.35485269129276276,0.033216774463653564,-0.06687275070422061,0.40038011968135834,0.03941768407821655,-0.07279445726149447,0.17526431381702423,0.05963641405105591,-0.053499278907708,0.22997407615184784,0.06683343648910522,-0.05462936434619792,0.2067413479089737,0.05153954029083252,-0.04370926815741427,0.17514865100383759,0.043184518814086914,-0.03617240611188777,next
0.0,0.0,0.0,0.05974288284778595,-0.08511513471603394,0.02498007441511163,0.13982728123664856,-0.09468689560890198,0.03159008050909051,0.1916855126619339,-0.0450589656829834,0.035163222501182645,0.22341181337833405,0.00776439905166626,0.03654452289094934,0.18167270720005035,-0.13512274622917175,-0.002791550321376235,0.27966879308223724,-0.15110617876052856,-0.004962388271337659,0.33557353913784027,-0.15806138515472412,-0.0017184207298441834,0.3815942257642746,-0.16613462567329407,0.0005057283943870061,0.19238422811031342,-0.0773627758026123,-0.022944976886606128,0.30406247079372406,-0.07926416397094727,-0.033566725751256854,0.36949221789836884,-0.07559609413146973,-0.03674143304476729,0.42068563401699066,-0.07752561569213867,-0.03659808387408248,0.1909247785806656,-0.012993276119232178,-0.039036953201389224,0.2937713712453842,0.014895498752593994,-0.05366255839714995,0.35397516191005707,0.033134520053863525,-0.06313004096398345,0.4006529599428177,0.041248440742492676,-0.0675537337864398,0.17460469901561737,0.051029205322265625,-0.05066035439620009,0.23283140361309052,0.06132650375366211,-0.04930166651854506,0.2076215296983719,0.04934227466583252,-0.035080590596294314,0.17484702169895172,0.04365110397338867,-0.025380065044259936,next
0.0,0.0,0.0,0.06034176051616669,-0.08642715215682983,0.023842733777996727,0.13954994082450867,-0.09791278839111328,0.029898897238012978,0.18982557952404022,-0.04841268062591553,0.03317325977229757,0.2213825136423111,0.004375576972961426,0.03414132861041708,0.18165789544582367,-0.13096529245376587,-0.006198283791604808,0.27951963245868683,-0.1483858823776245,-0.009076814673903755,0.3358745723962784,-0.15705269575119019,-0.005878692068222335,0.3811200112104416,-0.16572532057762146,-0.003598425578388742,0.19235099852085114,-0.0709189772605896,-0.02568834232545214,0.3042966276407242,-0.07370230555534363,-0.03621083083010035,0.36942650377750397,-0.06993746757507324,-0.03861756952858286,0.4183904081583023,-0.07142886519432068,-0.03798368903255778,0.19089846312999725,-0.005353868007659912,-0.04111207606649714,0.29201866686344147,0.019739627838134766,-0.054320696316722206,0.35140277445316315,0.03396344184875488,-0.06316000180697756,0.39628632366657257,0.039292991161346436,-0.06760266380763369,0.17444895207881927,0.058217644691467285,-0.05233320923900919,0.22906197607517242,0.0639529824256897,-0.05137098910665827,0.2051285058259964,0.048330068588256836,-0.03860979857302027,0.17353422939777374,0.0405082106590271,-0.029818599619034103,next
0.0,0.0,0.0,0.06026546657085419,-0.08776393532752991,0.024589374616226678,0.14101913571357727,-0.0967661440372467,0.0303788166040988,0.1929665058851242,-0.04541712999343872,0.03321799445100737,0.2254573553800583,0.008849263191223145,0.033756883769711976,0.1820172518491745,-0.1362830400466919,-0.0051320386571376275,0.2807244509458542,-0.15114450454711914,-0.00834771995297956,0.3373550623655319,-0.15865883231163025,-0.005724525590011353,0.3837404400110245,-0.16582059860229492,-0.003986638550230737,0.19338534772396088,-0.076876699924469,-0.02508540269784021,0.30587051808834076,-0.07833287119865417,-0.035769758791246886,0.3721667677164078,-0.07497933506965637,-0.039356039882221694,0.42292846739292145,-0.07622724771499634,-0.03999469620040941,0.19252078235149384,-0.010751426219940186,-0.04094098326615381,0.2955624610185623,0.01644033193588257,-0.055324578702965255,0.35620997846126556,0.03355616331100464,-0.06564241465977716,0.4018656760454178,0.042069852352142334,-0.07119876709631967,0.17747898399829865,0.054149627685546875,-0.0523390677278428,0.232542023062706,0.05856466293334961,-0.0519714188282876,0.20857535302639008,0.0439266562461853,-0.03976545301131296,0.17754541337490082,0.037672996520996094,-0.03164247241667795,next
0.0,0.0,0.0,0.06247401237487793,-0.08700093626976013,0.02362743874587636,0.14200027287006378,-0.09756460785865784,0.029792606062670757,0.1908908188343048,-0.045926570892333984,0.03288187941112142,0.22004583477973938,0.00946056842803955,0.03362637495197873,0.1818244457244873,-0.1309850811958313,-0.004116989508787583,0.2796235680580139,-0.14761146903038025,-0.006764967296788882,0.3361586332321167,-0.15644031763076782,-0.0036444161781616913,0.3813507556915283,-0.16549965739250183,-0.0014582924307831036,0.1931828260421753,-0.07114425301551819,-0.02375342214904208,0.304869145154953,-0.07355588674545288,-0.03349911684594531,0.3704288601875305,-0.07071313261985779,-0.035784168936828564,0.4197348952293396,-0.07297623157501221,-0.035039274789909314,0.19220861792564392,-0.005001664161682129,-0.039600490429023694,0.29340529441833496,0.0194433331489563,-0.052547785290101956,0.3532465696334839,0.033476948738098145,-0.06204029435716052,0.3984142541885376,0.038951337337493896,-0.06690171996555705,0.17599037289619446,0.05967634916305542,-0.051343208946804,0.2291531264781952,0.06525266170501709,-0.050622905441144894,0.20481017231941223,0.04978156089782715,-0.03829284275374789,0.17282414436340332,0.042805016040802,-0.029744489886383008,next
0.0,0.0,0.0,0.06150779128074646,-0.0855918824672699,0.024427984583383022,0.14248114824295044,-0.0968656837940216,0.03048710964918655,0.19405703246593475,-0.04924607276916504,0.0335463757842831,0.22581307590007782,0.0027146339416503906,0.034322394731646,0.1825890988111496,-0.13388463854789734,-0.00475481411143619,0.2814575284719467,-0.14955627918243408,-0.007515706379706444,0.3382561355829239,-0.15623977780342102,-0.004718615465606035,0.38455210626125336,-0.16404813528060913,-0.002805918014416875,0.1933879405260086,-0.07564249634742737,-0.025028099563712658,0.3054935187101364,-0.07831087708473206,-0.03525022908746678,0.3715672641992569,-0.07560905814170837,-0.03838348880111653,0.42205964028835297,-0.0786638855934143,-0.03848150491415936,0.1924106925725937,-0.01051551103591919,-0.04122159748970944,0.29514966905117035,0.017250478267669678,-0.055592914369697155,0.35587869584560394,0.034853219985961914,-0.06562737866937596,0.4020238369703293,0.04236525297164917,-0.07085284337102848,0.17668981850147247,0.0540921688079834,-0.05302640169560391,0.23301450908184052,0.0639757513999939,-0.05276132493912655,0.20745806396007538,0.051533281803131104,-0.039565761831397595,0.17395628988742828,0.045462191104888916,-0.030576520857209744,next
0.0,0.0,0.0,0.06074368953704834,-0.08687931299209595,0.026453754807448604,0.13986197113990784,-0.09739774465560913,0.03416392853353045,0.1901567280292511,-0.04763948917388916,0.0387068157443764,0.22168731689453125,0.00672757625579834,0.04117689927909396,0.1821119785308838,-0.13245409727096558,-0.0016261791450915553,0.2796880602836609,-0.14915341138839722,-0.00293498096186795,0.33566269278526306,-0.15640023350715637,0.0012922144388767265,0.38099291920661926,-0.16394901275634766,0.00440968287978194,0.19321990013122559,-0.07346680760383606,-0.021548357849383137,0.305365651845932,-0.0747995376586914,-0.030858072509431622,0.3708067834377289,-0.07118284702301025,-0.03249597275760152,0.42037150263786316,-0.07299518585205078,-0.031131398921274922,0.1921396255493164,-0.008450686931610107,-0.0372901904037235,0.2925242483615875,0.01944023370742798,-0.04903688380625226,0.35145968198776245,0.0351218581199646,-0.05699677864220121,0.3962337374687195,0.04122614860534668,-0.060720243548416875,0.1755748987197876,0.054633259773254395,-0.048680015896820805,0.23014941811561584,0.06474971771240234,-0.044831146543288014,0.20523464679718018,0.05043524503707886,-0.030285059531593106,0.173012375831604,0.04318082332611084,-0.02046340057756879,next
0.0,0.0,0.0,0.05846741795539856,-0.08888503909111023,0.02327073846177541,0.13846750557422638,-0.10179808735847473,0.029078825527591334,0.19073161482810974,-0.05642104148864746,0.03211806450204335,0.22382986545562744,-0.0048833489418029785,0.03298183266238652,0.1810755431652069,-0.13625794649124146,-0.0050286230055860415,0.2788458466529846,-0.1509879231452942,-0.008028277045326604,0.33524107933044434,-0.1576187014579773,-0.005454479566054715,0.38127750158309937,-0.164378821849823,-0.003589288413735403,0.19299328327178955,-0.07700389623641968,-0.023991894757585897,0.3048858642578125,-0.07754790782928467,-0.03329076509757556,0.37093716859817505,-0.07325959205627441,-0.035593471339183225,0.42156654596328735,-0.0743299126625061,-0.03528772931380786,0.19271546602249146,-0.011211991310119629,-0.03910823430700816,0.2937575578689575,0.016367614269256592,-0.05146685506983317,0.35358142852783203,0.03322017192840576,-0.0604253922013811,0.3987516462802887,0.04123711585998535,-0.06537213068290271,0.177806556224823,0.053052425384521484,-0.05022755157037295,0.23141023516654968,0.06159496307373047,-0.048882546683984174,0.20586198568344116,0.04772055149078369,-0.03626437749548472,0.17314201593399048,0.040931522846221924,-0.02778139602227725,next
0.0,0.0,0.0,0.060899242758750916,-0.08748996257781982,0.022372252619504707,0.14101184904575348,-0.09906503558158875,0.027161307013273017,0.19122879207134247,-0.04941082000732422,0.029338614395499008,0.22161348164081573,0.003615081310272217,0.029164503640174644,0.18201296031475067,-0.12973430752754211,-0.007934707836568577,0.2791625112295151,-0.1464470624923706,-0.011478515961528046,0.33529920876026154,-0.15456345677375793,-0.009241795786977036,0.38057248294353485,-0.16265466809272766,-0.007726557706803305,0.19297821819782257,-0.07029658555984497,-0.027129488685488923,0.30484913289546967,-0.07251030206680298,-0.037172986814141495,0.37066714465618134,-0.06884539127349854,-0.03962435449039958,0.41992513835430145,-0.07023999094963074,-0.03928993518030666,0.19173921644687653,-0.0050275325775146484,-0.04243621850883983,0.2945069521665573,0.020680248737335205,-0.05624982217824481,0.3553810864686966,0.03607398271560669,-0.0664129431036713,0.4006168991327286,0.042612552642822266,-0.07193052271878742,0.17595677077770233,0.06011003255844116,-0.05358099813139461,0.2308189421892166,0.06944549083709717,-0.05402734378850482,0.20618166029453278,0.054131925106048584,-0.04228350023305438,0.17306436598300934,0.045354604721069336,-0.03423654908812068,next
0.0,0.0,0.0,0.05959485471248627,-0.08486753702163696,0.022622382517710093,0.1406109482049942,-0.0925469696521759,0.027683871116295222,0.19215621054172516,-0.04107356071472168,0.03008175852502859,0.2244352549314499,0.012522697448730469,0.030163297679081325,0.1815980225801468,-0.13558822870254517,-0.005571363244399663,0.28016574680805206,-0.1497754156589508,-0.008194610227093335,0.3364221006631851,-0.15601283311843872,-0.005572137639120456,0.3826267570257187,-0.16351225972175598,-0.004046535335675117,0.19236980378627777,-0.07756441831588745,-0.025098716590747472,0.3039398044347763,-0.07892212271690369,-0.034966880206212636,0.36904262006282806,-0.07538732886314392,-0.038682007912740346,0.4198796898126602,-0.07795757055282593,-0.039661505941495534,0.19132556021213531,-0.012690246105194092,-0.04073217672501528,0.29440583288669586,0.015100240707397461,-0.05466623765622103,0.354715958237648,0.03309053182601929,-0.06491009307299578,0.40089602768421173,0.04124164581298828,-0.07076255393420183,0.17626310884952545,0.05147600173950195,-0.05217967343722307,0.2323436290025711,0.05863511562347412,-0.05172931191717112,0.20692990720272064,0.04667055606842041,-0.03896156487260782,0.17423050105571747,0.04152721166610718,-0.030645033095225926,next
0.0,0.0,0.0,0.06083075702190399,-0.08489790558815002,0.022534699624600307,0.13973812758922577,-0.09546804428100586,0.027242717778506176,0.18834029138088226,-0.045726478099823,0.02904864910823335,0.21811576187610626,0.0073125362396240234,0.02837309192699422,0.18044738471508026,-0.1283200979232788,-0.006940002107796772,0.277410551905632,-0.14538881182670593,-0.010487578363893135,0.3335932344198227,-0.1535211205482483,-0.008285776266632183,0.3785369247198105,-0.16109824180603027,-0.00685123449358116,0.1921137124300003,-0.06970083713531494,-0.026835185030279263,0.3034934848546982,-0.07237565517425537,-0.03682535935359965,0.3687967509031296,-0.06801116466522217,-0.03973270256238948,0.4171299785375595,-0.06799972057342529,-0.03972221214490901,0.1910247653722763,-0.005025923252105713,-0.04295738089996348,0.2931912690401077,0.020988762378692627,-0.05703526038843165,0.3542766124010086,0.03663301467895508,-0.06823785279112826,0.3997899740934372,0.043816983699798584,-0.07465907607394229,0.1753765493631363,0.060400545597076416,-0.05488985825496684,0.2275014966726303,0.07128268480300903,-0.0563950059207059,0.2031804472208023,0.05635058879852295,-0.045789186397371395,0.17081208527088165,0.047572970390319824,-0.03855568591671954,next
0.0,0.0,0.0,-0.059742748737335205,-0.10611361265182495,0.02210977166382122,-0.14405030012130737,-0.15651622414588928,0.027531913066781044,-0.2216365933418274,-0.1692899763584137,0.03039180725303936,-0.27384084463119507,-0.18129697442054749,0.02957294746724415,-0.1980382204055786,-0.1596706509590149,-0.010905329552912235,-0.3154025971889496,-0.1711403727531433,-0.02029413864525509,-0.3769129812717438,-0.17035803198814392,-0.02367657557638836,-0.4241868853569031,-0.16531109809875488,-0.02436523087831688,-0.2070942521095276,-0.09096378087997437,-0.0286954058757658,-0.33773037791252136,-0.10678595304489136,-0.03466058098288727,-0.40743523836135864,-0.10917732119560242,-0.037070553233348846,-0.45747849345207214,-0.10932669043540955,-0.038396231313669205,-0.20456868410110474,-0.014720022678375244,-0.042766782870018005,-0.32656773924827576,-0.0220603346824646,-0.04939981498333168,-0.39228391647338867,-0.027785301208496094,-0.055705461134635925,-0.43886134028434753,-0.033735811710357666,-0.06080429949375343,-0.19113445281982422,0.06259775161743164,-0.05323773198338699,-0.2761026620864868,0.04303961992263794,-0.058649487276994705,-0.29661825299263,0.028429687023162842,-0.054114937265836716,-0.30706727504730225,0.014654994010925293,-0.049448023965084076,previous
0.0,0.0,0.0,-0.05873143672943115,-0.10926064848899841,0.021126808147613474,-0.1433706283569336,-0.16023331880569458,0.025725097875778147,-0.2220231294631958,-0.1764327883720398,0.027836886714879938,-0.27526962757110596,-0.1931188404560089,0.026389175574962564,-0.19808870553970337,-0.16282528638839722,-0.012730186324830584,-0.31581661105155945,-0.1736610233783722,-0.02325232744615846,-0.3779831528663635,-0.1724877655506134,-0.02733979419272714,-0.4255521297454834,-0.16678351163864136,-0.028482787762101225,-0.20715153217315674,-0.09358802437782288,-0.030298432786281637,-0.33893442153930664,-0.11000111699104309,-0.037263203863318495,-0.41019701957702637,-0.1114886999130249,-0.04026737481754594,-0.4608636200428009,-0.11052441596984863,-0.04208169922631555,-0.20474034547805786,-0.01671731472015381,-0.04420858294170671,-0.32674068212509155,-0.02431243658065796,-0.050870918188508085,-0.3938453793525696,-0.02876812219619751,-0.056989647899087004,-0.4410403370857239,-0.03377443552017212,-0.062152348909791044,-0.1915276050567627,0.060616374015808105,-0.0547199775318461,-0.2771857976913452,0.04046666622161865,-0.06026529938381486,-0.30172064900398254,0.026408374309539795,-0.05643177450102144,-0.3163337707519531,0.01278984546661377,-0.052399851832802824,previous
0.0,0.0,0.0,-0.056638240814208984,-0.10679811239242554,0.022359068370832347,-0.13830852508544922,-0.1569938063621521,0.027999804220570468,-0.21485209465026855,-0.16962209343910217,0.031123085744155787,-0.26671433448791504,-0.1790674924850464,0.03035972533322706,-0.1976233720779419,-0.1615564227104187,-0.011052461475657083,-0.3156089186668396,-0.17358344793319702,-0.01956821712158785,-0.3770493268966675,-0.17318087816238403,-0.022404422186838246,-0.4241917133331299,-0.16844040155410767,-0.022800256632791616,-0.2074122428894043,-0.09157371520996094,-0.02866174946032629,-0.3382384777069092,-0.10741794109344482,-0.033648385800944425,-0.40721601247787476,-0.11065506935119629,-0.03548841471277342,-0.45654401183128357,-0.11170923709869385,-0.03649926478468046,-0.20459198951721191,-0.0142250657081604,-0.042445364542828656,-0.3268202245235443,-0.021401047706604004,-0.04890846753917799,-0.3923874497413635,-0.02813667058944702,-0.05570841128431425,-0.4385986924171448,-0.03434795141220093,-0.061220652558432676,-0.19042682647705078,0.0628020167350769,-0.05248725707136259,-0.2744254469871521,0.041206419467926025,-0.058075818367825605,-0.29199838638305664,0.025300145149230957,-0.05352641562424765,-0.29917845129966736,0.011480927467346191,-0.04879370624624357,previous
0.0,0.0,0.0,-0.05756038427352905,-0.10758322477340698,0.021743255609464995,-0.1414746642112732,-0.15674880146980286,0.026949486637306563,-0.2192091941833496,-0.16885900497436523,0.029831522086453788,-0.27150899171829224,-0.18175238370895386,0.028992558771562926,-0.19617408514022827,-0.16252288222312927,-0.012745881511079915,-0.3143656849861145,-0.17415279150009155,-0.021919739490556367,-0.37621837854385376,-0.17339137196540833,-0.024623655772018083,-0.42320388555526733,-0.16797322034835815,-0.02466304699163402,-0.2052290439605713,-0.0927395224571228,-0.030233242606925614,-0.3380591869354248,-0.10897591710090637,-0.03629883663933242,-0.40832090377807617,-0.11115100979804993,-0.03779858635942901,-0.45813068747520447,-0.11105799674987793,-0.038163787743258126,-0.20301955938339233,-0.015271961688995361,-0.04384473996441329,-0.3254229426383972,-0.022870898246765137,-0.05045279400627578,-0.39142879843711853,-0.02950531244277954,-0.055803532770084985,-0.43800386786460876,-0.03600209951400757,-0.06009501503984893,-0.18976503610610962,0.0626211166381836,-0.053851305565046914,-0.2739717960357666,0.04139643907546997,-0.058842695376085885,-0.28916019201278687,0.024662137031555176,-0.05270656110923255,-0.29350075125694275,0.010358691215515137,-0.046727216860460885,previous
0.0,0.0,0.0,-0.0574418306350708,-0.10674160718917847,0.02331135264387285,-0.13926410675048828,-0.15352827310562134,0.02932540169706499,-0.21374022960662842,-0.15830019116401672,0.03243589802434599,-0.26492440700531006,-0.1586025357246399,0.03164602472236311,-0.19826191663742065,-0.1619325578212738,-0.008816410500799066,-0.3166307508945465,-0.173615962266922,-0.017147600364182836,-0.3778877854347229,-0.1730499267578125,-0.01985185937235201,-0.4247969388961792,-0.16839677095413208,-0.02002506115684355,-0.20832842588424683,-0.09273263812065125,-0.026932099547479993,-0.3383520245552063,-0.10977709293365479,-0.03143388749310816,-0.40671879053115845,-0.11304959654808044,-0.03320063994476641,-0.45548972487449646,-0.1148766279220581,-0.03409591288516367,-0.20558524131774902,-0.015629708766937256,-0.041320286404584294,-0.32747912406921387,-0.02392101287841797,-0.047298777561877614,-0.3931812047958374,-0.029453635215759277,-0.054175719332192784,-0.43949514627456665,-0.03545492887496948,-0.059697754394505864,-0.1913975477218628,0.061562299728393555,-0.0519139912838682,-0.2754683494567871,0.03918337821960449,-0.05691150547215784,-0.2935534119606018,0.023318946361541748,-0.052135012757275945,-0.3014560341835022,0.009270846843719482,-0.047277264010403997,previous
0.0,0.0,0.0,-0.057450175285339355,-0.10669344663619995,0.022406747972837593,-0.13855880498886108,-0.15764084458351135,0.027466126194468643,-0.21550041437149048,-0.1703602373600006,0.030232862046233322,-0.2675812244415283,-0.1834588646888733,0.029038630834094192,-0.19592159986495972,-0.16137146949768066,-0.013028318585583065,-0.3138125240802765,-0.17325028777122498,-0.021718605944641922,-0.3752126693725586,-0.172701895236969,-0.024223483690747116,-0.4219626784324646,-0.1678224503993988,-0.024206555971630905,-0.20561444759368896,-0.09100416302680969,-0.03060981217933545,-0.33696553111076355,-0.10766187310218811,-0.03553876798761735,-0.4056375026702881,-0.11052277684211731,-0.036679988318809365,-0.45461687445640564,-0.1114458441734314,-0.037101877445110176,-0.20315945148468018,-0.013522028923034668,-0.044137490505107735,-0.3245239853858948,-0.022117912769317627,-0.05013509985221276,-0.39065325260162354,-0.029094278812408447,-0.05606006603849778,-0.4373027980327606,-0.03518664836883545,-0.06106734421265969,-0.18930459022521973,0.06406617164611816,-0.05387309339059243,-0.27216339111328125,0.04064375162124634,-0.05847068648947129,-0.28782176971435547,0.02279794216156006,-0.052592796796687935,-0.29317155480384827,0.007937371730804443,-0.04699115600598702,previous
0.0,0.0,0.0,-0.05445355176925659,-0.10691249370574951,0.021098362977397755,-0.1342676877975464,-0.15609806776046753,0.02587144705165656,-0.20878618955612183,-0.16066914796829224,0.02841428364325793,-0.26001352071762085,-0.1605692207813263,0.02706277440000804,-0.1949421763420105,-0.16324812173843384,-0.012657312912153884,-0.31371361017227173,-0.17480939626693726,-0.021488848378169223,-0.3753166198730469,-0.17405906319618225,-0.02425791067372529,-0.42216700315475464,-0.16902676224708557,-0.024340280567514583,-0.2046392560005188,-0.09272319078445435,-0.029652810891377612,-0.33610397577285767,-0.10903468728065491,-0.034998490710961505,-0.4047654867172241,-0.11189508438110352,-0.03677968611310689,-0.4533717632293701,-0.1127689778804779,-0.037478505869614764,-0.20206516981124878,-0.014793157577514648,-0.042831260015475436,-0.32538655400276184,-0.022836804389953613,-0.05002116714905469,-0.39068102836608887,-0.029698312282562256,-0.056875958343255206,-0.43662354350090027,-0.0354609489440918,-0.06204848294447629,-0.18829363584518433,0.06252181529998779,-0.05223698844503133,-0.2726629376411438,0.03764653205871582,-0.05807400425265996,-0.2872874438762665,0.019626140594482422,-0.05279885162900655,-0.2916622757911682,0.005616903305053711,-0.047301943649756595,previous
0.0,0.0,0.0,-0.05451691150665283,-0.10685500502586365,0.022283405897411512,-0.13442689180374146,-0.1564936339855194,0.028757653099688696,-0.20931732654571533,-0.16027551889419556,0.03289340333381574,-0.2602148652076721,-0.15936678647994995,0.03327620298901479,-0.19534868001937866,-0.163051038980484,-0.008205953153577639,-0.31249645352363586,-0.17496055364608765,-0.014840662578848196,-0.3723589777946472,-0.1745990514755249,-0.016486062767711473,-0.4180790185928345,-0.16986501216888428,-0.01598240724464972,-0.2060459852218628,-0.09219026565551758,-0.025035577925649477,-0.3354569971561432,-0.11094799637794495,-0.02920763670167048,-0.4035256505012512,-0.11463963985443115,-0.030758186342922045,-0.4525817036628723,-0.11538362503051758,-0.031150062667933298,-0.2039731740951538,-0.014258086681365967,-0.03807121990880091,-0.3235793113708496,-0.02452230453491211,-0.044215780782309366,-0.38762977719306946,-0.03216123580932617,-0.05092276735862811,-0.432873398065567,-0.03767615556716919,-0.05587963862976153,-0.19025671482086182,0.06255412101745605,-0.04727850212415774,-0.2715425491333008,0.03571784496307373,-0.051272486435976816,-0.2813883423805237,0.01758730411529541,-0.04454599051436503,-0.2809138894081116,0.0042264461517333984,-0.03809706597289164,previous
0.0,0.0,0.0,-0.05443757772445679,-0.1086181104183197,0.02198406845920431,-0.13530457019805908,-0.15869927406311035,0.027948207935622804,-0.2106386423110962,-0.1672016978263855,0.03155617394142496,-0.26198655366897583,-0.17234748601913452,0.03141930677585947,-0.19594699144363403,-0.16432425379753113,-0.010463121564754374,-0.3142309784889221,-0.17641156911849976,-0.018330758655139334,-0.37511444091796875,-0.17610478401184082,-0.020655952611633666,-0.42168158292770386,-0.17119640111923218,-0.02054113357669962,-0.20624512434005737,-0.09357824921607971,-0.027465110862323172,-0.3366585373878479,-0.1118328869342804,-0.032276995697685607,-0.40586817264556885,-0.11530792713165283,-0.034188177654215224,-0.4553036391735077,-0.11630696058273315,-0.0350034984142269,-0.20373594760894775,-0.015509068965911865,-0.04062576613731039,-0.3252316117286682,-0.025157451629638672,-0.047272347131439574,-0.3898162245750427,-0.03226518630981445,-0.05433237946934355,-0.4349903166294098,-0.03799903392791748,-0.05963171667761458,-0.1898084282875061,0.06143760681152344,-0.04995432145304335,-0.27262091636657715,0.036302149295806885,-0.05505254141397131,-0.28680676221847534,0.018413007259368896,-0.04977916575379027,-0.290622353553772,0.003924250602722168,-0.04435412234968794,previous
0.0,0.0,0.0,-0.051861464977264404,-0.10708558559417725,0.02154518788842097,-0.13057875633239746,-0.15795481204986572,0.028221541402615458,-0.20532888174057007,-0.16287845373153687,0.032823742685593515,-0.25520890951156616,-0.15914025902748108,0.033840195594109446,-0.19598770141601562,-0.1641615927219391,-0.007497118002049774,-0.3143758773803711,-0.17548799514770508,-0.012949300611637682,-0.37422633171081543,-0.1747869849205017,-0.013946979919694513,-0.41962122917175293,-0.1698421835899353,-0.01308206902655229,-0.20729279518127441,-0.09236198663711548,-0.02351648794325456,-0.3378535509109497,-0.11041125655174255,-0.027003618570290655,-0.40565750002861023,-0.11515751481056213,-0.02837786512287721,-0.4541289210319519,-0.11688730120658875,-0.028495737033210844,-0.20585817098617554,-0.013933897018432617,-0.03574965396734342,-0.3263906240463257,-0.023950934410095215,-0.041356614472590536,-0.39016395807266235,-0.033118605613708496,-0.04807108143182859,-0.43509334325790405,-0.0397835373878479,-0.0529320637306796,-0.19268947839736938,0.06219613552093506,-0.04420938590379819,-0.27361536026000977,0.0358356237411499,-0.04778413722129926,-0.28196901082992554,0.017762064933776855,-0.040880034359418005,-0.279792845249176,0.004364132881164551,-0.03416596228095159,previous
0.0,0.0,0.0,-0.055455923080444336,-0.10939189791679382,0.022284128653950575,-0.13798165321350098,-0.1593523621559143,0.02910758270616043,-0.21500927209854126,-0.17191100120544434,0.033617026123351934,-0.26697880029678345,-0.18200844526290894,0.034588768097705724,-0.19736146926879883,-0.1651819944381714,-0.007780576174013731,-0.3154382109642029,-0.176638662815094,-0.014012743768148539,-0.3757646083831787,-0.1761431097984314,-0.01558278505956423,-0.4216129779815674,-0.1708473563194275,-0.015163994443469164,-0.20769500732421875,-0.09326782822608948,-0.024445253473572848,-0.3375718593597412,-0.11148321628570557,-0.028442700442724345,-0.40571343898773193,-0.11583149433135986,-0.030034900692157862,-0.4544837176799774,-0.11725130677223206,-0.030487789821677325,-0.20556819438934326,-0.014505207538604736,-0.03732514479463589,-0.3265538811683655,-0.024342477321624756,-0.04334800043409359,-0.3911029100418091,-0.032534658908843994,-0.04995911293929112,-0.43652111291885376,-0.038742005825042725,-0.054934763398819086,-0.19211983680725098,0.06213730573654175,-0.046397012707643626,-0.27423590421676636,0.0365864634513855,-0.05080552869742405,-0.28485482931137085,0.01845395565032959,-0.04456244134610188,-0.28482699394226074,0.004247725009918213,-0.038375661757640955,previous
0.0,0.0,0.0,-0.055010855197906494,-0.1083674430847168,0.021343207869023217,-0.1371130347251892,-0.15798544883728027,0.02718903771349801,-0.21403217315673828,-0.16749784350395203,0.030758704009741678,-0.26539933681488037,-0.17452138662338257,0.030672167378753556,-0.19797152280807495,-0.16368716955184937,-0.009874920409828292,-0.3157710134983063,-0.17576926946640015,-0.017412169885545836,-0.37650182843208313,-0.1756383180618286,-0.019958918031960593,-0.42324382066726685,-0.1709219515323639,-0.020245798912554847,-0.20840305089950562,-0.09256172180175781,-0.026495150339513884,-0.337673157453537,-0.11055827140808105,-0.030773394790202246,-0.4058537483215332,-0.11530628800392151,-0.03263873332431899,-0.4547540247440338,-0.1174699068069458,-0.033623498913556205,-0.20627844333648682,-0.014414608478546143,-0.03941850834777938,-0.3281552791595459,-0.02452850341796875,-0.046188333120852576,-0.3934697210788727,-0.03227728605270386,-0.053664051976710425,-0.43928831815719604,-0.03799623250961304,-0.05938485735347854,-0.1928080916404724,0.06252503395080566,-0.04856859618118392,-0.27523505687713623,0.03709465265274048,-0.054198597606927024,-0.2897855043411255,0.0194472074508667,-0.04953380399635421,-0.2942926585674286,0.005463719367980957,-0.04459948935797797,previous
0.0,0.0,0.0,-0.05297708511352539,-0.10737884044647217,0.02206147237905043,-0.1314702033996582,-0.15723350644111633,0.027558184780559714,-0.20624828338623047,-0.16604384779930115,0.030645399906120474,-0.25645190477371216,-0.17332732677459717,0.02983206658848303,-0.19441789388656616,-0.16335779428482056,-0.01185110528729183,-0.3123963475227356,-0.17612150311470032,-0.020364459983625238,-0.373856782913208,-0.17618706822395325,-0.02307833769134504,-0.42093685269355774,-0.17088207602500916,-0.02310963385514242,-0.20505762100219727,-0.09352076053619385,-0.02906257510892374,-0.337526798248291,-0.1104101836681366,-0.034261666617908304,-0.40750953555107117,-0.11253148317337036,-0.03576706015280706,-0.4573245644569397,-0.11159390211105347,-0.036237746856727426,-0.20348185300827026,-0.016224205493927002,-0.042287085584916895,-0.32649198174476624,-0.02413719892501831,-0.048804596446075266,-0.3911113739013672,-0.030197858810424805,-0.05471705683282835,-0.43571197986602783,-0.034540653228759766,-0.05914742910078985,-0.1903228759765625,0.061499834060668945,-0.05177695714644415,-0.2749693989753723,0.03932851552963257,-0.05673676394633276,-0.28854435682296753,0.023163676261901855,-0.050467878959693735,-0.29073745012283325,0.010510563850402832,-0.044098791114606684,previous
0.0,0.0,0.0,-0.05658674240112305,-0.10794878005981445,0.02296937730622517,-0.1377297043800354,-0.15649938583374023,0.029080848288657535,-0.21244889497756958,-0.16224807500839233,0.032819927749159206,-0.2629678249359131,-0.1639639437198639,0.03285738181781994,-0.19480794668197632,-0.16276815533638,-0.010035317312059533,-0.31338179111480713,-0.17582106590270996,-0.017584605994699132,-0.3743586540222168,-0.175947368144989,-0.019250060352561604,-0.42048531770706177,-0.17156493663787842,-0.01847681488382591,-0.20541435480117798,-0.0919228196144104,-0.02716049264657272,-0.3368040919303894,-0.1109667420387268,-0.03182965788531078,-0.40533149242401123,-0.11582791805267334,-0.03268204528379215,-0.4536292850971222,-0.11846199631690979,-0.032411488625285756,-0.2037389874458313,-0.013750910758972168,-0.04034873742151035,-0.32575225830078125,-0.02260345220565796,-0.04672980952548755,-0.3899826407432556,-0.03001505136489868,-0.05272129449534191,-0.4346442222595215,-0.03672665357589722,-0.05702341619419826,-0.19045615196228027,0.0627484917640686,-0.04961072925019039,-0.2734529972076416,0.03747206926345825,-0.05389171737718357,-0.28405463695526123,0.02023768424987793,-0.047069690111158025,-0.28388041257858276,0.006888926029205322,-0.04039557549643291,previous
0.0,0.0,0.0,-0.05695295333862305,-0.1081385612487793,0.022087594039277292,-0.13936376571655273,-0.1569870114326477,0.02822955093486712,-0.2149975299835205,-0.16632652282714844,0.032132643751339174,-0.2653149366378784,-0.17466485500335693,0.032444718770221925,-0.19761794805526733,-0.160752534866333,-0.010012775183184885,-0.3144999146461487,-0.17370542883872986,-0.017549833737774634,-0.3756735920906067,-0.17414742708206177,-0.019468149625225806,-0.42233097553253174,-0.16989704966545105,-0.019068101875944876,-0.207710862159729,-0.08979767560958862,-0.026682213403745436,-0.336961954832077,-0.10852628946304321,-0.03167146862344339,-0.40541136264801025,-0.11358368396759033,-0.033034887619777464,-0.4541965126991272,-0.11627191305160522,-0.03317339391307428,-0.20540285110473633,-0.012063682079315186,-0.03951319725112512,-0.32550492882728577,-0.020445048809051514,-0.046253771044774794,-0.3899931013584137,-0.0274239182472229,-0.05290546686248376,-0.4348621964454651,-0.03332817554473877,-0.05763746843533113,-0.19133031368255615,0.06396687030792236,-0.04850813419417932,-0.2728421092033386,0.040273845195770264,-0.052948743559880995,-0.28425681591033936,0.024160921573638916,-0.04678031102614,-0.2846810221672058,0.011464536190032959,-0.04058467269734933,previous
0.0,0.0,0.0,-0.05993145704269409,-0.10616660118103027,0.020982462139443214,-0.1469203233718872,-0.15820205211639404,0.02531104830057984,-0.22781527042388916,-0.18145880103111267,0.027686887578681763,-0.2806586027145386,-0.20851457118988037,0.02667700421960717,-0.19646084308624268,-0.16090986132621765,-0.014706192380174343,-0.31443411111831665,-0.1729314923286438,-0.02399372945575351,-0.37561893463134766,-0.17281699180603027,-0.026765893055483048,-0.4221106171607971,-0.16848480701446533,-0.027035132823868935,-0.2045571208000183,-0.08931463956832886,-0.0314756509199583,-0.336997389793396,-0.10466140508651733,-0.03786304856686229,-0.40669095516204834,-0.1080399751663208,-0.039428467704340164,-0.45551806688308716,-0.10972568392753601,-0.04011326174287433,-0.202256977558136,-0.010978162288665771,-0.04433696235565776,-0.3266856074333191,-0.017944693565368652,-0.05154647196678752,-0.3921046853065491,-0.025020956993103027,-0.05704663957504863,-0.43784239888191223,-0.03136998414993286,-0.06148522238282794,-0.1895633339881897,0.06582731008529663,-0.05352687726764316,-0.27454233169555664,0.04257488250732422,-0.0589477557971918,-0.2910314202308655,0.02570343017578125,-0.053739971323295777,-0.2975013852119446,0.011354267597198486,-0.04856183643488521,previous
0.0,0.0,0.0,-0.061125755310058594,-0.10605928301811218,0.02392447198084824,-0.1473449468612671,-0.1567077934741974,0.029197950086512492,-0.22602736949920654,-0.1781800389289856,0.03190010058037274,-0.27805018424987793,-0.2039230465888977,0.030833540654697345,-0.19424253702163696,-0.1604245901107788,-0.013978577048561647,-0.3123014569282532,-0.17284265160560608,-0.022846659475050046,-0.37286895513534546,-0.17252260446548462,-0.02472558973082073,-0.4186667799949646,-0.16826334595680237,-0.024155860596380307,-0.20147252082824707,-0.08979678153991699,-0.032341554590544774,-0.3349614143371582,-0.10593727231025696,-0.03849301842697628,-0.4053291976451874,-0.10885661840438843,-0.03957994637735851,-0.4550507366657257,-0.10963550209999084,-0.039751678534827306,-0.1983964443206787,-0.012010574340820312,-0.04640243557938106,-0.3229721188545227,-0.0194510817527771,-0.05359660444506176,-0.38955506682395935,-0.025745749473571777,-0.05904427526243694,-0.4361533522605896,-0.031539082527160645,-0.0632308570826865,-0.18491101264953613,0.06526672840118408,-0.05640029890187748,-0.27201467752456665,0.04113894701004028,-0.061424951829991414,-0.2888121008872986,0.02329176664352417,-0.05540977773912914,-0.2947008013725281,0.008395493030548096,-0.049626055934510305,previous
0.0,0.0,0.0,-0.05996817350387573,-0.10600274801254272,0.023155878389133022,-0.14551085233688354,-0.1566278636455536,0.027916462251795338,-0.22429585456848145,-0.1776852309703827,0.030320399531973408,-0.27639442682266235,-0.20192229747772217,0.0287726177814136,-0.1921188235282898,-0.16096046566963196,-0.015651945864902927,-0.3097982406616211,-0.17243963479995728,-0.02533523636137147,-0.37070345878601074,-0.1714470088481903,-0.027934526002155735,-0.41665637493133545,-0.1659846007823944,-0.027831421142565205,-0.19905591011047363,-0.09026652574539185,-0.033843991255508854,-0.3322243392467499,-0.10540598630905151,-0.040475242680059864,-0.40212059020996094,-0.10767567157745361,-0.04177585700725217,-0.4511212110519409,-0.10754480957984924,-0.04218690926407476,-0.1960194706916809,-0.01225823163986206,-0.04778876239632268,-0.32078346610069275,-0.019964098930358887,-0.05571401203249593,-0.3871622085571289,-0.026295602321624756,-0.06157835284446378,-0.43335121870040894,-0.032021522521972656,-0.06610542619799276,-0.18313050270080566,0.06582796573638916,-0.05765377441619535,-0.26978087425231934,0.04407244920730591,-0.06376744890783925,-0.28651726245880127,0.026824653148651123,-0.05838667685364385,-0.29252490401268005,0.011968076229095459,-0.05304633910034795,previous
0.0,0.0,0.0,-0.06200575828552246,-0.10431447625160217,0.022574504749883317,-0.14817965030670166,-0.15504679083824158,0.02680520332049241,-0.22657018899917603,-0.1743297278881073,0.028812086122144365,-0.2803490459918976,-0.19523638486862183,0.027275452302802705,-0.1891498565673828,-0.1616242527961731,-0.01566642904091964,-0.3070131540298462,-0.17303353548049927,-0.02573638045598159,-0.36727094650268555,-0.1720336675643921,-0.028310451744090415,-0.41223597526550293,-0.16667288541793823,-0.027881778864156104,-0.19538533687591553,-0.09100598096847534,-0.03394717359353194,-0.32878732681274414,-0.10705333948135376,-0.041548997251283026,-0.3987298011779785,-0.10861369967460632,-0.042936340061913825,-0.4480855464935303,-0.10699492692947388,-0.04299028226543555,-0.1928168535232544,-0.01245027780532837,-0.04814248540807853,-0.31691229343414307,-0.022551000118255615,-0.056944534270058966,-0.38271674513816833,-0.02960580587387085,-0.06273972624350677,-0.4290504455566406,-0.034763216972351074,-0.06687315189648757,-0.18118298053741455,0.06620126962661743,-0.0582731739561666,-0.2657703161239624,0.040896058082580566,-0.06419682138968597,-0.2780832052230835,0.023266077041625977,-0.05781047054935584,-0.2799621820449829,0.010479629039764404,-0.051652111200581885,previous
0.0,0.0,0.0,-0.0583038330078125,-0.10618633031845093,0.02346078374611693,-0.140569269657135,-0.15569567680358887,0.028219717305177028,-0.21541827917099,-0.1687788963317871,0.030616636138432796,-0.2672693133354187,-0.17954686284065247,0.029156776826852138,-0.18787145614624023,-0.15980809926986694,-0.0165211681909625,-0.3070850372314453,-0.17294394969940186,-0.026824715796834653,-0.3687170743942261,-0.172684907913208,-0.02907701513541383,-0.4146844148635864,-0.1668621301651001,-0.02818122996760053,-0.19521009922027588,-0.09003317356109619,-0.03502414493632955,-0.3297216296195984,-0.10750257968902588,-0.043177169997221654,-0.4013102054595947,-0.10971608757972717,-0.04444778083635015,-0.4517059922218323,-0.10803097486495972,-0.04407534121347112,-0.19261384010314941,-0.01225137710571289,-0.04921149580550832,-0.31810444593429565,-0.02400529384613037,-0.058660985220200246,-0.3851827383041382,-0.03086388111114502,-0.06481525047493619,-0.431890070438385,-0.03515201807022095,-0.06861965848875684,-0.1800209879875183,0.06570327281951904,-0.05909994362664861,-0.2662582993507385,0.038958728313446045,-0.06531066193056745,-0.28120410442352295,0.020146965980529785,-0.058981278229481404,-0.2847285270690918,0.006667792797088623,-0.05248678221178693,previous
0.0,0.0,0.0,-0.057815372943878174,-0.1043960452079773,0.023223753903351962,-0.14146459102630615,-0.15144816040992737,0.029593350250564754,-0.21650481224060059,-0.16166162490844727,0.03373409051104659,-0.2671927809715271,-0.169945627450943,0.03397301572962874,-0.19114536046981812,-0.15866178274154663,-0.012590786557353795,-0.30855971574783325,-0.1703481674194336,-0.020561199750460446,-0.37039560079574585,-0.17031154036521912,-0.021943580474413693,-0.41763144731521606,-0.1647210717201233,-0.020936742540158093,-0.2007603645324707,-0.08812692761421204,-0.030342524986423314,-0.3324582576751709,-0.10396167635917664,-0.03727627929643518,-0.4033690392971039,-0.10697364807128906,-0.03860846545890695,-0.4544251561164856,-0.10674422979354858,-0.03801423322752839,-0.19935351610183716,-0.010003924369812012,-0.0438445286114586,-0.3218955993652344,-0.019192039966583252,-0.05286132555798417,-0.38802680373191833,-0.027567684650421143,-0.05948471662000543,-0.4356031119823456,-0.03312927484512329,-0.06342588004068261,-0.1864032745361328,0.06723850965499878,-0.05310881149367219,-0.26911479234695435,0.04073148965835571,-0.05848154064611322,-0.27552491426467896,0.02272498607635498,-0.050782516713894665,-0.27101194858551025,0.010321855545043945,-0.04311421897605783,previous
0.0,0.0,0.0,-0.05785191059112549,-0.10488852858543396,0.024485255368034586,-0.14113301038742065,-0.15373632311820984,0.03043127875773166,-0.2159487009048462,-0.17037853598594666,0.03348073434082721,-0.2650981545448303,-0.18649569153785706,0.032488782666604266,-0.1925715208053589,-0.1601281762123108,-0.013186199814100519,-0.3103407025337219,-0.17407384514808655,-0.022287962250430837,-0.3711457848548889,-0.17480570077896118,-0.024607501216252103,-0.4165472388267517,-0.1705978512763977,-0.024310914091785207,-0.2011566162109375,-0.09106922149658203,-0.03208316046746518,-0.3342955708503723,-0.10856333374977112,-0.03805619034918095,-0.40449222922325134,-0.11198389530181885,-0.03972618583591725,-0.4537737965583801,-0.11230546236038208,-0.04031134698541905,-0.19806891679763794,-0.013900518417358398,-0.0466818914190128,-0.32280468940734863,-0.021889686584472656,-0.05364258516581799,-0.3888254165649414,-0.02825188636779785,-0.05998747725041653,-0.43473970890045166,-0.033729493618011475,-0.06485143233092572,-0.18425095081329346,0.0632062554359436,-0.05721445310862805,-0.2710112929344177,0.039900362491607666,-0.06285297054799344,-0.2887660562992096,0.022832930088043213,-0.05788331408055569,-0.2955898344516754,0.008875429630279541,-0.0527573034540012,previous
0.0,0.0,0.0,-0.060267746448516846,-0.10748282074928284,0.02510979205439412,-0.144944965839386,-0.1584809422492981,0.031104471460679406,-0.2220650315284729,-0.17857202887535095,0.034385280609825486,-0.27380526065826416,-0.19789403676986694,0.03367919653723561,-0.19319134950637817,-0.16232141852378845,-0.012674827202459937,-0.3109724819660187,-0.17577889561653137,-0.02138238593866504,-0.3713127374649048,-0.17609715461730957,-0.023438720106383926,-0.41650721430778503,-0.1722317934036255,-0.022879783137938148,-0.2012265920639038,-0.09188494086265564,-0.03134206131031192,-0.3340948820114136,-0.10833778977394104,-0.036772629319926864,-0.40323254466056824,-0.11160171031951904,-0.03776299029519237,-0.4512852430343628,-0.11268484592437744,-0.03785795539548076,-0.19829463958740234,-0.013815522193908691,-0.045692989676496154,-0.3232324719429016,-0.021859407424926758,-0.052986757903596526,-0.3897963762283325,-0.028618693351745605,-0.059488775282403594,-0.43589508533477783,-0.0346529483795166,-0.06431960135628856,-0.18492525815963745,0.06346923112869263,-0.05571599498321689,-0.2716482877731323,0.039234936237335205,-0.06126755297114528,-0.2883228361606598,0.022432327270507812,-0.05594561815192378,-0.29403936862945557,0.00853419303894043,-0.05054800033499873,previous
0.0,0.0,0.0,-0.06111931800842285,-0.10696253180503845,0.023211025123345053,-0.14523911476135254,-0.15887486934661865,0.028122578237997686,-0.22216707468032837,-0.17809247970581055,0.030398991380678808,-0.27532118558883667,-0.19750896096229553,0.028983923097001707,-0.19266319274902344,-0.16176384687423706,-0.013440823692036474,-0.309027761220932,-0.1758425533771515,-0.023560199464810694,-0.36949434876441956,-0.17632660269737244,-0.026833496566069925,-0.41537776589393616,-0.17250704765319824,-0.027207146908295954,-0.20014852285385132,-0.09188371896743774,-0.0319855823620685,-0.3317131996154785,-0.1098318099975586,-0.03925006608213266,-0.4016125202178955,-0.11304166913032532,-0.04145312453354677,-0.45119741559028625,-0.11321139335632324,-0.042493735949648226,-0.19686490297317505,-0.014283478260040283,-0.0465167961522468,-0.32039034366607666,-0.023633718490600586,-0.054375199179304445,-0.3846887946128845,-0.030407965183258057,-0.0600949316724666,-0.42974889278411865,-0.0363578200340271,-0.06441537807430109,-0.18336701393127441,0.06320101022720337,-0.05716086695636591,-0.2699965834617615,0.03883129358291626,-0.06299678752864679,-0.28758755326271057,0.02233898639678955,-0.05762048209751924,-0.2945828437805176,0.00906670093536377,-0.052201138387573565,previous
0.0,0.0,0.0,-0.059294164180755615,-0.1075592041015625,0.02379745833013658,-0.1426330804824829,-0.157810777425766,0.029444987246733945,-0.2176104187965393,-0.17346757650375366,0.03239030979011659,-0.2688590884208679,-0.18834781646728516,0.03145641676519517,-0.19046473503112793,-0.16218805313110352,-0.012946771165388782,-0.3085070848464966,-0.1759103536605835,-0.02239467919434901,-0.3696143627166748,-0.17649877071380615,-0.025013845121520717,-0.4155682325363159,-0.1715840995311737,-0.02472873747910853,-0.19873839616775513,-0.0928853452205658,-0.031530512204426486,-0.3312166929244995,-0.11013853549957275,-0.03825859137441512,-0.40162956714630127,-0.11214053630828857,-0.04003225796486731,-0.45170456171035767,-0.11056631803512573,-0.04048470192219611,-0.19629454612731934,-0.0153542160987854,-0.04596200369860526,-0.31944966316223145,-0.025160610675811768,-0.05376590200330611,-0.3844560384750366,-0.031752169132232666,-0.059805364986914356,-0.4299010932445526,-0.03672760725021362,-0.06411702715422507,-0.18368470668792725,0.0628441572189331,-0.056354364087837894,-0.2692321538925171,0.038834214210510254,-0.06199710228111144,-0.28363001346588135,0.021840453147888184,-0.05589575850035544,-0.2867888808250427,0.008870720863342285,-0.049764977475661,previous
0.0,0.0,0.0,-0.060032427310943604,-0.10664364695549011,0.023707999086866494,-0.14263397455215454,-0.15758872032165527,0.028290692887196656,-0.21735960245132446,-0.1750413179397583,0.03015322255242836,-0.2687966227531433,-0.19252607226371765,0.02807594852794182,-0.18996381759643555,-0.16043591499328613,-0.015389837154259567,-0.3075703978538513,-0.17499232292175293,-0.026105925270428543,-0.3685229420661926,-0.17644119262695312,-0.02924587188016403,-0.4141572415828705,-0.17206662893295288,-0.029137139969577674,-0.19719231128692627,-0.09085854887962341,-0.03448477184127796,-0.3308989405632019,-0.10886746644973755,-0.04259666224669445,-0.4014713764190674,-0.11167529225349426,-0.044413318687190895,-0.4513547420501709,-0.11065143346786499,-0.04471761157464016,-0.19390028715133667,-0.01341712474822998,-0.04934836720775593,-0.31891775131225586,-0.024043738842010498,-0.058060051702966575,-0.3846946060657501,-0.031465768814086914,-0.06342703273247707,-0.4303790330886841,-0.03729754686355591,-0.06706579198788631,-0.18073910474777222,0.06457877159118652,-0.06015182083200443,-0.26845604181289673,0.03899186849594116,-0.06618240644883144,-0.2852174639701843,0.02035290002822876,-0.05978171696614254,-0.29039812088012695,0.006072402000427246,-0.05335461890052784,previous
0.0,0.0,0.0,-0.057645976543426514,-0.10610109567642212,0.024223609565581228,-0.13955175876617432,-0.1557077169418335,0.03077093392499819,-0.21419024467468262,-0.1686178743839264,0.03490926019736662,-0.2640564441680908,-0.17980176210403442,0.035146915091957,-0.1906566619873047,-0.15893864631652832,-0.012777641677473639,-0.3067505955696106,-0.17417949438095093,-0.02077933333924875,-0.3678244352340698,-0.17600607872009277,-0.022156023682271098,-0.4139203429222107,-0.1718950867652893,-0.021041757689033602,-0.20000368356704712,-0.08933436870574951,-0.030888176785026644,-0.3306785821914673,-0.10698139667510986,-0.03728369929007158,-0.40060311555862427,-0.11035579442977905,-0.03780429370812044,-0.45045867562294006,-0.11006128787994385,-0.03686546094826326,-0.19801253080368042,-0.012204229831695557,-0.044614496902738665,-0.3203004002571106,-0.02315366268157959,-0.05297929726651773,-0.38449716567993164,-0.03146040439605713,-0.05850981481484041,-0.4296017289161682,-0.036662280559539795,-0.061787947342907046,-0.1843574047088623,0.06488841772079468,-0.054080392495905016,-0.26788032054901123,0.03867900371551514,-0.05883908949903116,-0.2746240496635437,0.020904123783111572,-0.05062181808165178,-0.26960331201553345,0.009114086627960205,-0.04262553461006746,previous
0.0,0.0,0.0,-0.05872446298599243,-0.10510081052780151,0.023683769241699792,-0.14395833015441895,-0.15485653281211853,0.02948405554963074,-0.2212315797805786,-0.17369139194488525,0.03300577922237835,-0.2729852795600891,-0.1939023733139038,0.03279646633637867,-0.19132351875305176,-0.1605808436870575,-0.01402461567448654,-0.3087092638015747,-0.17393243312835693,-0.022454698025455855,-0.3702172338962555,-0.17470324039459229,-0.024082325785627745,-0.4164692759513855,-0.17048126459121704,-0.023245489611497305,-0.19928473234176636,-0.0897250771522522,-0.032059280588498495,-0.33177292346954346,-0.105374276638031,-0.03842991070376911,-0.4014848470687866,-0.10863414406776428,-0.0391168244324831,-0.4505575895309448,-0.1093883216381073,-0.03860367314445057,-0.19683712720870972,-0.01154470443725586,-0.04575078041779079,-0.3208104968070984,-0.019844412803649902,-0.05346511529313602,-0.38555222749710083,-0.02845686674118042,-0.058523590131869696,-0.43112146854400635,-0.03517317771911621,-0.06199066565858402,-0.18369877338409424,0.06587916612625122,-0.055342423184981726,-0.2685006856918335,0.04057556390762329,-0.06025685594903507,-0.27869969606399536,0.02175682783126831,-0.0528700746737627,-0.27795106172561646,0.007807135581970215,-0.04575465471970119,previous
0.0,0.0,0.0,-0.061208367347717285,-0.10370057821273804,0.021870645396859345,-0.1458648443222046,-0.15408283472061157,0.026029950641543564,-0.22226375341415405,-0.17237365245819092,0.027879872061760125,-0.27369004487991333,-0.19109320640563965,0.025892930739075837,-0.18928802013397217,-0.1590428352355957,-0.01597900811538011,-0.30718398094177246,-0.17323550581932068,-0.02566585067614824,-0.3678281903266907,-0.17539438605308533,-0.028347238264530006,-0.41369494795799255,-0.17326980829238892,-0.028350173793285194,-0.1971248984336853,-0.08850961923599243,-0.03415382031306535,-0.33066147565841675,-0.10510385036468506,-0.0408789565037182,-0.40088677406311035,-0.10848250985145569,-0.04293582338794977,-0.45062708854675293,-0.10929930210113525,-0.04385214421853334,-0.19475847482681274,-0.010501265525817871,-0.04820055264934808,-0.31944915652275085,-0.019939780235290527,-0.05604802567467004,-0.3854665160179138,-0.027864396572113037,-0.06252397719725877,-0.4318512976169586,-0.034107089042663574,-0.06760440889701158,-0.18237340450286865,0.06682848930358887,-0.05837107945188791,-0.26744163036346436,0.04080772399902344,-0.06460720423564226,-0.28007772564888,0.02252143621444702,-0.05914256472095758,-0.2822570204734802,0.009111285209655762,-0.05374146748289377,previous
0.0,0.0,0.0,-0.06074279546737671,-0.10459265112876892,0.021861684409401505,-0.14595961570739746,-0.15367338061332703,0.026229550031445115,-0.22203707695007324,-0.16991668939590454,0.028285966155550568,-0.2731238007545471,-0.18780359625816345,0.026518248853705018,-0.1899700164794922,-0.15879899263381958,-0.016216383414842994,-0.30751726031303406,-0.17309466004371643,-0.02610786362228623,-0.3681395649909973,-0.17570972442626953,-0.028805556806304367,-0.41390132904052734,-0.1739843189716339,-0.02872467330334416,-0.19798904657363892,-0.08842754364013672,-0.03439682452616921,-0.33171015977859497,-0.10497677326202393,-0.04158352045951119,-0.40252676606178284,-0.10871270298957825,-0.04375129668650857,-0.4528137743473053,-0.10967537760734558,-0.044515577244141014,-0.19558143615722656,-0.010657012462615967,-0.04842151431975594,-0.32049280405044556,-0.01958298683166504,-0.05683522029457322,-0.38659292459487915,-0.027530789375305176,-0.06357011674580804,-0.432905375957489,-0.0337597131729126,-0.0684789466732525,-0.1827840805053711,0.06648498773574829,-0.05851823939619294,-0.26864391565322876,0.04146146774291992,-0.06501719831166497,-0.281536728143692,0.023284494876861572,-0.059586149739601524,-0.28357094526290894,0.009849905967712402,-0.05400350047884217,previous
0.0,0.0,0.0,-0.059855759143829346,-0.10551103949546814,0.02173449635179736,-0.14362061023712158,-0.15645205974578857,0.02578805923135974,-0.21970707178115845,-0.17394164204597473,0.027533093240577955,-0.2706040143966675,-0.1914672553539276,0.025321157422382612,-0.18869179487228394,-0.1581772267818451,-0.017320933047216158,-0.3058868944644928,-0.17295801639556885,-0.027499664801638346,-0.3661156892776489,-0.17729204893112183,-0.030549274984281283,-0.41183438897132874,-0.1775335967540741,-0.03077516168681882,-0.19708842039108276,-0.08828020095825195,-0.03547659352747701,-0.3308393955230713,-0.10599809885025024,-0.042435722652356844,-0.40197813510894775,-0.11063125729560852,-0.04481145575968526,-0.45240548253059387,-0.11238756775856018,-0.046035731438081484,-0.19496047496795654,-0.011362552642822266,-0.049394676688592654,-0.3193485140800476,-0.020827114582061768,-0.05745025933114789,-0.38527795672416687,-0.028789937496185303,-0.06448451266018651,-0.4311538338661194,-0.03464019298553467,-0.06989141390053533,-0.18248456716537476,0.06434494256973267,-0.0594154654475858,-0.26835495233535767,0.039113402366638184,-0.06568940565315984,-0.28059959411621094,0.02129960060119629,-0.06043620616523526,-0.2818901240825653,0.008789896965026855,-0.055190956446807604,previous
0.0,0.0,0.0,-0.05736178159713745,-0.10766112804412842,0.02289899117621985,-0.14073991775512695,-0.15912538766860962,0.028415285566183,-0.21788263320922852,-0.176834374666214,0.03175865351531115,-0.2692120671272278,-0.19513720273971558,0.0313736708399972,-0.1901441216468811,-0.1604771912097931,-0.01453504007932338,-0.3068680763244629,-0.17529284954071045,-0.023240562013057797,-0.36749961972236633,-0.1778014898300171,-0.025113017714289754,-0.4128774106502533,-0.17525172233581543,-0.0243734581830779,-0.19945377111434937,-0.08972412347793579,-0.03190297023084554,-0.33156728744506836,-0.10722121596336365,-0.037841045713690846,-0.4016689360141754,-0.11126312613487244,-0.03882427648332509,-0.4504709541797638,-0.11205682158470154,-0.03864047438528928,-0.19733548164367676,-0.012470841407775879,-0.04497970775392446,-0.32010382413864136,-0.022040724754333496,-0.052303308105734914,-0.3850287199020386,-0.030725181102752686,-0.05825187028077039,-0.4300500452518463,-0.03682124614715576,-0.06246481970575246,-0.18409746885299683,0.06298518180847168,-0.05399653822806272,-0.26722419261932373,0.035986363887786865,-0.058946979648140996,-0.27979224920272827,0.017085671424865723,-0.052801833904055684,-0.28187769651412964,0.003547847270965576,-0.04666858301189336,previous
0.0,0.0,0.0,-0.05828356742858887,-0.10762220621109009,0.022732467134062517,-0.1434289813041687,-0.15704798698425293,0.029531855810944307,-0.22116172313690186,-0.1733580231666565,0.03430420041507887,-0.27309489250183105,-0.19165226817131042,0.03565859303301977,-0.1918838620185852,-0.16196328401565552,-0.010209325957532656,-0.3080301582813263,-0.17616355419158936,-0.016757293860848677,-0.36847639083862305,-0.17804577946662903,-0.017403864558275473,-0.4145762622356415,-0.1749509572982788,-0.015901492233808767,-0.20219284296035767,-0.09088367223739624,-0.027015364985402357,-0.332658588886261,-0.10876530408859253,-0.03274219601922823,-0.40200549364089966,-0.11309459805488586,-0.03321415677243067,-0.4520818293094635,-0.11426833271980286,-0.03188114732080294,-0.20154154300689697,-0.012533605098724365,-0.03971282511525942,-0.3225533366203308,-0.021942615509033203,-0.047692508693273794,-0.38616687059402466,-0.030850470066070557,-0.0530769166308005,-0.4318780303001404,-0.03650480508804321,-0.056064763362940084,-0.1889626383781433,0.06448537111282349,-0.048345682467754614,-0.270599901676178,0.03569668531417847,-0.05212853595190836,-0.27281659841537476,0.017956435680389404,-0.04293632253580881,-0.2643890976905823,0.006490051746368408,-0.03419411673718287,previous
0.0,0.0,0.0,-0.058604300022125244,-0.10708805918693542,0.023714342975921454,-0.1432807445526123,-0.15676596760749817,0.03008787881762487,-0.2199392318725586,-0.175799161195755,0.033852644154734435,-0.270779013633728,-0.19709515571594238,0.03387738008231622,-0.19138950109481812,-0.16148120164871216,-0.011716283967786012,-0.30697113275527954,-0.17713159322738647,-0.019989138579063592,-0.3675917983055115,-0.17949944734573364,-0.02213111344545382,-0.41386687755584717,-0.17685216665267944,-0.02187585655420321,-0.20120114088058472,-0.09171634912490845,-0.029675262158804117,-0.33184751868247986,-0.10983863472938538,-0.035273376962237535,-0.40219080448150635,-0.11363807320594788,-0.03674672927527922,-0.45268166065216064,-0.11428588628768921,-0.03717309992580908,-0.19938647747039795,-0.014693915843963623,-0.043441239854388414,-0.32125285267829895,-0.023703455924987793,-0.05006495129137534,-0.38535618782043457,-0.03164941072463989,-0.05568665277033347,-0.4305798411369324,-0.037741243839263916,-0.05992680053978461,-0.1864359974861145,0.061521947383880615,-0.05328749503760832,-0.27050256729125977,0.0364421010017395,-0.05776241805224913,-0.28450655937194824,0.018880128860473633,-0.051496930530362306,-0.28795889019966125,0.00556790828704834,-0.04545978840261,previous
